/*!999999\- enable the sandbox mode */ 
-- MariaDB dump 10.19  Distrib 10.6.18-MariaDB, for debian-linux-gnu (x86_64)
--
-- Host: localhost    Database: usk
-- ------------------------------------------------------
-- Server version	10.6.18-MariaDB-0ubuntu0.22.04.1

/*!40101 SET @OLD_CHARACTER_SET_CLIENT=@@CHARACTER_SET_CLIENT */;
/*!40101 SET @OLD_CHARACTER_SET_RESULTS=@@CHARACTER_SET_RESULTS */;
/*!40101 SET @OLD_COLLATION_CONNECTION=@@COLLATION_CONNECTION */;
/*!40101 SET NAMES utf8mb4 */;
/*!40103 SET @OLD_TIME_ZONE=@@TIME_ZONE */;
/*!40103 SET TIME_ZONE='+00:00' */;
/*!40014 SET @OLD_UNIQUE_CHECKS=@@UNIQUE_CHECKS, UNIQUE_CHECKS=0 */;
/*!40014 SET @OLD_FOREIGN_KEY_CHECKS=@@FOREIGN_KEY_CHECKS, FOREIGN_KEY_CHECKS=0 */;
/*!40101 SET @OLD_SQL_MODE=@@SQL_MODE, SQL_MODE='NO_AUTO_VALUE_ON_ZERO' */;
/*!40111 SET @OLD_SQL_NOTES=@@SQL_NOTES, SQL_NOTES=0 */;

--
-- Table structure for table `expenditures`
--

DROP TABLE IF EXISTS `expenditures`;
/*!40101 SET @saved_cs_client     = @@character_set_client */;
/*!40101 SET character_set_client = utf8 */;
CREATE TABLE `expenditures` (
  `id` int(11) NOT NULL AUTO_INCREMENT,
  `amount` float NOT NULL,
  `payment_date` datetime NOT NULL,
  `payment_reference` varchar(100) NOT NULL,
  `paid_to_who` varchar(255) NOT NULL,
  `remarks` text NOT NULL,
  `uuid` varchar(100) NOT NULL,
  `created_by` int(11) NOT NULL,
  `created_at` datetime NOT NULL DEFAULT current_timestamp(),
  `updated_at` datetime NOT NULL DEFAULT current_timestamp() ON UPDATE current_timestamp(),
  `financial_year_id` int(11) NOT NULL DEFAULT 1,
  PRIMARY KEY (`id`)
) ENGINE=InnoDB AUTO_INCREMENT=4 DEFAULT CHARSET=utf8mb3 COLLATE=utf8mb3_general_ci;
/*!40101 SET character_set_client = @saved_cs_client */;

--
-- Dumping data for table `expenditures`
--

LOCK TABLES `expenditures` WRITE;
/*!40000 ALTER TABLE `expenditures` DISABLE KEYS */;
INSERT INTO `expenditures` VALUES (1,130000,'2025-05-04 00:00:00','225IBFT251240531','Fortunatus Shao','payment for catering service during the meeting on 04th May 2025','9ed80bc2-236f-48e9-8d75-ab61960c9046',8,'2025-05-06 07:57:53','2025-05-06 07:57:53',1),(2,120000,'2025-06-29 00:00:00','225IBFT251800011','Fortunatus Shao','meals','9f456051-7ff0-4dd0-aef4-f4f10e308172',8,'2025-06-29 16:19:35','2025-06-29 16:19:35',1),(3,200000,'2025-07-01 00:00:00','225IBFT251820015','Luhangano Lupenza','25 k domain & 175k server. (annually)','9f499c82-213c-43ec-aa51-a5d430230b9c',8,'2025-07-01 18:51:12','2025-07-01 18:51:12',1);
/*!40000 ALTER TABLE `expenditures` ENABLE KEYS */;
UNLOCK TABLES;

--
-- Table structure for table `failed_jobs`
--

DROP TABLE IF EXISTS `failed_jobs`;
/*!40101 SET @saved_cs_client     = @@character_set_client */;
/*!40101 SET character_set_client = utf8 */;
CREATE TABLE `failed_jobs` (
  `id` bigint(20) unsigned NOT NULL AUTO_INCREMENT,
  `uuid` varchar(255) NOT NULL,
  `connection` text NOT NULL,
  `queue` text NOT NULL,
  `payload` longtext NOT NULL,
  `exception` longtext NOT NULL,
  `failed_at` timestamp NOT NULL DEFAULT current_timestamp(),
  PRIMARY KEY (`id`),
  UNIQUE KEY `failed_jobs_uuid_unique` (`uuid`)
) ENGINE=InnoDB AUTO_INCREMENT=50 DEFAULT CHARSET=utf8mb4 COLLATE=utf8mb4_unicode_ci;
/*!40101 SET character_set_client = @saved_cs_client */;

--
-- Dumping data for table `failed_jobs`
--

LOCK TABLES `failed_jobs` WRITE;
/*!40000 ALTER TABLE `failed_jobs` DISABLE KEYS */;
/*!40000 ALTER TABLE `failed_jobs` ENABLE KEYS */;
UNLOCK TABLES;

--
-- Table structure for table `fee_past_dues`
--

DROP TABLE IF EXISTS `fee_past_dues`;
/*!40101 SET @saved_cs_client     = @@character_set_client */;
/*!40101 SET character_set_client = utf8 */;
CREATE TABLE `fee_past_dues` (
  `id` int(11) NOT NULL AUTO_INCREMENT,
  `member_id` int(11) NOT NULL,
  `fee_for_month` varchar(100) NOT NULL,
  `past_due_days` int(11) NOT NULL DEFAULT 0,
  `penalty` float NOT NULL,
  `penalty_paid` float NOT NULL DEFAULT 0,
  `paid_status` tinyint(1) NOT NULL DEFAULT 0,
  `current_balance` float NOT NULL DEFAULT 0,
  `outstanding_amount` float NOT NULL DEFAULT 0,
  `last_paid_amount` float NOT NULL DEFAULT 0,
  `payment_id` int(11) DEFAULT NULL,
  `uuid` varchar(100) NOT NULL,
  `created_at` timestamp NOT NULL DEFAULT current_timestamp(),
  `updated_at` timestamp NOT NULL DEFAULT current_timestamp() ON UPDATE current_timestamp(),
  `financial_year_id` int(11) NOT NULL DEFAULT 1,
  PRIMARY KEY (`id`)
) ENGINE=InnoDB AUTO_INCREMENT=67 DEFAULT CHARSET=utf8mb3 COLLATE=utf8mb3_general_ci;
/*!40101 SET character_set_client = @saved_cs_client */;

--
-- Dumping data for table `fee_past_dues`
--

LOCK TABLES `fee_past_dues` WRITE;
/*!40000 ALTER TABLE `fee_past_dues` DISABLE KEYS */;
INSERT INTO `fee_past_dues` VALUES (1,13,'January 2024',28,42000,42000,1,42000,0,81000,61,'9b785ff3-0371-4af3-92f3-2f23f9b6603b','2024-02-02 00:40:28','2024-04-12 21:21:10',1),(3,13,'February 2024',26,39000,39000,1,39000,0,39000,61,'9baaa7b3-c2fd-4537-b456-33fb443cba77','2024-03-03 23:58:01','2024-04-12 21:21:10',1),(7,11,'April 2024',4,6000,6000,1,6000,0,6000,77,'9bf91c18-314e-439a-92f2-879a7aedc626','2024-05-01 23:50:03','2024-05-06 18:27:08',1),(8,13,'April 2024',23,34500,34500,1,34500,0,4500,101,'9c1f54c7-885d-42e6-8729-2835f8136403','2024-05-01 23:50:03','2024-05-27 13:07:28',1),(9,9,'May 2024',1,1500,1500,1,1500,0,1500,131,'9c316fa1-ddb6-47c5-894d-c60a88f5ca31','2024-06-01 23:50:04','2024-07-14 16:27:02',1),(10,10,'May 2024',11,16500,16500,1,16500,0,16500,112,'9c458d7d-433e-4c5c-81fc-8404aa65eff2','2024-06-01 23:50:04','2024-06-13 18:55:19',1),(11,8,'June 2024',4,6000,6000,1,6000,0,6000,140,'9c73d220-e604-406b-8444-afd705082b0b','2024-07-02 23:50:03','2024-07-29 19:19:56',1),(12,10,'June 2024',16,24000,24000,1,24000,0,25500,255,'9c8bf5ed-62a5-4ae1-8810-bacceb43ef1c','2024-07-02 23:50:03','2024-12-21 23:00:23',1),(13,13,'August 2024',4,6000,6000,1,6000,0,6000,173,'9cf08b22-142b-40b5-a357-73d819031925','2024-09-02 23:50:03','2024-09-06 10:25:36',1),(14,8,'September 2024',8,12000,12000,1,12000,0,3500,212,'9d34f096-ffb1-466d-9b73-3012f00e893c','2024-10-02 23:50:05','2024-11-02 02:10:57',1),(15,13,'September 2024',1,1500,1500,1,1500,0,1500,190,'9d26dbb7-2731-4c5b-b797-1a27c788d82e','2024-10-02 23:50:05','2024-10-03 20:41:42',1),(16,9,'October 2024',9,13500,13500,1,13500,0,13500,222,'9d755012-ca29-4d68-a830-e434507bed97','2024-11-03 04:50:04','2024-11-11 17:01:53',1),(17,10,'October 2024',1,1500,1500,1,1500,0,1500,255,'9d653838-1c92-4257-9e61-e69c58b3eb94','2024-11-03 04:50:04','2024-12-21 23:00:23',1),(18,9,'November 2024',29,43500,4500,1,4500,39000,4500,233,'9dd9e549-0491-48cd-81bf-daec06d92d5b','2024-12-03 05:50:04','2024-12-31 05:50:02',1),(19,12,'November 2024',29,43500,9000,1,9000,34500,9000,235,'9dd9e549-192c-467f-b971-ecb7e7be15b1','2024-12-03 05:50:04','2024-12-31 05:50:02',1),(20,11,'November 2024',29,43500,16500,1,16500,27000,16500,246,'9dd9e549-13f0-4225-858b-e10644d72032','2024-12-03 05:50:04','2024-12-31 05:50:02',1),(21,13,'November 2024',29,43500,28500,1,28500,15000,28500,249,'9dd9e549-1cdc-4939-8098-9c4b4dcd1932','2024-12-03 05:50:04','2024-12-31 05:50:02',1),(22,1,'November 2024',29,43500,0,0,0,43500,0,NULL,'9dd9e548-f314-40ff-a8e7-283de7c0dde9','2024-12-25 05:50:04','2024-12-31 05:50:02',1),(23,8,'November 2024',29,43500,0,0,0,43500,0,NULL,'9dd9e549-00db-46d5-9e0d-669d035fe28e','2024-12-25 05:50:04','2024-12-31 05:50:02',1),(24,10,'November 2024',29,43500,0,0,0,43500,0,NULL,'9dd9e549-0c07-4f90-83ec-c5f0689083ac','2024-12-25 05:50:04','2024-12-31 05:50:02',1),(25,1,'December 2024',11,16500,0,0,0,16500,0,NULL,'9df340f7-0453-4aa7-8b3e-84e0e9967f5c','2025-01-03 05:50:01','2025-01-12 20:22:05',1),(26,9,'December 2024',11,16500,0,0,0,16500,0,NULL,'9df340f7-1035-4ffd-8e1c-24181e6cea71','2025-01-03 05:50:01','2025-01-12 20:22:05',1),(27,12,'December 2024',11,16500,0,0,0,16500,0,NULL,'9df340f7-6c29-4922-a6c9-6db295eab4c1','2025-01-03 05:50:01','2025-01-12 20:22:05',1),(28,11,'December 2024',11,16500,0,0,0,16500,0,NULL,'9df340f7-62cf-48e4-b822-b801023c0b11','2025-01-03 05:50:01','2025-01-12 20:22:05',1),(29,10,'December 2024',11,16500,0,0,0,16500,0,NULL,'9df340f7-596b-4a2d-aafc-ce2759c44734','2025-01-03 05:50:01','2025-01-12 20:22:05',1),(30,13,'December 2024',11,16500,0,0,0,16500,0,NULL,'9df340f7-75d3-4191-a419-f3740771a3f5','2025-01-03 05:50:01','2025-01-12 20:22:05',1),(31,8,'December 2024',5,7500,0,0,0,7500,0,NULL,'9de7fa2c-bfe2-4db7-b4d7-7b0adbad9284','2025-01-03 05:50:01','2025-01-07 05:50:02',1),(32,1,'December 2024',6,9000,9000,1,9000,0,9000,263,'9de9fd27-b5f1-4e4a-9978-01b97062121b','2025-01-07 05:22:01','2025-01-08 18:11:54',2),(33,8,'December 2024',6,9000,9000,1,9000,0,9000,272,'9de9fd27-c255-48c1-b0f8-321d5c1d0d67','2025-01-07 05:22:02','2025-01-09 03:59:17',2),(34,9,'December 2024',6,9000,9000,1,9000,0,9000,266,'9de9fd27-c3df-42a1-a70c-65ad2da6690f','2025-01-07 05:22:02','2025-01-09 00:04:11',2),(35,10,'December 2024',11,16500,16500,1,16500,0,16500,398,'9df34372-81eb-4492-8914-ab7e5ca4d973','2025-01-07 05:22:02','2025-06-20 13:11:34',2),(36,11,'December 2024',30,45000,45000,1,45000,0,45000,300,'9e1a44c5-942d-4a2d-b5ce-2895df84db86','2025-01-07 05:22:02','2025-02-07 17:24:35',2),(37,12,'December 2024',28,42000,42000,1,42000,0,42000,290,'9e163ecf-19c7-4267-9bcf-11ff82a97f2d','2025-01-07 05:22:02','2025-01-30 20:24:05',2),(38,13,'December 2024',30,45000,45000,1,45000,0,45000,341,'9e1a44c5-9d92-4111-88fe-99628ce69af1','2025-01-07 05:22:02','2025-04-26 20:13:18',2),(39,12,'January 2025',25,37500,37500,1,37500,0,37500,406,'9e4e925d-3515-4e03-aafa-912c10074b43','2025-02-02 22:50:01','2025-06-29 13:52:57',2),(40,13,'January 2025',27,40500,40500,1,40500,0,40500,347,'9e529854-296c-4032-892c-ccd8a936ff45','2025-02-02 22:50:01','2025-04-26 20:13:59',2),(41,8,'February 2025',2,3000,3000,1,3000,0,3000,373,'9e58a148-46f6-43ff-bb69-c7f2fb3bbfa7','2025-03-02 22:50:02','2025-05-04 15:37:53',2),(42,9,'February 2025',4,6000,6000,1,6000,0,6000,312,'9e5ca740-f968-4fc4-8ff2-2bad7468b7fb','2025-03-02 22:50:02','2025-03-06 10:22:00',2),(43,13,'February 2025',27,40500,40500,1,40500,0,40500,348,'9e8aebe3-34a7-4f1f-88d0-6972d1c3c070','2025-03-02 22:50:02','2025-04-26 20:14:22',2),(44,8,'March 2025',2,3000,3000,1,3000,0,3000,374,'9e96fdcb-3eca-4fb4-a88c-a803f9c6e8d1','2025-04-02 21:50:02','2025-05-04 15:38:02',2),(45,13,'March 2025',29,43500,43500,1,43500,0,36000,348,'9ecd4e5e-3cbc-4c87-9eb8-6929eae7cd01','2025-04-02 21:50:02','2025-05-28 19:16:38',2),(46,8,'April 2025',2,3000,3000,1,3000,0,3000,375,'9ed35751-7b9f-4088-8c96-e4fe5c4d8b13','2025-05-02 21:50:03','2025-05-04 15:38:10',2),(48,13,'May 2025',29,43500,43500,1,43500,0,85500,427,'9f480466-91c5-4798-a816-0ca50a520376','2025-06-12 21:50:02','2025-07-30 13:58:45',2),(53,13,'June 2025',28,42000,42000,1,42000,0,42000,427,'9f825af0-b6cd-409c-886e-531b9107b5b8','2025-07-02 20:50:02','2025-07-30 13:58:45',2),(54,10,'July 2025',30,45000,0,0,0,45000,0,NULL,'9fc4bd6c-796c-4d55-9a6c-67dbd33ea231','2025-08-02 20:50:04','2025-08-31 20:50:04',2),(55,13,'July 2025',21,31500,31500,1,31500,0,42000,476,'9fb2a28f-cc3d-40dc-9410-420671738965','2025-08-02 20:50:04','2025-10-01 04:48:55',2),(56,8,'August 2025',7,10500,10500,1,10500,0,10500,460,'9fd4d54b-6dc9-42c8-803b-33fd95542b2a','2025-09-02 20:50:04','2025-09-09 11:30:47',2),(57,10,'August 2025',29,43500,0,0,0,43500,0,NULL,'a00116f1-6a1b-47f5-9fec-cac7e2765379','2025-09-02 20:50:04','2025-09-30 20:50:03',2),(58,13,'August 2025',29,43500,42000,0,42000,1500,31500,477,'a00116f1-8e89-49b2-9fb1-483ff64cb1b6','2025-09-20 20:50:02','2025-10-01 04:49:02',2),(59,10,'September 2025',29,43500,0,0,0,43500,0,NULL,'a03d7077-3434-45be-a26b-31e22b9c79cf','2025-10-02 20:50:03','2025-10-30 20:50:03',2),(60,8,'October 2025',10,15000,15000,1,15000,0,15000,509,'a0559446-c6e8-4ede-bebb-02d501db5caa','2025-11-02 20:50:02','2025-11-12 19:06:50',2),(61,9,'October 2025',29,43500,43500,1,43500,0,43500,526,'a07bccf8-9e14-4912-afba-c8aa32c8740e','2025-11-02 20:50:02','2025-12-03 17:05:51',2),(62,10,'October 2025',9,13500,0,0,0,13500,0,NULL,'a0539149-b4c4-45c2-980c-a687f538140c','2025-11-02 20:50:02','2025-11-10 20:50:02',2),(63,13,'October 2025',29,43500,0,0,0,43500,0,NULL,'a07bccf8-b0c8-4247-aca3-6c7e5f249118','2025-11-20 20:50:03','2025-11-30 20:50:02',2),(64,8,'November 2025',1,1500,0,0,0,1500,0,NULL,'a07fd2ef-3911-42d1-8936-60a504c3f2c5','2025-12-02 20:50:01','2025-12-02 20:50:01',2),(65,9,'November 2025',12,18000,1500,1,1500,16500,1500,526,'a095f3c3-5a21-40f3-a263-2b380b8d71ed','2025-12-02 20:50:01','2025-12-13 20:50:02',2),(66,13,'November 2025',20,30000,0,0,0,30000,0,NULL,'a0a60ba3-30bd-4011-96c3-12f0df7aab89','2025-12-02 20:50:01','2025-12-21 20:50:02',2);
/*!40000 ALTER TABLE `fee_past_dues` ENABLE KEYS */;
UNLOCK TABLES;

--
-- Table structure for table `financial_years`
--

DROP TABLE IF EXISTS `financial_years`;
/*!40101 SET @saved_cs_client     = @@character_set_client */;
/*!40101 SET character_set_client = utf8 */;
CREATE TABLE `financial_years` (
  `id` bigint(20) unsigned NOT NULL AUTO_INCREMENT,
  `name` varchar(255) NOT NULL,
  `start_date` date NOT NULL,
  `end_date` date NOT NULL,
  `is_active` tinyint(1) NOT NULL DEFAULT 1,
  `created_at` timestamp NULL DEFAULT NULL,
  `updated_at` timestamp NULL DEFAULT NULL,
  `deleted_at` timestamp NULL DEFAULT NULL,
  PRIMARY KEY (`id`)
) ENGINE=InnoDB AUTO_INCREMENT=3 DEFAULT CHARSET=utf8mb4 COLLATE=utf8mb4_unicode_ci;
/*!40101 SET character_set_client = @saved_cs_client */;

--
-- Dumping data for table `financial_years`
--

LOCK TABLES `financial_years` WRITE;
/*!40000 ALTER TABLE `financial_years` DISABLE KEYS */;
INSERT INTO `financial_years` VALUES (1,'2023/2024','2023-12-20','2024-12-20',0,'2023-12-20 09:04:00','2024-12-24 22:29:03',NULL),(2,'2024/2025','2024-12-20','2025-12-20',1,'2024-12-24 22:29:03','2024-12-24 22:29:03',NULL);
/*!40000 ALTER TABLE `financial_years` ENABLE KEYS */;
UNLOCK TABLES;

--
-- Table structure for table `id_types`
--

DROP TABLE IF EXISTS `id_types`;
/*!40101 SET @saved_cs_client     = @@character_set_client */;
/*!40101 SET character_set_client = utf8 */;
CREATE TABLE `id_types` (
  `id` int(11) NOT NULL AUTO_INCREMENT,
  `name` varchar(20) NOT NULL,
  `created_at` timestamp NOT NULL DEFAULT current_timestamp(),
  `updated_at` timestamp NOT NULL DEFAULT current_timestamp() ON UPDATE current_timestamp(),
  PRIMARY KEY (`id`)
) ENGINE=InnoDB AUTO_INCREMENT=3 DEFAULT CHARSET=utf8mb3 COLLATE=utf8mb3_general_ci;
/*!40101 SET character_set_client = @saved_cs_client */;

--
-- Dumping data for table `id_types`
--

LOCK TABLES `id_types` WRITE;
/*!40000 ALTER TABLE `id_types` DISABLE KEYS */;
INSERT INTO `id_types` VALUES (1,'National Id','2023-03-28 19:41:11','2023-03-28 19:41:11'),(2,'Driving Licence','2023-03-28 19:41:11','2023-03-28 19:41:11');
/*!40000 ALTER TABLE `id_types` ENABLE KEYS */;
UNLOCK TABLES;

--
-- Table structure for table `installments`
--

DROP TABLE IF EXISTS `installments`;
/*!40101 SET @saved_cs_client     = @@character_set_client */;
/*!40101 SET character_set_client = utf8 */;
CREATE TABLE `installments` (
  `id` int(11) NOT NULL AUTO_INCREMENT,
  `installment_no` int(11) NOT NULL,
  `installment_amount` float NOT NULL,
  `current_balance` float DEFAULT 0,
  `outstanding_amount` float NOT NULL,
  `penalt_amount` float NOT NULL DEFAULT 0,
  `past_due_days` int(11) NOT NULL DEFAULT 0,
  `past_due_amount` float DEFAULT NULL,
  `penalt_amount_paid` float DEFAULT 0,
  `last_paid_amount` float NOT NULL DEFAULT 0,
  `date_of_last_payment` date DEFAULT NULL,
  `payment_date` date DEFAULT NULL,
  `last_paid_date` date DEFAULT NULL,
  `loan_contract_id` int(11) NOT NULL,
  `status` varchar(20) NOT NULL DEFAULT 'OPEN',
  `uuid` varchar(100) NOT NULL,
  `created_at` timestamp NOT NULL DEFAULT current_timestamp(),
  `updated_at` timestamp NOT NULL DEFAULT current_timestamp() ON UPDATE current_timestamp(),
  `financial_year_id` int(11) NOT NULL DEFAULT 1,
  PRIMARY KEY (`id`)
) ENGINE=InnoDB AUTO_INCREMENT=146 DEFAULT CHARSET=utf8mb3 COLLATE=utf8mb3_general_ci;
/*!40101 SET character_set_client = @saved_cs_client */;

--
-- Dumping data for table `installments`
--

LOCK TABLES `installments` WRITE;
/*!40000 ALTER TABLE `installments` DISABLE KEYS */;
INSERT INTO `installments` VALUES (1,1,72000,72000,0,0,0,NULL,0,72000,NULL,'2024-03-08',NULL,1,'CLOSED','9b49ad9d-e04b-4fbc-8b96-ebce04a68cec','2024-02-08 18:51:17','2024-03-02 20:16:08',1),(2,2,72000,72000,0,0,0,NULL,0,72000,NULL,'2024-04-08',NULL,1,'CLOSED','9b49ad9d-e2bc-404e-b51e-4a28fc2c8719','2024-02-08 18:51:17','2024-03-25 21:51:00',1),(3,3,72000,72000,0,0,0,NULL,0,72000,NULL,'2024-05-08',NULL,1,'CLOSED','9b49ad9d-e5b5-404a-86d0-51687dd71d0e','2024-02-08 18:51:17','2024-05-06 18:27:17',1),(4,1,735000,735000,0,0,0,0,0,735000,NULL,'2024-03-02',NULL,2,'CLOSED','9b5fcbef-b98f-40d7-9da4-0365e127be8c','2024-02-19 18:44:16','2024-03-04 17:24:27',1),(5,1,324000,324000,0,0,0,NULL,0,324000,NULL,'2024-03-19',NULL,3,'CLOSED','9b6103ef-b7cf-4278-bf1e-51f575f28b8e','2024-02-20 09:16:41','2024-03-19 23:38:34',1),(6,2,324000,324000,0,0,0,NULL,0,153000,NULL,'2024-04-19',NULL,3,'CLOSED','9b6103ef-b9ca-45a1-81d4-c283cab2218d','2024-02-20 09:16:41','2024-04-06 14:46:50',1),(7,3,324000,324000,0,0,0,NULL,0,324000,NULL,'2024-05-19',NULL,3,'CLOSED','9b6103ef-bbd2-4657-9a10-e37180022a01','2024-02-20 09:16:41','2024-04-06 14:46:50',1),(8,1,630000,630000,0,0,0,NULL,0,630000,NULL,'2024-04-12',NULL,4,'CLOSED','9b8beb39-5856-4d9a-9897-9a3f3e7b7935','2024-03-12 17:08:11','2024-03-17 15:22:18',1),(9,1,144000,144000,0,0,0,NULL,0,144000,NULL,'2024-04-18',NULL,5,'CLOSED','9b984f3c-cd3d-4f81-9baf-bda41ef641e3','2024-03-18 20:57:47','2024-04-18 22:44:02',1),(10,2,144000,144000,0,0,0,NULL,0,144000,NULL,'2024-05-18',NULL,5,'CLOSED','9b984f3c-d0c5-49e3-8d1c-c07a939c7f45','2024-03-18 20:57:47','2024-05-18 18:33:40',1),(11,3,144000,144000,0,0,0,NULL,0,144000,NULL,'2024-06-18',NULL,5,'CLOSED','9b984f3c-d47e-4bbb-ba73-4128d3cd8370','2024-03-18 20:57:47','2024-05-27 19:46:06',1),(12,4,144000,144000,0,0,0,NULL,0,144000,NULL,'2024-07-18',NULL,5,'CLOSED','9b984f3c-d7f8-474c-ad31-97461ffaed4a','2024-03-18 20:57:47','2024-05-27 19:46:06',1),(13,5,144000,144000,0,0,0,NULL,0,144000,NULL,'2024-08-18',NULL,5,'CLOSED','9b984f3c-da7e-4fb4-a087-4f359c180273','2024-03-18 20:57:47','2024-05-27 19:46:06',1),(14,6,144000,144000,0,0,0,NULL,0,144000,NULL,'2024-09-18',NULL,5,'CLOSED','9b984f3c-dca3-4427-822c-5ba8d1075653','2024-03-18 20:57:47','2024-05-27 19:46:06',1),(15,1,405000,405000,0,0,0,NULL,0,405000,NULL,'2024-05-06',NULL,6,'CLOSED','9bbe292e-4b47-4a93-b622-ff60913707bd','2024-04-06 16:32:49','2024-05-06 19:46:17',1),(16,2,405000,405000,0,0,197,25250,20250,400000,NULL,'2024-06-06',NULL,6,'CLOSED','9bbe292e-4f69-460e-bcbc-82fcb1ec05e2','2024-04-06 16:32:49','2024-12-22 00:27:00',1),(17,3,405000,405000,0,0,167,20250,20250,405000,NULL,'2024-07-06',NULL,6,'CLOSED','9bbe292e-52f0-4a68-83e0-098b29217b20','2024-04-06 16:32:49','2024-12-22 00:27:00',1),(18,4,405000,405000,0,0,136,20250,20250,405000,NULL,'2024-08-06',NULL,6,'CLOSED','9bbe292e-554d-4541-a302-4e2bacee8db5','2024-04-06 16:32:49','2024-12-22 00:27:00',1),(19,5,405000,405000,0,0,105,20250,20250,405000,NULL,'2024-09-06',NULL,6,'CLOSED','9bbe292e-58ac-4859-81b5-7beb673cca00','2024-04-06 16:32:49','2024-12-22 00:27:00',1),(20,6,405000,405000,0,0,75,20250,20250,405000,NULL,'2024-10-06',NULL,6,'CLOSED','9bbe292e-5b49-4ebb-a5ba-f554ea81108b','2024-04-06 16:32:49','2024-12-22 00:27:00',1),(21,7,405000,405000,0,0,44,20250,20250,405000,NULL,'2024-11-06',NULL,6,'CLOSED','9bbe292e-5d4f-4498-a8ff-02ef30c577eb','2024-04-06 16:32:49','2024-12-22 00:27:00',1),(22,8,405000,405000,0,0,14,20250,20250,405000,NULL,'2024-12-06',NULL,6,'CLOSED','9bbe292e-600a-416d-87b1-7de37d811c3b','2024-04-06 16:32:49','2024-12-22 00:27:00',1),(23,1,54000,54000,0,0,0,NULL,0,54000,NULL,'2024-05-12',NULL,7,'CLOSED','9bca6198-ae1a-4013-a721-a7cfe151c3ae','2024-04-12 18:20:30','2024-05-11 13:39:04',1),(24,2,54000,54000,0,0,0,NULL,0,53000,NULL,'2024-06-12',NULL,7,'CLOSED','9bca6198-b05f-408e-82ba-2cb19c213134','2024-04-12 18:20:30','2024-06-12 15:59:42',1),(25,3,54000,54000,0,0,0,NULL,0,53000,NULL,'2024-07-12',NULL,7,'CLOSED','9bca6198-b341-46ca-86da-9a81f17fb8ee','2024-04-12 18:20:30','2024-06-13 17:51:12',1),(26,4,54000,54000,0,0,0,NULL,0,54000,NULL,'2024-08-12',NULL,7,'CLOSED','9bca6198-b5af-42e3-98e8-3a34f3ddb2b5','2024-04-12 18:20:30','2024-06-13 17:51:12',1),(27,1,630000,630000,0,0,59,31500,31500,630000,NULL,'2024-02-13',NULL,8,'CLOSED','9bca86ae-0bb9-40b3-ae19-111a9a2f640b','2024-04-12 20:04:12','2024-04-12 20:19:22',1),(28,1,183600,183600,0,0,71,9180,9180,183600,NULL,'2024-02-01',NULL,9,'CLOSED','9bca873c-9858-4a6d-b357-5403de960af1','2024-04-12 20:05:45','2024-04-12 20:23:21',1),(29,2,183600,183600,0,0,42,9180,9180,183600,NULL,'2024-03-01',NULL,9,'CLOSED','9bca873c-9ae9-4f1d-82a1-6e936ebdbbf3','2024-04-12 20:05:45','2024-04-12 20:23:21',1),(30,3,183600,183600,0,0,11,9180,9180,183600,NULL,'2024-04-01',NULL,9,'CLOSED','9bca873c-a0d3-4225-8959-6f72d56a0156','2024-04-12 20:05:45','2024-04-12 20:23:21',1),(31,4,183600,183600,0,0,23,9180,9180,183600,NULL,'2024-05-01',NULL,9,'CLOSED','9bca873c-a42f-4ac5-83b9-e28cc7068b71','2024-04-12 20:05:45','2024-05-25 13:00:02',1),(32,5,183600,183600,0,0,0,NULL,0,183600,NULL,'2024-06-01',NULL,9,'CLOSED','9bca873c-a64b-4903-aa61-e2bd355b7d20','2024-04-12 20:05:45','2024-05-25 13:00:07',1),(33,6,183600,183600,0,0,0,NULL,0,183600,NULL,'2024-07-01',NULL,9,'CLOSED','9bca873c-a88e-418a-ad43-2e5d0eec6e53','2024-04-12 20:05:45','2024-05-25 13:00:11',1),(34,1,1050000,1050000,0,0,62,999500,52500,49500,NULL,'2024-05-12',NULL,10,'CLOSED','9bcaae57-ee09-490f-9154-9feb66d2c9cc','2024-04-12 21:55:06','2024-07-14 18:51:28',1),(35,1,126000,126000,0,0,0,NULL,0,126000,NULL,'2024-05-30',NULL,11,'CLOSED','9bdfeabb-dfae-4a31-8336-181902654686','2024-04-23 11:16:21','2024-05-27 13:06:03',1),(36,2,126000,126000,0,0,0,NULL,0,126000,NULL,'2024-06-30',NULL,11,'CLOSED','9bdfeabb-e21e-482b-8095-bcc6df7f1f73','2024-04-23 11:16:21','2024-06-28 18:41:16',1),(37,3,126000,126000,0,0,0,NULL,0,126000,NULL,'2024-07-30',NULL,11,'CLOSED','9bdfeabb-e437-46ee-807f-dd27e6b37cee','2024-04-23 11:16:21','2024-07-30 17:39:33',1),(38,4,126000,126000,0,0,0,NULL,0,126000,NULL,'2024-08-30',NULL,11,'CLOSED','9bdfeabb-e69b-4e21-aef8-345ae0428193','2024-04-23 11:16:21','2024-08-27 14:52:43',1),(39,5,126000,126000,0,0,0,NULL,0,126000,NULL,'2024-09-30',NULL,11,'CLOSED','9bdfeabb-e930-4b95-8e4d-d1b83a3e711d','2024-04-23 11:16:21','2024-09-27 12:07:29',1),(40,6,126000,126000,0,0,0,NULL,0,126000,NULL,'2024-10-30',NULL,11,'CLOSED','9bdfeabb-ebd1-49d3-bb56-6405e71d0615','2024-04-23 11:16:21','2024-10-27 01:36:22',1),(41,1,1050000,1050000,0,0,0,NULL,0,1050000,NULL,'2024-06-07',NULL,12,'CLOSED','9bfcdc6c-552c-4e32-b0fd-a5df51e6b1ac','2024-05-07 20:35:21','2024-05-25 12:57:32',1),(42,1,468000,468000,0,0,0,NULL,0,468000,NULL,'2024-07-01',NULL,13,'CLOSED','9c288972-94a7-41e0-9040-6b772799a1fb','2024-05-29 13:39:46','2024-06-30 21:24:14',1),(43,2,468000,468000,0,0,0,NULL,0,468000,NULL,'2024-07-31',NULL,13,'CLOSED','9c288972-9767-43e2-b701-e898b33d70ba','2024-05-29 13:39:46','2024-07-31 20:31:24',1),(44,3,468000,468000,0,0,30,444600,23400,23400,NULL,'2024-08-31',NULL,13,'CLOSED','9c288972-9a1b-4ed6-8d92-a7387f62b6c3','2024-05-29 13:39:46','2024-10-01 22:17:43',1),(45,4,468000,468000,0,0,60,468000,23400,23400,NULL,'2024-10-01',NULL,13,'CLOSED','9c288972-9bfb-4c7e-8621-d2658f1e9cd2','2024-05-29 13:39:46','2024-12-02 03:50:56',1),(46,5,468000,468000,0,0,50,397800,23400,70200,NULL,'2024-10-31',NULL,13,'CLOSED','9c288972-9de8-427c-9e8d-cc24e7ed51c8','2024-05-29 13:39:46','2024-12-22 00:26:31',1),(47,6,468000,468000,0,0,19,23400,23400,23400,NULL,'2024-12-01',NULL,13,'CLOSED','9c288972-9ff5-4a11-9760-e346f6f091d8','2024-05-29 13:39:46','2024-12-22 00:31:04',1),(48,1,1050000,1050000,0,0,1,52500,52500,1050000,NULL,'2024-07-01',NULL,14,'CLOSED','9c2d0c8c-8f34-4517-96e8-78a2f61b1410','2024-05-31 19:29:39','2024-07-03 19:19:57',1),(49,1,234000,234000,0,0,0,NULL,0,234000,NULL,'2024-08-04',NULL,15,'CLOSED','9c74d182-b9ec-418b-a4fe-a8406776a24e','2024-07-06 11:44:11','2024-07-24 13:36:31',1),(50,2,234000,234000,0,0,0,NULL,0,100000,NULL,'2024-09-04',NULL,15,'CLOSED','9c74d182-bc39-43db-8ad5-5757e447c4bb','2024-07-06 11:44:11','2024-08-22 11:02:34',1),(51,3,234000,234000,0,0,0,NULL,0,34000,NULL,'2024-10-04',NULL,15,'CLOSED','9c74d182-be61-4b1f-a70a-67ceaab81c51','2024-07-06 11:44:11','2024-09-25 18:45:16',1),(52,4,234000,234000,0,0,17,222300,11700,11700,NULL,'2024-11-04',NULL,15,'CLOSED','9c74d182-c0e2-4d44-a6c6-278cfe1954f3','2024-07-06 11:44:11','2024-11-22 12:47:24',1),(53,5,234000,234000,0,0,5,100000,11700,145700,NULL,'2024-12-04',NULL,15,'CLOSED','9c74d182-c32b-4ed2-8e2e-292ce762aa9e','2024-07-06 11:44:11','2024-12-10 16:49:30',1),(54,6,234000,234000,0,0,0,NULL,0,11700,NULL,'2025-01-04',NULL,15,'CLOSED','9c74d182-c558-4d90-9262-5e0613e260b9','2024-07-06 11:44:11','2024-12-10 16:57:47',1),(55,1,1050000,1050000,0,0,136,52500,52500,1050000,NULL,'2024-08-06',NULL,16,'CLOSED','9c7ac3f0-7409-41f8-ad91-9d4002d22457','2024-07-09 10:41:12','2024-12-22 00:25:05',1),(56,1,126000,126000,0,0,0,NULL,0,126000,NULL,'2024-08-06',NULL,17,'CLOSED','9c7ac4b3-ce0d-45a7-81dc-ddd8f1c621d7','2024-07-09 10:43:20','2024-07-24 08:57:50',1),(57,2,126000,126000,0,0,0,NULL,0,126000,NULL,'2024-09-06',NULL,17,'CLOSED','9c7ac4b3-d39f-44d6-83ad-09ce46ac64af','2024-07-09 10:43:20','2024-08-24 21:37:51',1),(58,3,126000,126000,0,0,0,NULL,0,126000,NULL,'2024-10-06',NULL,17,'CLOSED','9c7ac4b3-d76d-442d-b8c1-fbba235b0968','2024-07-09 10:43:20','2024-09-25 21:21:33',1),(59,1,525000,525000,0,0,0,NULL,0,525000,NULL,'2024-08-31',NULL,18,'CLOSED','9c93457a-fc47-4ac8-a178-16cb09463004','2024-07-21 15:03:18','2024-08-24 21:38:20',1),(60,1,1050000,1050000,0,0,5,52500,52500,1050000,NULL,'2024-10-01',NULL,19,'CLOSED','9cede2ab-6e45-4592-a29b-6f38d9b6b3b1','2024-09-04 16:07:20','2024-10-07 20:12:16',1),(61,1,210000,210000,0,0,0,NULL,0,210000,NULL,'2024-09-11',NULL,20,'CLOSED','9cede4c6-7975-4590-9c53-b5b8a18cb397','2024-09-04 16:13:13','2024-09-11 18:01:12',1),(62,1,735000,735000,0,0,64,663250,36750,71750,NULL,'2024-10-17',NULL,21,'CLOSED','9d0a1c9c-a300-47aa-8751-bf5cc0b8a58c','2024-09-18 16:52:32','2024-12-22 00:25:23',1),(63,1,1080000,1080000,0,0,0,NULL,0,1080000,NULL,'2024-11-03',NULL,22,'CLOSED','9d31a5a7-f323-444c-8cae-7e523a4d0368','2024-10-08 08:33:02','2024-11-01 12:25:15',1),(64,2,1080000,1080000,0,0,17,54000,54000,1080000,NULL,'2024-12-03',NULL,22,'CLOSED','9d31a5a7-f836-43f9-8f1d-a3e4c8d68ea6','2024-10-08 08:33:02','2024-12-21 21:06:37',1),(65,1,210000,210000,0,0,0,NULL,0,210000,NULL,'2024-11-06',NULL,23,'CLOSED','9d31a61a-28d8-4336-99a1-e0cb6d7c6d5b','2024-10-08 08:34:16','2024-10-25 16:49:52',1),(66,1,270000,270000,0,0,17,113500,13500,170000,NULL,'2024-11-10',NULL,24,'CLOSED','9d3ea6b8-aab3-4ca2-b713-bedc65f2f736','2024-10-15 00:41:46','2024-11-28 15:11:30',1),(67,2,270000,270000,0,0,0,NULL,0,270000,NULL,'2024-12-10',NULL,24,'CLOSED','9d3ea6b8-aaff-4e19-89df-93493184dd26','2024-10-15 00:41:46','2024-11-28 15:11:30',1),(68,1,1050000,1050000,0,0,6,52500,52500,1050000,NULL,'2024-11-15',NULL,25,'CLOSED','9d5242a4-03d4-4bd6-a745-56b462100f9f','2024-10-24 18:38:29','2024-11-23 02:05:34',1),(69,1,840000,840000,0,0,19,42000,42000,840000,NULL,'2024-12-01',NULL,26,'CLOSED','9d6254ee-1f2c-41e7-93fa-2bfc1773f203','2024-11-01 18:22:52','2024-12-21 21:06:32',1),(70,1,525000,525000,0,0,0,NULL,0,525000,NULL,'2024-12-17',NULL,27,'CLOSED','9d82e4d9-8572-4b51-a1f6-7fef48fbe78c','2024-11-17 23:51:47','2024-12-09 21:43:02',1),(71,1,1050000,1050000,0,0,0,NULL,0,550000,NULL,'2024-12-30',NULL,28,'CLOSED','9da6fcda-540f-42a0-93f8-85702f036890','2024-12-05 22:28:42','2024-12-21 21:05:48',1),(72,1,1050000,1050000,0,0,0,NULL,0,1050000,NULL,'2024-12-30',NULL,29,'CLOSED','9da6fd46-9c77-4275-adf0-a84c00db0ead','2024-12-05 22:29:53','2024-12-22 00:30:41',1),(73,1,1050000,1050000,0,0,16,52500,52500,52500,NULL,'2025-03-03',NULL,30,'CLOSED','9e030f21-8562-40c2-a845-462fd9f73c89','2025-01-20 16:55:59','2025-03-20 15:43:32',2),(74,1,840000,0,840000,42000,295,882000,0,0,NULL,'2025-03-01',NULL,31,'OPEN','9e1bba62-e024-458d-b187-627c5964f8f4','2025-02-01 16:14:43','2025-12-21 20:50:02',2),(75,1,307323,307323,0,0,111,15366,15366.2,307323,NULL,'2025-01-31',NULL,32,'CLOSED','9e2fde78-dd02-465d-9b96-a76ff352775d','2025-02-11 16:32:11','2025-05-23 18:03:49',2),(76,2,307323,307323,0,0,80,15366,15366.2,307323,NULL,'2025-03-03',NULL,32,'CLOSED','9e2fde78-df55-481d-9f92-9a639978f275','2025-02-11 16:32:11','2025-05-23 18:03:49',2),(77,3,307323,307323,0,0,52,15366,15366.2,307323,NULL,'2025-03-31',NULL,32,'CLOSED','9e2fde78-e0cf-45dc-a1e7-7e43be3e53ac','2025-02-11 16:32:11','2025-05-23 18:03:49',2),(78,1,252000,252000,0,0,37,239400,12600,12600,NULL,'2025-03-12',NULL,33,'CLOSED','9e318ff0-163a-40c2-9e98-c586b582138c','2025-02-12 12:44:14','2025-04-19 12:59:44',2),(79,2,252000,252000,0,0,39,226800,12600,25200,NULL,'2025-04-12',NULL,33,'CLOSED','9e318ff0-192f-4577-b7ab-fe6d4e3da45d','2025-02-12 12:44:14','2025-05-22 17:56:30',2),(80,3,252000,252000,0,0,9,12600,12600,12600,NULL,'2025-05-12',NULL,33,'CLOSED','9e318ff0-1b40-48ea-9d93-f30c224ccafb','2025-02-12 12:44:14','2025-05-22 18:19:27',2),(81,1,324000,324000,0,0,0,NULL,0,324000,NULL,'2025-03-13',NULL,34,'CLOSED','9e33ec4b-bc47-49f9-a922-3f93e9fad4e4','2025-02-13 16:54:09','2025-02-26 14:14:59',2),(82,1,144000,144000,0,0,83,136800,7200,7200,NULL,'2025-03-28',NULL,35,'CLOSED','9e5031d7-bdbc-4bc5-8606-916d04d5baac','2025-02-27 18:11:47','2025-06-20 13:11:52',2),(83,2,144000,144000,0,0,52,7200,7200,144000,NULL,'2025-04-28',NULL,35,'CLOSED','9e5031d7-c06d-4717-b5e1-22eb254dacff','2025-02-27 18:11:47','2025-06-20 13:11:52',2),(84,3,144000,144000,0,0,27,136800,7200,7200,NULL,'2025-05-28',NULL,35,'CLOSED','9e5031d7-c280-455f-8e1f-42c93a3b9447','2025-02-27 18:11:47','2025-06-25 18:11:46',2),(85,4,144000,144000,0,0,0,NULL,0,144000,NULL,'2025-06-28',NULL,35,'CLOSED','9e5031d7-c46a-4bd7-9f7d-008b41524fa4','2025-02-27 18:11:47','2025-06-25 18:11:46',2),(86,5,144000,144000,0,0,0,NULL,0,144000,NULL,'2025-07-28',NULL,35,'CLOSED','9e5031d7-c5d0-4b54-8fdf-3d7227129519','2025-02-27 18:11:47','2025-06-25 18:11:46',2),(87,6,144000,144000,0,0,0,NULL,0,144000,NULL,'2025-08-28',NULL,35,'CLOSED','9e5031d7-c740-4e8b-8532-bdbae124f244','2025-02-27 18:11:47','2025-06-25 18:11:46',2),(88,1,144000,144000,0,0,0,NULL,0,144000,NULL,'2025-04-14',NULL,36,'CLOSED','9e77973a-58ad-43b2-8c88-09a2de9e2ecf','2025-03-19 08:12:34','2025-04-02 14:12:59',2),(89,2,144000,144000,0,0,0,NULL,0,144000,NULL,'2025-05-14',NULL,36,'CLOSED','9e77973a-5ae1-4ccf-a3bd-b8deba810f06','2025-03-19 08:12:34','2025-04-25 09:36:06',2),(90,3,144000,144000,0,0,0,NULL,0,144000,NULL,'2025-06-14',NULL,36,'CLOSED','9e77973a-5c89-48ca-aaae-c8a946df6873','2025-03-19 08:12:34','2025-04-25 09:36:06',2),(91,1,1050000,1050000,0,0,1,52500,52500,1050000,NULL,'2025-05-01',NULL,37,'CLOSED','9e7a48a1-25f5-4f88-8c20-340c41e44eec','2025-03-20 16:20:17','2025-05-03 10:51:00',2),(92,1,1050000,1050000,0,0,96,447500,52500,602500,NULL,'2025-05-10',NULL,38,'CLOSED','9ea680f6-80fe-48c9-a2ca-868a95abdef2','2025-04-11 14:54:13','2025-08-15 15:25:49',2),(93,1,270000,270000,0,0,60,13500,13500,256500,NULL,'2025-05-30',NULL,39,'CLOSED','9ec7ee39-9967-4790-8f43-25faddbd5e74','2025-04-28 05:42:04','2025-07-30 13:59:15',2),(94,2,270000,270000,0,0,29,13500,13500,270000,NULL,'2025-06-30',NULL,39,'CLOSED','9ec7ee39-9c85-4bdf-b7b2-e4ced75f3abd','2025-04-28 05:42:04','2025-07-30 13:59:21',2),(95,3,270000,270000,0,0,23,13500,13500,270000,NULL,'2025-07-30',NULL,39,'CLOSED','9ec7ee39-9e49-4e12-b26f-e00ad5b6ed14','2025-04-28 05:42:04','2025-08-23 11:52:23',2),(96,4,270000,270000,0,0,0,NULL,0,270000,NULL,'2025-08-30',NULL,39,'CLOSED','9ec7ee39-a179-471c-8485-702699dbc399','2025-04-28 05:42:04','2025-08-23 11:52:23',2),(97,5,270000,270000,0,0,0,NULL,0,270000,NULL,'2025-09-30',NULL,39,'CLOSED','9ec7ee39-a42a-4537-8d46-3124124092a5','2025-04-28 05:42:04','2025-08-23 11:52:23',2),(98,6,270000,270000,0,0,0,NULL,0,270000,NULL,'2025-10-30',NULL,39,'CLOSED','9ec7ee39-a702-4642-9eca-b9939c1cd48a','2025-04-28 05:42:04','2025-08-23 11:52:23',2),(99,1,315000,315000,0,0,38,15750,15750,315000,NULL,'2025-05-12',NULL,40,'CLOSED','9ec7ee9a-f016-41c0-9d10-13c4afb1aeff','2025-04-28 05:43:08','2025-06-20 13:12:18',2),(100,1,226800,226800,0,0,21,11340,11340,226800,NULL,'2025-06-06',NULL,41,'CLOSED','9ed88227-16b0-47e7-b304-d7264ae3c92c','2025-05-06 11:28:57','2025-06-28 11:28:15',2),(101,2,226800,226800,0,0,46,215460,11340,11340,NULL,'2025-07-06',NULL,41,'CLOSED','9ed88227-1b0d-4e6c-9ef0-3c3d77d04e54','2025-05-06 11:28:57','2025-08-22 13:50:37',2),(102,3,226800,226800,0,0,16,207320,11340,19480,NULL,'2025-08-06',NULL,41,'CLOSED','9ed88227-20b1-43f2-abb3-714c32c1b290','2025-05-06 11:28:57','2025-08-23 09:47:04',2),(103,4,226800,226800,0,0,0,NULL,0,226280,NULL,'2025-09-06',NULL,41,'CLOSED','9ed88227-25ad-4c22-97d9-953af9a7a6eb','2025-05-06 11:28:57','2025-09-05 17:34:02',2),(104,5,226800,226800,0,0,0,NULL,0,226800,NULL,'2025-10-06',NULL,41,'CLOSED','9ed88227-2ad7-4814-bf2f-8acd2fbce459','2025-05-06 11:28:57','2025-09-29 06:27:33',2),(105,6,226800,226800,0,0,0,NULL,0,226800,NULL,'2025-11-06',NULL,41,'CLOSED','9ed88227-3087-43ca-8eed-2f0c4af110d1','2025-05-06 11:28:57','2025-10-13 06:51:55',2),(106,1,1050000,1050000,0,0,0,NULL,0,1050000,NULL,'2025-07-01',NULL,42,'CLOSED','9f01023a-5c71-4e82-b8a6-d268ffde419d','2025-05-26 14:40:11','2025-06-14 11:19:01',2),(107,1,540000,540000,0,0,0,NULL,0,540000,NULL,'2025-07-01',NULL,43,'CLOSED','9f010312-5946-4403-8048-eedca231d6f2','2025-05-26 14:42:33','2025-07-01 19:42:59',2),(108,2,540000,0,540000,27000,143,567000,0,0,NULL,'2025-07-31',NULL,43,'OPEN','9f010312-921d-42a3-a5ee-68f14ca41c70','2025-05-26 14:42:33','2025-12-21 20:50:02',2),(109,3,540000,0,540000,27000,112,567000,0,0,NULL,'2025-08-31',NULL,43,'OPEN','9f010312-9acc-4356-8ee5-27468eb40d37','2025-05-26 14:42:33','2025-12-21 20:50:02',2),(110,4,540000,0,540000,27000,81,567000,0,0,NULL,'2025-10-01',NULL,43,'OPEN','9f010312-af82-43f9-858f-4e134e1dfb27','2025-05-26 14:42:33','2025-12-21 20:50:02',2),(111,5,540000,0,540000,27000,51,567000,0,0,NULL,'2025-10-31',NULL,43,'OPEN','9f010312-b86f-4c4c-bcd3-d7203920cc5e','2025-05-26 14:42:33','2025-12-21 20:50:02',2),(112,6,540000,0,540000,27000,20,567000,0,0,NULL,'2025-12-01',NULL,43,'OPEN','9f010312-c199-4016-9335-8d3d08a22fb4','2025-05-26 14:42:33','2025-12-21 20:50:02',2),(113,1,1050000,1050000,0,0,0,NULL,0,1050000,NULL,'2025-07-01',NULL,44,'CLOSED','9f01037d-9008-4f05-8bdc-239ec1030fba','2025-05-26 14:43:43','2025-06-30 13:22:09',2),(114,1,1050000,1050000,0,0,0,NULL,0,1050000,NULL,'2025-07-30',NULL,45,'CLOSED','9f454eb5-de12-43f8-babc-654b4d8e64c3','2025-06-29 12:30:21','2025-07-22 18:44:46',2),(115,1,483000,0,483000,24150,144,507150,0,0,NULL,'2025-07-30',NULL,46,'OPEN','9f457a91-f77a-4801-88da-d353c040f6de','2025-06-29 14:32:59','2025-12-21 20:50:02',2),(116,1,1050000,1050000,0,0,2,52500,52500,1050000,NULL,'2025-08-06',NULL,47,'CLOSED','9f576308-ba29-48bf-a99c-a858c2057ed3','2025-07-08 12:12:04','2025-08-09 08:35:21',2),(117,1,399600,399600,0,0,101,19980,19980,399600,NULL,'2025-08-01',NULL,48,'CLOSED','9f5763bf-f15b-4d3b-aa25-2b896d6a8f61','2025-07-08 12:14:04','2025-11-11 07:28:45',2),(118,2,399600,60440,339160,0,111,399600,19980,60440,NULL,'2025-09-01',NULL,48,'OPEN','9f5763bf-f69f-478d-a333-e3416634527d','2025-07-08 12:14:04','2025-12-21 20:50:02',2),(119,3,399600,0,399600,19980,81,419580,0,0,NULL,'2025-10-01',NULL,48,'OPEN','9f5763bf-fb1e-412f-a1fb-ad69819ce4f5','2025-07-08 12:14:04','2025-12-21 20:50:02',2),(120,4,399600,0,399600,19980,50,419580,0,0,NULL,'2025-11-01',NULL,48,'OPEN','9f5763c0-0136-41c7-9a65-086b4cccf4b5','2025-07-08 12:14:04','2025-12-21 20:50:02',2),(121,5,399600,0,399600,19980,20,419580,0,0,NULL,'2025-12-01',NULL,48,'OPEN','9f5763c0-05c8-4518-80ae-d8cf7f258339','2025-07-08 12:14:04','2025-12-21 20:50:02',2),(122,1,1050000,0,1050000,52500,133,1102500,0,0,NULL,'2025-08-10',NULL,49,'OPEN','9f83256e-b496-45ee-a5e5-8b19d79b8ead','2025-07-30 06:16:15','2025-12-21 20:50:02',2),(123,1,420000,420000,0,0,0,NULL,0,420000,NULL,'2025-08-31',NULL,50,'CLOSED','9f834d08-097b-4f7a-b1ac-a1eb7be65eb5','2025-07-30 08:06:59','2025-08-23 09:48:07',2),(124,1,162000,162000,0,0,41,8100,8100,162000,NULL,'2025-09-12',NULL,51,'CLOSED','9f9dbf4d-65bf-44a2-a2b5-ebf2ae769911','2025-08-12 11:38:02','2025-10-24 08:23:36',2),(125,2,162000,162000,0,0,30,3200,8100,162000,NULL,'2025-10-12',NULL,51,'CLOSED','9f9dbf4d-73d7-4d17-a7c7-39996f7108cf','2025-08-12 11:38:02','2025-11-12 07:48:37',2),(126,3,162000,162000,0,0,0,NULL,0,162000,NULL,'2025-11-12',NULL,51,'CLOSED','9f9dbf4d-7bdb-4c19-bc73-fba15ddaa18d','2025-08-12 11:38:02','2025-11-12 07:48:37',2),(127,4,162000,162000,0,0,0,NULL,0,162000,NULL,'2025-12-12',NULL,51,'CLOSED','9f9dbf4d-8578-4373-a811-d7a2d0e60142','2025-08-12 11:38:02','2025-11-12 07:48:37',2),(128,1,1050000,1050000,0,0,30,52500,52500,1050000,NULL,'2025-08-31',NULL,52,'CLOSED','9f9dc056-7568-495f-91c0-ad69fa02a7d5','2025-08-12 11:40:55','2025-10-01 04:50:19',2),(129,1,1050000,1050000,0,0,0,NULL,0,1050000,NULL,'2025-09-15',NULL,53,'CLOSED','9fa575cf-4f9d-46ff-a5b9-de591558ef70','2025-08-16 07:39:09','2025-09-14 10:54:23',2),(130,1,1080000,1080000,0,0,0,NULL,0,1080000,NULL,'2025-10-01',NULL,54,'CLOSED','9fb3fa5a-603b-4c45-aa3e-cb1b1b22807b','2025-08-23 12:51:21','2025-10-01 04:47:12',2),(131,2,1080000,1080000,0,0,0,NULL,0,1080000,NULL,'2025-10-31',NULL,54,'CLOSED','9fb3fa5a-67f8-4807-9d7d-cf760ddd1646','2025-08-23 12:51:21','2025-10-01 04:47:12',2),(132,3,1080000,0,1080000,54000,20,1134000,0,0,NULL,'2025-12-01',NULL,54,'OPEN','9fb3fa5a-6b24-4112-984a-7eca229c8e83','2025-08-23 12:51:21','2025-12-21 20:50:02',2),(133,1,216000,216000,0,0,0,NULL,0,216000,NULL,'2025-10-06',NULL,55,'CLOSED','9fcfd63a-0ca3-4704-b8fa-332714d4d5af','2025-09-06 09:13:31','2025-09-24 13:43:48',2),(134,2,216000,216000,0,0,0,NULL,0,216000,NULL,'2025-11-06',NULL,55,'CLOSED','9fcfd63a-1213-4678-92cc-982680970a38','2025-09-06 09:13:31','2025-10-21 14:35:00',2),(135,3,216000,216000,0,0,0,NULL,0,216000,NULL,'2025-12-06',NULL,55,'CLOSED','9fcfd63a-14a0-4956-96c7-321c7bbc33ec','2025-09-06 09:13:31','2025-11-24 06:20:10',2),(136,1,1050000,1050000,0,0,0,NULL,0,1050000,NULL,'2025-10-05',NULL,56,'CLOSED','9fcfd924-3698-4c8c-a426-215be1fb46ab','2025-09-06 09:21:40','2025-10-03 16:12:22',2),(137,1,210000,210000,0,0,0,NULL,0,210000,NULL,'2025-10-14',NULL,57,'CLOSED','9fe0606d-94b5-41a5-989a-580a56a0c75e','2025-09-14 14:33:12','2025-09-24 13:40:17',2),(138,1,864000,0,864000,43200,45,907200,0,0,NULL,'2025-11-06',NULL,58,'OPEN','a00c4815-7f4d-4c3c-a74d-055db303a0b2','2025-10-06 10:21:34','2025-12-21 20:50:02',2),(139,2,864000,0,864000,43200,15,907200,0,0,NULL,'2025-12-06',NULL,58,'OPEN','a00c4815-8495-44e3-b833-b8140a433e33','2025-10-06 10:21:34','2025-12-21 20:50:02',2),(140,1,210000,210000,0,0,0,NULL,0,210000,NULL,'2025-11-06',NULL,59,'CLOSED','a01454c8-c67e-46fe-ac90-393976cefae9','2025-10-10 10:23:42','2025-10-21 14:34:51',2),(141,1,1080000,1080000,0,0,34,54000,54000,1080000,NULL,'2025-11-13',NULL,60,'CLOSED','a01acf13-f2ee-4a93-8ddd-dcbbba8218ea','2025-10-13 15:40:37','2025-12-18 07:58:13',2),(142,2,1080000,1080000,0,0,4,54000,54000,268000,NULL,'2025-12-13',NULL,60,'CLOSED','a01acf13-f66f-443f-87f9-7c6dd54ca33c','2025-10-13 15:40:37','2025-12-18 08:29:46',2),(143,1,1050000,1050000,0,0,29,52500,52500,1050000,NULL,'2025-11-14',NULL,61,'CLOSED','a020a8a6-4710-4e83-b3fc-e663ae1b4a06','2025-10-16 13:28:08','2025-12-14 10:09:36',2),(144,1,1050000,1050000,0,0,0,NULL,0,1050000,NULL,'2025-11-16',NULL,62,'CLOSED','a0223bf1-ce3e-4adc-8c47-2c12fd04ec2b','2025-10-17 08:15:50','2025-11-14 19:23:30',2),(145,1,210000,210000,0,0,0,NULL,0,210000,NULL,'2025-12-01',NULL,63,'CLOSED','a06e85da-22ce-4ca5-90fd-4ff6f0eb8cd4','2025-11-24 06:25:25','2025-11-29 10:39:55',2);
/*!40000 ALTER TABLE `installments` ENABLE KEYS */;
UNLOCK TABLES;

--
-- Table structure for table `jobs`
--

DROP TABLE IF EXISTS `jobs`;
/*!40101 SET @saved_cs_client     = @@character_set_client */;
/*!40101 SET character_set_client = utf8 */;
CREATE TABLE `jobs` (
  `id` bigint(20) unsigned NOT NULL AUTO_INCREMENT,
  `queue` varchar(255) NOT NULL,
  `payload` longtext NOT NULL,
  `attempts` tinyint(3) unsigned NOT NULL,
  `reserved_at` int(10) unsigned DEFAULT NULL,
  `available_at` int(10) unsigned NOT NULL,
  `created_at` int(10) unsigned NOT NULL,
  PRIMARY KEY (`id`),
  KEY `jobs_queue_index` (`queue`)
) ENGINE=InnoDB AUTO_INCREMENT=1656 DEFAULT CHARSET=utf8mb4 COLLATE=utf8mb4_unicode_ci;
/*!40101 SET character_set_client = @saved_cs_client */;

--
-- Dumping data for table `jobs`
--

LOCK TABLES `jobs` WRITE;
/*!40000 ALTER TABLE `jobs` DISABLE KEYS */;
/*!40000 ALTER TABLE `jobs` ENABLE KEYS */;
UNLOCK TABLES;

--
-- Table structure for table `loan_applications`
--

DROP TABLE IF EXISTS `loan_applications`;
/*!40101 SET @saved_cs_client     = @@character_set_client */;
/*!40101 SET character_set_client = utf8 */;
CREATE TABLE `loan_applications` (
  `id` int(11) NOT NULL AUTO_INCREMENT,
  `member_id` int(11) NOT NULL,
  `amount` float NOT NULL,
  `total_loan_amount` float DEFAULT NULL,
  `plan` int(11) NOT NULL,
  `installment_amount` float DEFAULT NULL,
  `fee_amount` float DEFAULT NULL,
  `interest_amount` float DEFAULT NULL,
  `interest_rate` float DEFAULT NULL,
  `loan_type_id` int(11) NOT NULL,
  `level` varchar(20) DEFAULT 'initiated',
  `loan_code` varchar(20) DEFAULT NULL,
  `uuid` varchar(255) NOT NULL,
  `created_at` timestamp NULL DEFAULT current_timestamp(),
  `updated_at` timestamp NULL DEFAULT current_timestamp() ON UPDATE current_timestamp(),
  `financial_year_id` int(11) NOT NULL DEFAULT 1,
  PRIMARY KEY (`id`)
) ENGINE=InnoDB AUTO_INCREMENT=78 DEFAULT CHARSET=utf8mb3 COLLATE=utf8mb3_general_ci;
/*!40101 SET character_set_client = @saved_cs_client */;

--
-- Dumping data for table `loan_applications`
--

LOCK TABLES `loan_applications` WRITE;
/*!40000 ALTER TABLE `loan_applications` DISABLE KEYS */;
INSERT INTO `loan_applications` VALUES (1,11,200000,216000,1,216000,0,16000,0.8,2,'CANCELED','USKL8687211','9b47ba52-fe9d-4668-add6-c6e7bbf29d52','2024-02-07 19:35:09','2024-02-07 19:39:22',1),(2,11,200000,216000,3,72000,0,16000,0.8,2,'CANCELED','USKL2030952','9b47bbd4-c939-4962-8818-cfa9cd767354','2024-02-07 19:39:22','2024-02-07 19:42:57',1),(3,11,200000,216000,3,72000,0,16000,0.8,2,'CLOSED','USKL9715464','9b47bd1b-f5de-4d78-8380-11f1c18b7aa1','2024-02-07 19:42:57','2024-05-06 18:27:17',1),(4,8,900000,990000,1,990000,0,90000,10,1,'CANCELED','USKL3815776','9b57da48-7311-444b-9ebd-9d256ae2fcdc','2024-02-15 19:57:46','2025-07-10 12:31:12',1),(5,10,700000,735000,1,735000,0,35000,5,1,'GRANTED','USKL1900981','9b592e8d-2d84-443e-9865-9e1f409209b9','2024-02-16 11:49:13','2024-02-19 18:44:16',1),(6,8,900000,972000,3,324000,0,72000,0.8,2,'CLOSED','USKL9794923','9b593d38-aaef-4181-a0b3-37cd9d9493fa','2024-02-16 12:30:15','2024-04-06 14:46:50',1),(7,9,600000,630000,1,630000,0,30000,5,1,'CLOSED','USKL5730678','9b8bd029-9e3f-471d-aa76-7a97a786a84c','2024-03-12 15:52:31','2024-03-17 15:22:18',1),(8,10,800000,864000,6,144000,0,64000,0.8,2,'CLOSED','USKL6535244','9b97e80b-277c-42d0-81f2-97f1a44263cf','2024-03-18 16:09:14','2024-05-27 19:46:06',1),(9,8,3000000,3240000,9,360000,0,240000,0.8,2,'CANCELED','USKL4022423','9bbe03d1-afe9-4fbf-82c6-ff6f56e1f204','2024-04-06 14:48:21','2024-04-06 15:23:24',1),(10,8,300000,324000,8,40500,0,24000,0.8,2,'CANCELED','USKL3043235','9bbe105a-0449-46fc-9d8f-bff60c8a71ab','2024-04-06 15:23:24','2024-04-06 15:24:06',1),(11,8,3000000,3240000,8,405000,0,240000,0.8,2,'CLOSED','USKL7281815','9bbe109a-0de8-44d0-9a24-9f0ce2fdee29','2024-04-06 15:24:06','2024-12-22 00:27:00',1),(12,13,2000000,2100000,1,2100000,0,100000,5,1,'CANCELED','USKL2752998','9bc9c879-ea0a-4bc4-9085-0fe51e0751e5','2024-04-12 11:12:21','2024-04-12 19:58:02',1),(13,9,200000,216000,4,54000,0,16000,0.8,2,'CLOSED','USKL6933435','9bca5066-a651-4697-9862-f3fe56b22b66','2024-04-12 17:32:26','2024-06-13 17:51:12',1),(14,13,1020000,1101600,6,183600,0,81600,0.8,2,'CLOSED','USKL6283557','9bca8450-12ac-465a-9c55-6c876b226f62','2024-04-12 19:57:35','2024-05-25 13:00:11',1),(15,13,600000,630000,1,630000,0,30000,5,1,'CLOSED','USKL4209768','9bca8479-bb64-48de-b260-5dbdce793383','2024-04-12 19:58:02','2024-04-12 20:19:22',1),(16,13,1000000,1050000,1,1050000,0,50000,5,1,'CLOSED','USKL6720834','9bcaa065-007b-41f9-a257-8bbe251f1d9a','2024-04-12 21:16:06','2024-07-14 18:51:28',1),(17,12,700000,756000,-6,-126000,0,56000,0.8,2,'CANCELED','USKL7773076','9bde452a-e11e-4912-ace6-50cc00565cb0','2024-04-22 15:37:34','2024-04-22 15:40:44',1),(18,12,700000,756000,6,126000,0,56000,0.8,2,'CLOSED','USKL5113043','9bde464c-1575-4d28-ba40-3fe94306a662','2024-04-22 15:40:44','2024-10-27 01:36:22',1),(19,11,1000000,1050000,1,1050000,0,50000,5,1,'CLOSED','USKL4788983','9bfca153-8988-4fa3-931e-94627206ad04','2024-05-07 17:50:06','2024-05-25 12:57:32',1),(20,10,2600000,2808000,6,468000,0,208000,0.8,2,'CLOSED','USKL9459471','9c2514ee-88f5-46f2-9b44-e51853fe5ef7','2024-05-27 20:26:29','2024-12-22 00:31:04',1),(21,12,1000000,1050000,1,1050000,0,50000,5,1,'CLOSED','USKL2833155','9c2cb763-38a3-4bee-8a50-3eb36fb1a175','2024-05-31 15:31:32','2024-07-03 19:19:57',1),(22,9,1300000,1404000,6,234000,0,104000,0.8,2,'CLOSED','USKL2040945','9c6f368f-2f66-4957-b5f6-3db38f0cdb32','2024-07-03 16:51:46','2024-12-10 16:57:47',1),(23,12,1000000,1050000,1,1050000,0,50000,5,1,'CLOSED','USKL8169643','9c74cfce-49d4-4a2c-b449-b4d31f4f00e9','2024-07-06 11:39:25','2024-12-22 00:25:05',1),(24,11,350000,378000,3,126000,0,28000,0.8,2,'CLOSED','USKL2322632','9c7510a1-f785-4693-b2a6-bb888bb88764','2024-07-06 14:40:41','2024-09-25 21:21:33',1),(25,11,50000,52500,1,52500,0,2500,5,1,'CANCELED','USKL3881031','9c9303b3-c080-496f-a7b0-227d329ce1b3','2024-07-21 11:59:22','2024-07-21 12:01:11',1),(26,11,500000,525000,1,525000,0,25000,5,1,'CLOSED','USKL6170214','9c93045a-eea1-41f6-a204-eb3400ecbfe1','2024-07-21 12:01:11','2024-08-24 21:38:20',1),(27,10,200000,210000,1,210000,0,10000,5,1,'CLOSED','USKL2179261','9cbd910d-1d35-472c-92bf-258cf58ecc2f','2024-08-11 15:39:23','2024-09-11 18:01:12',1),(28,9,1000000,1050000,1,1050000,0,50000,5,1,'CANCELED','USKL5284993','9cdf57ab-7d1e-4680-9f8e-dad8c89d2b82','2024-08-28 10:37:04','2024-08-28 10:37:26',1),(29,9,1000000,1050000,1,1050000,0,50000,5,1,'CLOSED','USKL2798110','9cdf57cc-ff38-43ff-b7fe-fe208c67b4f6','2024-08-28 10:37:26','2024-10-07 20:12:16',1),(30,10,700000,735000,1,735000,0,35000,5,1,'CLOSED','USKL4450904','9d080a8d-67bd-4679-9df1-7db7a4f9975e','2024-09-17 16:10:23','2024-12-22 00:25:23',1),(31,13,2000000,2160000,2,1080000,0,160000,0.8,2,'CLOSED','USKL2335513','9d289d9e-8265-435c-84bb-ef431dad499a','2024-10-03 20:48:06','2024-12-21 21:06:37',1),(32,11,200000,210000,1,210000,0,10000,5,1,'CLOSED','USKL6658112','9d2e545b-e76c-4c85-adeb-77879e80c2f4','2024-10-06 16:58:13','2024-10-25 16:49:52',1),(33,1,500000,540000,2,270000,0,40000,0.8,2,'CANCELED','USKL4122992','9d362923-2063-4567-85aa-1916997b22e4','2024-10-10 14:23:59','2024-10-10 14:24:33',1),(34,1,500000,540000,2,270000,0,40000,0.8,2,'CLOSED','USKL1642979','9d362a04-7ecf-498e-8c7c-def58266968f','2024-10-10 14:26:27','2024-11-28 15:11:30',1),(35,9,1000000,1050000,1,1050000,0,50000,5,1,'CLOSED','USKL9078363','9d3f9bef-441e-451b-a2ba-d80610dd82ed','2024-10-15 12:07:26','2024-11-23 02:05:34',1),(36,13,800000,840000,1,840000,0,40000,5,1,'CLOSED','USKL5411130','9d624e54-409b-4aec-8a21-0e1232779cbd','2024-11-01 18:04:25','2024-12-21 21:06:32',1),(37,11,500000,525000,1,525000,0,25000,5,1,'CLOSED','USKL5067668','9d82ba2b-b35f-40fd-8897-a09ef9a98e3d','2024-11-17 21:52:27','2024-12-09 21:43:02',1),(38,1,1000000,1050000,1,1050000,0,50000,5,1,'CLOSED','USKL8215030','9d94be4d-6803-4e75-9406-d38bb082bc83','2024-11-26 20:48:54','2024-12-21 21:05:48',1),(39,9,1000000,1050000,1,1050000,0,50000,5,1,'CLOSED','USKL3728279','9d94bec3-c5b7-481d-8d68-e44b842f7793','2024-11-26 20:50:12','2024-12-22 00:30:41',1),(40,9,1000000,1050000,1,1050000,0,50000,5,1,'CLOSED','USKL2265547','9e02f6a5-1658-463e-a546-d499d3438b66','2025-01-20 15:47:31','2025-03-20 15:43:32',2),(41,12,800000,840000,1,840000,0,40000,5,1,'GRANTED','USKL7593479','9e1ba6dc-f1ff-4cfa-917d-3661341a7654','2025-02-01 15:20:08','2025-02-01 16:14:43',2),(42,8,853674,921968,3,307323,0,68293.9,0.8,2,'CLOSED','USKL6371610','9e2fbbac-6559-4074-9769-f9f2d2b3b642','2025-02-11 14:54:52','2025-05-23 18:03:49',2),(43,11,700000,756000,3,252000,0,56000,0.8,2,'CLOSED','USKL1851733','9e317b30-aaa6-464a-8889-37a41db501a9','2025-02-12 11:46:13','2025-05-22 18:19:27',2),(44,10,300000,324000,1,324000,0,24000,0.8,2,'CLOSED','USKL2369555','9e336d6e-67f4-40ed-9488-f1ceb5ccfdb1','2025-02-13 10:59:24','2025-02-26 14:14:59',2),(45,10,800000,864000,6,144000,0,64000,0.8,2,'CLOSED','USKL4717965','9e4de04f-eaa8-4520-92cb-4141d01ecc06','2025-02-26 14:32:10','2025-06-25 18:11:46',2),(46,1,400000,432000,3,144000,0,32000,0.8,2,'CANCELED','USKL1009737','9e6e3e11-d966-474f-abbf-1b73f226b24c','2025-03-14 16:40:49','2025-03-14 16:42:40',2),(47,1,500000,540000,4,135000,0,40000,0.8,2,'CANCELED','USKL5603071','9e6e3eba-b18f-44c9-8c3d-7393a8b81c3d','2025-03-14 16:42:40','2025-03-14 17:56:50',2),(48,1,400000,432000,3,144000,0,32000,0.8,2,'CLOSED','USKL9650344','9e6e5941-918d-4e2f-8b5e-1bddd151e6e1','2025-03-14 17:56:50','2025-04-25 09:36:06',2),(49,9,1000000,1050000,1,1050000,0,50000,5,1,'CLOSED','USKL4330308','9e7a4461-3a01-491a-aa93-21153bee5159','2025-03-20 16:08:24','2025-05-03 10:51:00',2),(50,1,1000000,1050000,1,1050000,0,50000,5,1,'CLOSED','USKL8099434','9ea46e16-668b-4b50-bcc4-f1385f22db56','2025-04-10 14:09:47','2025-08-15 15:25:49',2),(51,10,300000,315000,1,315000,0,15000,5,1,'CLOSED','USKL9697610','9ea89709-b3bf-45b6-8b50-36a0f180c28f','2025-04-12 15:47:36','2025-06-20 13:12:18',2),(52,13,1500000,1620000,6,270000,0,120000,0.8,2,'CLOSED','USKL8675935','9ec6e94d-22f1-401d-8a6b-b7aea6434cba','2025-04-27 17:32:28','2025-08-23 11:52:23',2),(53,9,1260000,1360800,6,226800,0,100800,0.8,2,'CLOSED','USKL9118483','9ed64943-f1f8-4d0f-85e3-a00815e34ddb','2025-05-05 08:58:13','2025-10-13 06:51:55',2),(54,9,1000000,1050000,1,1050000,0,50000,5,1,'CLOSED','USKL2972229','9efa3bdd-47f4-495a-aec0-5769fbf39431','2025-05-23 05:50:33','2025-06-30 13:22:09',2),(55,8,3000000,3240000,6,540000,0,240000,0.8,2,'GRANTED','USKL1150611','9efb42a2-d7b6-4ccf-94ab-cd8c30b371eb','2025-05-23 18:05:19','2025-05-26 14:42:33',2),(56,11,1000000,1050000,1,1050000,0,50000,5,1,'CLOSED','USKL3146281','9efc7880-3d60-497b-8506-4514d997cce6','2025-05-24 08:31:46','2025-06-14 11:19:01',2),(57,11,1000000,1050000,1,1050000,0,50000,5,1,'CLOSED','USKL5778195','9f371a0f-b2f8-4f1f-9dad-a4b90301108c','2025-06-22 11:01:32','2025-07-22 18:44:46',2),(58,10,2300000,2484000,5,496800,0,184000,0.8,2,'CANCELED','USKL7637174','9f3dbd80-2498-449b-b6f9-d46a13c16e65','2025-06-25 18:13:31','2025-07-01 12:45:57',2),(59,10,460000,483000,1,483000,0,23000,5,1,'GRANTED','USKL8063275','9f456f21-7c9a-4d07-9a20-6d28a20d127f','2025-06-29 14:01:00','2025-06-29 14:32:59',2),(60,10,1800000,1944000,1,1944000,0,144000,0.8,2,'CANCELED','USKL7241956','9f495a42-af83-4fb4-acbd-7d5c6bb14b89','2025-07-01 12:45:57','2025-07-01 12:47:29',2),(61,10,1850000,1998000,5,399600,0,148000,0.8,2,'GRANTED','USKL5610586','9f495ace-df5c-4ec5-89f7-063c99106da6','2025-07-01 12:47:29','2025-07-08 12:14:05',2),(62,9,1000000,1050000,1,1050000,0,50000,5,1,'CLOSED','USKL2668641','9f536ab4-1f27-41f5-bed8-92c8b78a3f42','2025-07-06 12:50:12','2025-08-09 08:35:21',2),(63,8,1000000,1050000,1,1050000,0,50000,5,1,'GRANTED','USKL1752325','9f5b6fd8-217d-42ce-9956-36a4513fe103','2025-07-10 12:31:12','2025-07-30 06:16:15',2),(64,11,400000,420000,1,420000,0,20000,5,1,'CLOSED','USKL3946355','9f830ba8-a1af-4f5f-be8e-5023ab4a4ba4','2025-07-30 05:04:11','2025-08-23 09:48:07',2),(65,13,1000000,1050000,1,1050000,0,50000,5,1,'CLOSED','USKL5389086','9f83c8cf-66bb-43a4-9981-c8d8605194dc','2025-07-30 13:53:05','2025-10-01 04:50:19',2),(66,1,600000,648000,4,162000,0,48000,0.8,2,'CLOSED','USKL2089730','9f9dad0a-1a74-4726-95dd-f5dd9ceae29e','2025-08-12 10:46:58','2025-11-12 07:48:37',2),(67,9,1000000,1050000,1,1050000,0,50000,5,1,'CLOSED','USKL3504056','9fa3a9d0-f597-49d3-968e-6238edd15072','2025-08-15 10:12:55','2025-09-14 10:54:23',2),(68,13,3000000,3240000,3,1080000,0,240000,0.8,2,'GRANTED','USKL1470288','9fb3e83d-d3b0-4eef-bd55-eab7022b9d4e','2025-08-23 12:00:43','2025-08-23 12:51:21',2),(69,1,1000000,1050000,1,1050000,0,50000,5,1,'CLOSED','USKL3428726','9fce3b57-7d67-402c-ae5d-5a01188b1200','2025-09-05 14:04:36','2025-10-03 16:12:22',2),(70,11,600000,648000,3,216000,0,48000,0.8,2,'CLOSED','USKL2231765','9fcfc6cc-bb6d-4008-aa09-49e3ac030b3e','2025-09-06 08:30:23','2025-11-24 06:20:10',2),(71,11,200000,210000,1,210000,0,10000,5,1,'CLOSED','USKL9299882','9fe04399-133a-43b6-96d8-9dc6516a7f65','2025-09-14 13:12:35','2025-09-24 13:40:17',2),(72,12,1600000,1728000,2,864000,0,128000,0.8,2,'GRANTED','USKL3517115','a00c3ef4-ce6c-40e5-af0a-13167a073d50','2025-10-06 09:56:02','2025-10-06 10:21:34',2),(73,11,200000,210000,1,210000,0,10000,5,1,'CLOSED','USKL4443709','a00c7b18-c583-4cdc-ad49-9d22f3220a41','2025-10-06 12:44:12','2025-10-21 14:34:51',2),(74,9,2000000,2160000,2,1080000,0,160000,0.8,2,'CLOSED','USKL7897322','a01a12c4-d479-4ca7-8f9b-b51aab37038d','2025-10-13 06:54:04','2025-12-18 08:29:46',2),(75,9,1000000,1050000,1,1050000,0,50000,5,1,'CLOSED','USKL9445081','a01cb130-fefe-4abf-9696-808228492813','2025-10-14 14:08:43','2025-12-14 10:09:36',2),(76,1,1000000,1050000,1,1050000,0,50000,5,1,'CLOSED','USKL1177394','a02094b7-633a-4b21-b8ac-76a7ec9775a6','2025-10-16 12:32:24','2025-11-14 19:23:30',2),(77,11,200000,210000,1,210000,0,10000,5,1,'CLOSED','USKL8792333','a0306986-a7be-4d7a-b033-10b69960b5e8','2025-10-24 09:24:53','2025-11-29 10:39:55',2);
/*!40000 ALTER TABLE `loan_applications` ENABLE KEYS */;
UNLOCK TABLES;

--
-- Table structure for table `loan_contracts`
--

DROP TABLE IF EXISTS `loan_contracts`;
/*!40101 SET @saved_cs_client     = @@character_set_client */;
/*!40101 SET character_set_client = utf8 */;
CREATE TABLE `loan_contracts` (
  `id` int(11) NOT NULL AUTO_INCREMENT,
  `member_id` int(11) NOT NULL,
  `loan_application_id` int(11) NOT NULL,
  `loan_type_id` varchar(20) DEFAULT NULL,
  `total_amount` float NOT NULL,
  `total_loan_amount` float DEFAULT NULL,
  `installment_amount` float NOT NULL,
  `plan` int(11) NOT NULL,
  `fee_amount` float DEFAULT NULL,
  `interest_amount` float DEFAULT NULL,
  `interest_rate` float DEFAULT NULL,
  `excess_amount` float DEFAULT 0,
  `status` varchar(20) NOT NULL,
  `current_balance` float NOT NULL DEFAULT 0,
  `outstanding_amount` float NOT NULL,
  `contract_code` varchar(20) NOT NULL,
  `start_date` date DEFAULT NULL,
  `disbursment_date` date DEFAULT NULL,
  `expected_end_date` date DEFAULT NULL,
  `past_due_days` int(11) DEFAULT NULL,
  `highest_past_due_days` int(11) NOT NULL DEFAULT 0,
  `past_due_amount` float DEFAULT NULL,
  `penalt_amount` float DEFAULT NULL,
  `penalt_amount_paid` float DEFAULT NULL,
  `uuid` varchar(100) NOT NULL,
  `created_by` int(11) NOT NULL,
  `date_of_last_payment` date DEFAULT NULL,
  `last_payment_amount` float DEFAULT NULL,
  `next_payment_date` date DEFAULT NULL,
  `created_at` timestamp NOT NULL DEFAULT current_timestamp(),
  `updated_at` timestamp NOT NULL DEFAULT current_timestamp() ON UPDATE current_timestamp(),
  `financial_year_id` int(11) NOT NULL DEFAULT 1,
  PRIMARY KEY (`id`)
) ENGINE=InnoDB AUTO_INCREMENT=64 DEFAULT CHARSET=utf8mb3 COLLATE=utf8mb3_general_ci;
/*!40101 SET character_set_client = @saved_cs_client */;

--
-- Dumping data for table `loan_contracts`
--

LOCK TABLES `loan_contracts` WRITE;
/*!40000 ALTER TABLE `loan_contracts` DISABLE KEYS */;
INSERT INTO `loan_contracts` VALUES (1,11,3,'2',200000,216000,72000,3,0,16000,0.8,0,'CLOSED',216000,0,'USKL9715464','2024-02-08','2024-02-08','2024-05-08',NULL,0,0,0,0,'9b49ad9d-da35-403a-b79b-8ef0d80b65e2',4,'2024-05-06',72000,'2024-05-06','2024-02-08 18:51:17','2024-05-06 18:27:17',1),(2,10,5,'1',700000,735000,735000,1,0,35000,5,0,'CLOSED',735000,0,'USKL1900981','2024-01-31','2024-01-22','2024-03-02',0,0,0,0,0,'9b5fcbef-b43c-4abc-a0c9-b0d502c6df39',8,'2024-03-04',735000,'2024-03-02','2024-02-19 18:44:16','2024-03-04 17:21:43',1),(3,8,6,'2',900000,972000,324000,3,0,72000,0.8,0,'CLOSED',972000,0,'USKL9794923','2024-02-19','2024-02-19','2024-05-19',NULL,0,0,0,0,'9b6103ef-b147-46b3-909f-b48cfb1f1e27',8,'2024-04-06',477000,'2024-04-06','2024-02-20 09:16:41','2024-04-06 14:46:50',1),(4,9,7,'1',600000,630000,630000,1,0,30000,5,0,'CLOSED',630000,0,'USKL5730678','2024-03-12','2024-03-12','2024-04-12',NULL,0,0,0,0,'9b8beb39-50eb-41b6-858c-93d344b48393',8,'2024-03-17',630000,'2024-03-17','2024-03-12 17:08:11','2024-03-17 15:22:18',1),(5,10,8,'2',800000,864000,144000,6,0,64000,0.8,0,'CLOSED',864000,0,'USKL6535244','2024-03-18','2024-03-18','2024-09-18',NULL,0,0,0,0,'9b984f3c-ca79-40aa-b636-e91eb9220fc1',8,'2024-05-27',576000,'2024-05-27','2024-03-18 20:57:47','2024-05-27 19:46:06',1),(6,8,11,'2',3000000,3240000,405000,8,0,240000,0.8,0,'CLOSED',3240000,0,'USKL7281815','2024-04-06','2024-04-06','2024-12-06',14,14,146750,0,141750,'9bbe292e-490a-4ab7-b0ff-00f9c0f027f8',8,'2024-12-21',2971750,'2024-12-21','2024-04-06 16:32:49','2024-12-22 00:27:00',1),(7,9,13,'2',200000,216000,54000,4,0,16000,0.8,0,'CLOSED',216000,0,'USKL6933435','2024-04-12','2024-04-12','2024-08-12',NULL,0,0,0,0,'9bca6198-aa4f-4f62-bfff-e5521b152089',8,'2024-06-13',107000,'2024-06-13','2024-04-12 18:20:30','2024-06-13 17:51:12',1),(8,13,15,'1',600000,630000,630000,1,0,30000,5,0,'CLOSED',630000,0,'USKL4209768','2024-01-13','2024-01-13','2024-02-13',59,59,31500,0,31500,'9bca86ae-0673-4503-8fb6-6e94324af4a0',8,'2024-04-12',661500,'2024-04-12','2024-04-12 20:04:12','2024-04-12 20:19:22',1),(9,13,14,'2',1020000,1101600,183600,6,0,81600,0.8,0,'CLOSED',1101600,0,'USKL6283557','2024-01-01','2024-01-01','2024-07-01',NULL,0,36720,0,36720,'9bca873c-94fa-4b98-89ca-987491416db1',8,'2024-05-25',183600,'2024-05-25','2024-04-12 20:05:45','2024-05-25 13:00:11',1),(10,13,16,'1',1000000,1050000,1050000,1,0,50000,5,700,'CLOSED',1050000,0,'USKL6720834','2024-04-12','2024-04-12','2024-05-12',NULL,62,999500,0,52500,'9bcaae57-eb4a-4c76-ab02-5994c825fd83',8,'2024-07-14',50200,'2024-07-14','2024-04-12 21:55:06','2024-07-14 18:51:28',1),(11,12,18,'2',700000,756000,126000,6,0,56000,0.8,0,'CLOSED',756000,0,'USKL5113043','2024-04-30','2024-04-23','2024-10-30',NULL,0,0,0,0,'9bdfeabb-d823-4a9a-b77e-35380131e739',8,'2024-10-26',126000,'2024-10-26','2024-04-23 11:16:21','2024-10-27 01:36:22',1),(12,11,19,'1',1000000,1050000,1050000,1,0,50000,5,0,'CLOSED',1050000,0,'USKL4788983','2024-05-07','2024-05-07','2024-06-07',NULL,0,0,0,0,'9bfcdc6c-51ca-40c1-a630-d72bb1a2ae5e',8,'2024-05-25',1050000,'2024-05-25','2024-05-07 20:35:21','2024-05-25 12:57:32',1),(13,10,20,'2',2600000,2808000,468000,6,0,208000,0.8,0,'CLOSED',2808000,0,'USKL9459471','2024-05-31','2024-05-29','2024-12-01',NULL,19,1333800,0,93600,'9c288972-899e-4274-9f97-2bba760eb238',8,'2024-12-21',23400,'2024-12-21','2024-05-29 13:39:46','2024-12-22 00:31:04',1),(14,12,21,'1',1000000,1050000,1050000,1,0,50000,5,0,'CLOSED',1050000,0,'USKL2833155','2024-05-31','2024-05-31','2024-07-01',1,1,52500,0,52500,'9c2d0c8c-8cc0-4f7a-bbbd-1a30518e73d1',8,'2024-07-03',1102500,'2024-07-03','2024-05-31 19:29:39','2024-07-03 19:19:57',1),(15,9,22,'2',1300000,1404000,234000,6,0,104000,0.8,0,'CLOSED',1404000,0,'USKL2040945','2024-07-04','2024-07-04','2025-01-04',NULL,0,322300,0,23400,'9c74d182-b7af-4884-b62f-65644a609c8a',8,'2024-12-10',11700,'2024-12-10','2024-07-06 11:44:11','2024-12-10 16:57:47',1),(16,12,23,'1',1000000,1050000,1050000,1,0,50000,5,0,'CLOSED',1050000,0,'USKL8169643','2024-07-06','2024-07-06','2024-08-06',136,136,52500,0,52500,'9c7ac3f0-656d-4df3-a00a-189bfe0a9323',8,'2024-12-21',1102500,'2024-12-21','2024-07-09 10:41:12','2024-12-22 00:25:05',1),(17,11,24,'2',350000,378000,126000,3,0,28000,0.8,0,'CLOSED',378000,0,'USKL2322632','2024-07-06','2024-07-06','2024-10-06',NULL,0,0,0,0,'9c7ac4b3-c8ef-4b9d-bd29-b7f0989bd731',8,'2024-09-25',126000,'2024-09-25','2024-07-09 10:43:20','2024-09-25 21:21:33',1),(18,11,26,'1',500000,525000,525000,1,0,25000,5,0,'CLOSED',525000,0,'USKL6170214','2024-07-31','2024-07-21','2024-08-31',NULL,0,0,0,0,'9c93457a-f842-4915-8d32-2f500869ff8e',8,'2024-08-24',525000,'2024-08-24','2024-07-21 15:03:18','2024-08-24 21:38:20',1),(19,9,29,'1',1000000,1050000,1050000,1,0,50000,5,0,'CLOSED',1050000,0,'USKL2798110','2024-08-31','2024-08-28','2024-10-01',NULL,5,52500,0,52500,'9cede2ab-5d3f-4fe0-b29b-041a73bbb248',8,'2024-10-07',1050000,'2024-10-07','2024-09-04 16:07:20','2024-10-07 20:12:16',1),(20,10,27,'1',200000,210000,210000,1,0,10000,5,0,'CLOSED',210000,0,'USKL2179261','2024-08-11','2024-08-11','2024-09-11',NULL,0,0,0,0,'9cede4c6-7549-450c-87b0-7bf04ba7f2b2',8,'2024-09-11',210000,'2024-09-11','2024-09-04 16:13:13','2024-09-11 18:01:12',1),(21,10,30,'1',700000,735000,735000,1,0,35000,5,0,'CLOSED',735000,0,'USKL4450904','2024-09-17','2024-09-17','2024-10-17',64,64,663250,0,36750,'9d0a1c9c-97eb-4b94-a430-859ff28776f5',8,'2024-12-21',71750,'2024-12-21','2024-09-18 16:52:32','2024-12-22 00:25:23',1),(22,13,31,'2',2000000,2160000,1080000,2,0,160000,0.8,0,'CLOSED',2160000,0,'USKL2335513','2024-10-03','2024-10-03','2024-12-03',17,17,54000,0,54000,'9d31a5a7-e7c2-40ed-8932-cf8df5f4957f',8,'2024-12-21',1134000,'2024-12-21','2024-10-08 08:33:02','2024-12-21 21:06:37',1),(23,11,32,'1',200000,210000,210000,1,0,10000,5,0,'CLOSED',210000,0,'USKL6658112','2024-10-06','2024-10-06','2024-11-06',NULL,0,0,0,0,'9d31a61a-25d1-4171-bc77-0a8f7b61571a',8,'2024-10-25',210000,'2024-10-25','2024-10-08 08:34:16','2024-10-25 16:49:52',1),(24,1,34,'2',500000,540000,270000,2,0,40000,0.8,0,'CLOSED',540000,0,'USKL1642979','2024-10-10','2024-10-10','2024-12-10',0,0,113500,0,13500,'9d3ea6b8-a792-41a1-b53b-1ebf325d5640',8,'2024-11-28',453500,'2024-11-28','2024-10-15 00:41:46','2024-11-28 15:11:30',1),(25,9,35,'1',1000000,1050000,1050000,1,0,50000,5,0,'CLOSED',1050000,0,'USKL9078363','2024-10-15','2024-10-15','2024-11-15',6,6,52500,0,52500,'9d5242a4-033d-4ac4-8bf0-c3f69bc8660e',8,'2024-11-22',1102500,'2024-11-22','2024-10-24 18:38:29','2024-11-23 02:05:34',1),(26,13,36,'1',800000,840000,840000,1,0,40000,5,0,'CLOSED',840000,0,'USKL5411130','2024-11-01','2024-11-01','2024-12-01',19,19,42000,0,42000,'9d6254ee-1e5b-4033-81d0-78813132d5da',8,'2024-12-21',882000,'2024-12-21','2024-11-01 18:22:52','2024-12-21 21:06:32',1),(27,11,37,'1',500000,525000,525000,1,0,25000,5,0,'CLOSED',525000,0,'USKL5067668','2024-11-17','2024-11-17','2024-12-17',NULL,0,0,0,0,'9d82e4d9-845e-4999-80cd-02add1631ed3',8,'2024-12-09',525000,'2024-12-09','2024-11-17 23:51:47','2024-12-09 21:43:02',1),(28,1,38,'1',1000000,1050000,1050000,1,0,50000,5,0,'CLOSED',1050000,0,'USKL8215030','2024-11-30','2024-11-26','2024-12-30',NULL,0,0,0,0,'9da6fcda-50b6-46b6-a5dc-78f017022bff',8,'2024-12-21',550000,'2024-12-21','2024-12-05 22:28:42','2024-12-21 21:05:48',1),(29,9,39,'1',1000000,1050000,1050000,1,0,50000,5,0,'CLOSED',1050000,0,'USKL3728279','2024-11-30','2024-11-26','2024-12-30',NULL,0,0,0,0,'9da6fd46-9ba8-470a-91a9-6223311de8fa',8,'2024-12-21',1050000,'2024-12-21','2024-12-05 22:29:53','2024-12-22 00:30:41',1),(30,9,40,'1',1000000,1050000,1050000,1,0,50000,5,0,'CLOSED',1050000,0,'USKL2265547','2025-01-31','2025-01-20','2025-03-03',NULL,16,52500,0,52500,'9e030f21-832a-491c-8391-f4defb3de80d',8,'2025-03-20',52500,'2025-03-20','2025-01-20 16:55:59','2025-03-20 15:43:32',2),(31,12,41,'1',800000,840000,840000,1,0,40000,5,0,'GRANTED',0,840000,'USKL7593479','2025-02-01','2025-02-01','2025-03-01',295,295,882000,42000,NULL,'9e1bba62-de23-4b17-86eb-e9b069d9df2a',8,NULL,NULL,NULL,'2025-02-01 16:14:43','2025-12-21 20:50:02',2),(32,8,42,'2',853674,921968,307323,3,0,68293.9,0.8,46102.4,'CLOSED',921969,0,'USKL6371610','2024-12-31','2024-12-22','2025-03-31',52,52,46098,0,46098.6,'9e2fde78-d3d6-477b-a171-2bf37adb0173',8,'2025-05-23',1014170,'2025-05-23','2025-02-11 16:32:11','2025-05-23 18:03:49',2),(33,11,43,'2',700000,756000,252000,3,0,56000,0.8,0,'CLOSED',756000,0,'USKL1851733','2025-02-12','2025-02-12','2025-05-12',NULL,9,478800,0,37800,'9e318ff0-1338-42cf-9a1e-b37740e315d7',8,'2025-05-22',12600,'2025-05-22','2025-02-12 12:44:14','2025-05-22 18:19:27',2),(34,10,44,'2',300000,324000,324000,1,0,24000,0.8,0,'CLOSED',324000,0,'USKL2369555','2025-02-13','2025-02-13','2025-03-13',NULL,0,0,0,0,'9e33ec4b-b9ad-4b9c-881b-5d23e0e9d17d',8,'2025-02-26',324000,'2025-02-26','2025-02-13 16:54:09','2025-02-26 14:14:59',2),(35,10,45,'2',800000,864000,144000,6,0,64000,0.8,0,'CLOSED',864000,0,'USKL4717965','2025-02-28','2025-02-26','2025-08-28',0,0,280800,0,21600,'9e5031d7-b90c-4943-8c8b-da1554e61fed',8,'2025-06-25',439200,'2025-06-25','2025-02-27 18:11:47','2025-06-25 18:11:46',2),(36,1,48,'2',400000,432000,144000,3,0,32000,0.8,0,'CLOSED',432000,0,'USKL9650344','2025-03-14','2025-03-14','2025-06-14',NULL,0,0,0,0,'9e77973a-535e-49f4-99a1-6f6ddd04b02d',8,'2025-04-25',288000,'2025-04-25','2025-03-19 08:12:34','2025-04-25 09:36:06',2),(37,9,49,'1',1000000,1050000,1050000,1,0,50000,5,0,'CLOSED',1050000,0,'USKL4330308','2025-03-31','2025-03-20','2025-05-01',1,1,52500,0,52500,'9e7a48a1-24a3-42d8-9278-0b2a9ea5f413',8,'2025-05-03',1102500,'2025-05-03','2025-03-20 16:20:17','2025-05-03 10:51:00',2),(38,1,50,'1',1000000,1050000,1050000,1,0,50000,5,0,'CLOSED',1050000,0,'USKL8099434','2025-04-10','2025-04-10','2025-05-10',96,96,447500,0,52500,'9ea680f6-797a-4a43-bbf1-b2a56884aa10',8,'2025-08-15',602500,'2025-08-15','2025-04-11 14:54:13','2025-08-15 15:25:49',2),(39,13,52,'2',1500000,1620000,270000,6,0,120000,0.8,13500,'CLOSED',1620000,0,'USKL8675935','2025-04-30','2025-04-28','2025-10-30',0,0,40500,0,40500,'9ec7ee39-95ef-441d-b342-a50ac7b9f29b',8,'2025-08-23',13500,'2025-08-23','2025-04-28 05:42:04','2025-08-23 11:52:31',2),(40,10,51,'1',300000,315000,315000,1,0,15000,5,0,'CLOSED',315000,0,'USKL9697610','2025-04-12','2025-04-12','2025-05-12',38,38,15750,0,15750,'9ec7ee9a-ee13-4ba3-88bc-26521a9e63e9',8,'2025-06-20',330750,'2025-06-20','2025-04-28 05:43:08','2025-06-20 13:12:18',2),(41,9,53,'2',1260000,1360800,226800,6,0,100800,0.8,0,'CLOSED',1360800,0,'USKL9118483','2025-05-06','2025-05-06','2025-11-06',NULL,0,434120,0,34020,'9ed88227-0fb6-40bd-bfac-6202ab52b0c2',8,'2025-10-13',226800,'2025-10-13','2025-05-06 11:28:57','2025-10-13 06:51:55',2),(42,11,56,'1',1000000,1050000,1050000,1,0,50000,5,0,'CLOSED',1050000,0,'USKL3146281','2025-05-31','2025-05-26','2025-07-01',NULL,0,0,0,0,'9f01023a-3d17-40c0-8fb3-cc45a31041d2',8,'2025-06-14',1050000,'2025-06-14','2025-05-26 14:40:11','2025-06-14 11:19:01',2),(43,8,55,'2',3000000,3240000,540000,6,0,240000,0.8,0,'GRANTED',540000,2700000,'USKL1150611','2025-05-31','2025-05-23','2025-12-01',20,20,2835000,135000,0,'9f010312-51b4-4e09-ae9f-b281644782c5',8,'2025-07-01',540000,'2025-07-31','2025-05-26 14:42:33','2025-12-21 20:50:02',2),(44,9,54,'1',1000000,1050000,1050000,1,0,50000,5,0,'CLOSED',1050000,0,'USKL2972229','2025-05-31','2025-05-23','2025-07-01',NULL,0,0,0,0,'9f01037d-6704-4f15-b3ce-941eafd28c4f',8,'2025-06-30',1050000,'2025-06-30','2025-05-26 14:43:43','2025-06-30 13:22:09',2),(45,11,57,'1',1000000,1050000,1050000,1,0,50000,5,0,'CLOSED',1050000,0,'USKL5778195','2025-06-30','2025-06-22','2025-07-30',NULL,0,0,0,0,'9f454eb5-c1a3-447d-b6df-20a825fd2446',8,'2025-07-22',1050000,'2025-07-22','2025-06-29 12:30:20','2025-07-22 18:44:46',2),(46,10,59,'1',460000,483000,483000,1,0,23000,5,0,'GRANTED',0,483000,'USKL8063275','2025-06-30','2025-06-29','2025-07-30',144,144,507150,24150,NULL,'9f457a91-f0dd-49c2-99e1-687cebdeeaf2',8,NULL,NULL,NULL,'2025-06-29 14:32:59','2025-12-21 20:50:02',2),(47,9,62,'1',1000000,1050000,1050000,1,0,50000,5,0,'CLOSED',1050000,0,'USKL2668641','2025-07-06','2025-07-06','2025-08-06',2,2,52500,0,52500,'9f576308-a3c4-4366-bec4-28703d37db2a',8,'2025-08-09',1102500,'2025-08-09','2025-07-08 12:12:04','2025-08-09 08:35:21',2),(48,10,61,'2',1850000,1998000,399600,5,0,148000,0.8,0,'GRANTED',460040,1537960,'USKL5610586','2025-07-01','2025-07-01','2025-12-01',20,20,1678320,59940,39960,'9f5763bf-ed97-4c39-ba02-b3a79540bbb0',8,'2025-11-11',500000,'2025-09-01','2025-07-08 12:14:04','2025-12-21 20:50:02',2),(49,8,63,'1',1000000,1050000,1050000,1,0,50000,5,0,'GRANTED',0,1050000,'USKL1752325','2025-07-10','2025-07-10','2025-08-10',133,133,1102500,52500,NULL,'9f83256e-af2a-4316-adec-9a1e9d802575',8,NULL,NULL,NULL,'2025-07-30 06:16:15','2025-12-21 20:50:02',2),(50,11,64,'1',400000,420000,420000,1,0,20000,5,0,'CLOSED',420000,0,'USKL3946355','2025-07-31','2025-07-30','2025-08-31',NULL,0,0,0,0,'9f834d08-03a7-4cd1-bbf2-8db8b0de1ac2',8,'2025-08-23',420000,'2025-08-23','2025-07-30 08:06:59','2025-08-23 09:48:07',2),(51,1,66,'2',600000,648000,162000,4,0,48000,0.8,0,'CLOSED',648000,0,'USKL2089730','2025-08-12','2025-08-12','2025-12-12',0,0,11300,0,16200,'9f9dbf4d-2790-4e1c-bbe1-a66540398680',8,'2025-11-12',489200,'2025-11-12','2025-08-12 11:38:01','2025-11-12 07:48:37',2),(52,13,65,'1',1000000,1050000,1050000,1,0,50000,5,0,'CLOSED',1050000,0,'USKL5389086','2025-07-31','2025-07-30','2025-08-31',30,30,52500,0,52500,'9f9dc056-73c8-4de3-9e8f-8b6e97ef7edd',8,'2025-10-01',1102500,'2025-10-01','2025-08-12 11:40:55','2025-10-01 04:50:19',2),(53,9,67,'1',1000000,1050000,1050000,1,0,50000,5,0,'CLOSED',1050000,0,'USKL3504056','2025-08-15','2025-08-15','2025-09-15',NULL,0,0,0,0,'9fa575cf-36cf-41e2-8525-46d8e6e47afe',8,'2025-09-14',1050000,'2025-09-14','2025-08-16 07:39:09','2025-09-14 10:54:23',2),(54,13,68,'2',3000000,3240000,1080000,3,0,240000,0.8,0,'GRANTED',2160000,1080000,'USKL1470288','2025-08-31','2025-08-23','2025-12-01',20,20,1134000,54000,0,'9fb3fa5a-58b3-4749-9b71-f7c353d1cfe0',8,'2025-10-01',2160000,'2025-12-01','2025-08-23 12:51:21','2025-12-21 20:50:02',2),(55,11,70,'2',600000,648000,216000,3,0,48000,0.8,0,'CLOSED',648000,0,'USKL2231765','2025-09-06','2025-09-06','2025-12-06',NULL,0,0,0,0,'9fcfd63a-02ac-4619-b04c-568e9b3131ff',8,'2025-11-24',216000,'2025-11-24','2025-09-06 09:13:31','2025-11-24 06:20:10',2),(56,1,69,'1',1000000,1050000,1050000,1,0,50000,5,0,'CLOSED',1050000,0,'USKL3428726','2025-09-05','2025-09-05','2025-10-05',NULL,0,0,0,0,'9fcfd924-31d3-4970-b307-4274cf77f261',8,'2025-10-03',1050000,'2025-10-03','2025-09-06 09:21:40','2025-10-03 16:12:22',2),(57,11,71,'1',200000,210000,210000,1,0,10000,5,0,'CLOSED',210000,0,'USKL9299882','2025-09-14','2025-09-14','2025-10-14',NULL,0,0,0,0,'9fe0606d-8d43-47cd-9187-92d99c4af0ef',8,'2025-09-24',210000,'2025-09-24','2025-09-14 14:33:12','2025-09-24 13:40:17',2),(58,12,72,'2',1600000,1728000,864000,2,0,128000,0.8,0,'GRANTED',0,1728000,'USKL3517115','2025-10-06','2025-10-06','2025-12-06',15,15,1814400,86400,NULL,'a00c4815-7898-4e77-9f00-3cbc78beecd5',8,NULL,NULL,NULL,'2025-10-06 10:21:34','2025-12-21 20:50:02',2),(59,11,73,'1',200000,210000,210000,1,0,10000,5,0,'CLOSED',210000,0,'USKL4443709','2025-10-06','2025-10-06','2025-11-06',NULL,0,0,0,0,'a01454c8-c497-417f-8c04-73769c8f259e',8,'2025-10-21',210000,'2025-10-21','2025-10-10 10:23:42','2025-10-21 14:34:51',2),(60,9,74,'2',2000000,2160000,1080000,2,0,160000,0.8,0,'CLOSED',2160000,0,'USKL7897322','2025-10-13','2025-10-13','2025-12-13',NULL,4,108000,0,108000,'a01acf13-e65a-4cef-96cd-8cbb1d4c8e97',8,'2025-12-18',268000,'2025-12-18','2025-10-13 15:40:37','2025-12-18 08:29:46',2),(61,9,75,'1',1000000,1050000,1050000,1,0,50000,5,0,'CLOSED',1050000,0,'USKL9445081','2025-10-14','2025-10-14','2025-11-14',29,29,52500,0,52500,'a020a8a6-4384-4237-966e-cae0f03ffe88',8,'2025-12-14',1102500,'2025-12-14','2025-10-16 13:28:08','2025-12-14 10:09:36',2),(62,1,76,'1',1000000,1050000,1050000,1,0,50000,5,0,'CLOSED',1050000,0,'USKL1177394','2025-10-16','2025-10-16','2025-11-16',NULL,0,0,0,0,'a0223bf1-c496-45a3-8bc5-aade86f366a6',8,'2025-11-14',1050000,'2025-11-14','2025-10-17 08:15:50','2025-11-14 19:23:30',2),(63,11,77,'1',200000,210000,210000,1,0,10000,5,0,'CLOSED',210000,0,'USKL8792333','2025-10-31','2025-10-24','2025-12-01',NULL,0,0,0,0,'a06e85da-2172-48b0-9009-51a557619985',8,'2025-11-29',210000,'2025-11-29','2025-11-24 06:25:25','2025-11-29 10:39:55',2);
/*!40000 ALTER TABLE `loan_contracts` ENABLE KEYS */;
UNLOCK TABLES;

--
-- Table structure for table `loan_guarantors`
--

DROP TABLE IF EXISTS `loan_guarantors`;
/*!40101 SET @saved_cs_client     = @@character_set_client */;
/*!40101 SET character_set_client = utf8 */;
CREATE TABLE `loan_guarantors` (
  `id` int(11) NOT NULL AUTO_INCREMENT,
  `member_id` int(11) NOT NULL,
  `loan_application_id` int(11) NOT NULL,
  `status` varchar(10) NOT NULL DEFAULT 'Pending',
  `comment` text DEFAULT NULL,
  `uuid` varchar(100) NOT NULL,
  `attended_date` date DEFAULT NULL,
  `created_at` timestamp NOT NULL DEFAULT current_timestamp(),
  `updated_at` timestamp NOT NULL DEFAULT current_timestamp() ON UPDATE current_timestamp(),
  `financial_year_id` int(11) NOT NULL DEFAULT 1,
  PRIMARY KEY (`id`)
) ENGINE=InnoDB AUTO_INCREMENT=155 DEFAULT CHARSET=utf8mb3 COLLATE=utf8mb3_general_ci;
/*!40101 SET character_set_client = @saved_cs_client */;

--
-- Dumping data for table `loan_guarantors`
--

LOCK TABLES `loan_guarantors` WRITE;
/*!40000 ALTER TABLE `loan_guarantors` DISABLE KEYS */;
INSERT INTO `loan_guarantors` VALUES (1,1,1,'Pending',NULL,'9b47ba53-00ff-4193-828d-270d26630ca4',NULL,'2024-02-07 19:35:09','2024-02-07 19:35:09',1),(2,10,1,'Pending',NULL,'9b47ba53-02ed-455a-a5b8-e1511d5e103f',NULL,'2024-02-07 19:35:09','2024-02-07 19:35:09',1),(3,12,1,'Pending',NULL,'9b47ba53-04f1-483e-820f-dcc0107dfb3a',NULL,'2024-02-07 19:35:09','2024-02-07 19:35:09',1),(4,1,2,'Pending',NULL,'9b47bbd4-cbc5-45ff-a2b1-0c353779e747',NULL,'2024-02-07 19:39:22','2024-02-07 19:39:22',1),(5,10,2,'Pending',NULL,'9b47bbd4-ceac-4813-be4f-51bd9c507052',NULL,'2024-02-07 19:39:22','2024-02-07 19:39:22',1),(6,12,2,'Pending',NULL,'9b47bbd4-d0af-42c8-bbe9-bf34bc830e14',NULL,'2024-02-07 19:39:22','2024-02-07 19:39:22',1),(7,1,3,'Approved',NULL,'9b47bd1b-f802-4a79-8035-f43e86695bba','2024-02-07','2024-02-07 19:42:57','2024-02-07 23:47:39',1),(8,12,3,'Approved',NULL,'9b47bd1b-fab7-4db1-b262-026ad34b74f0','2024-02-08','2024-02-07 19:42:57','2024-02-08 10:58:08',1),(9,1,4,'Approved',NULL,'9b57da48-7585-4b4e-b5cb-6898d56f8cdd','2024-02-16','2024-02-15 19:57:46','2024-02-16 09:56:06',1),(10,9,4,'Rejected','halipagi','9b57da48-775d-460f-a519-cd84ee05ab34','2024-10-10','2024-02-15 19:57:46','2024-10-10 15:15:48',1),(11,1,5,'Approved',NULL,'9b592e8d-333a-4dee-9195-e8d3dac83aab','2024-02-16','2024-02-16 11:49:14','2024-02-16 12:39:56',1),(12,11,5,'Approved',NULL,'9b592e8d-3575-4a9d-96a5-bb0a0542a994','2024-02-19','2024-02-16 11:49:14','2024-02-19 11:08:46',1),(13,1,6,'Approved',NULL,'9b593d38-ad58-4a79-9011-6cb90743c03b','2024-02-16','2024-02-16 12:30:15','2024-02-16 12:40:01',1),(14,9,6,'Approved',NULL,'9b593d38-af0e-43c0-973c-c347f58f7397','2024-02-16','2024-02-16 12:30:15','2024-02-16 13:00:55',1),(15,1,7,'Approved',NULL,'9b8bd029-a30d-40da-9c91-df9a8d617801','2024-03-12','2024-03-12 15:52:31','2024-03-12 15:54:40',1),(16,10,7,'Approved',NULL,'9b8bd029-aa0e-4532-86f5-f5dfcbb29d89','2024-03-12','2024-03-12 15:52:31','2024-03-12 16:05:09',1),(17,1,8,'Approved',NULL,'9b97e80b-346e-4ee5-bc76-d1d30e86ecbb','2024-03-18','2024-03-18 16:09:14','2024-03-18 16:19:40',1),(18,8,8,'Approved',NULL,'9b97e80b-3dee-4975-9f69-b0b867a36233','2024-03-18','2024-03-18 16:09:14','2024-03-18 16:16:35',1),(19,1,9,'Pending',NULL,'9bbe03d1-b2cf-4453-8518-1650592851e2',NULL,'2024-04-06 14:48:21','2024-04-06 14:48:21',1),(20,9,9,'Approved',NULL,'9bbe03d1-b6bd-4db0-a086-29a15b3488ab','2024-04-06','2024-04-06 14:48:21','2024-04-06 14:52:24',1),(21,1,10,'Pending',NULL,'9bbe105a-0667-4316-a0d3-ea9b4118399c',NULL,'2024-04-06 15:23:24','2024-04-06 15:23:24',1),(22,9,10,'Pending',NULL,'9bbe105a-0b44-4f4a-9a62-67d078290695',NULL,'2024-04-06 15:23:24','2024-04-06 15:23:24',1),(23,1,11,'Approved',NULL,'9bbe109a-1210-4ce9-a69f-ade987d05f03','2024-04-06','2024-04-06 15:24:06','2024-04-06 15:33:50',1),(24,9,11,'Approved',NULL,'9bbe109a-1b2e-48d9-86d9-780eee1b3541','2024-04-06','2024-04-06 15:24:06','2024-04-06 16:17:56',1),(25,9,12,'Pending',NULL,'9bc9c879-f5ce-49ae-94de-f1b2f34a2fec',NULL,'2024-04-12 11:12:21','2024-04-12 11:12:21',1),(26,12,12,'Pending',NULL,'9bc9c879-fe81-40fe-8cc9-533fc3f44243',NULL,'2024-04-12 11:12:21','2024-04-12 11:12:21',1),(27,1,13,'Approved',NULL,'9bca5066-a923-4a07-9f25-faaf348a6f85','2024-04-12','2024-04-12 17:32:26','2024-04-12 17:37:03',1),(28,12,13,'Approved',NULL,'9bca5066-ae3c-460f-8003-192cfb4974a5','2024-04-12','2024-04-12 17:32:26','2024-04-12 17:51:28',1),(29,1,14,'Approved',NULL,'9bca8450-1530-4c4c-a053-07725360cbc3','2024-04-12','2024-04-12 19:57:35','2024-04-12 19:58:35',1),(30,12,14,'Approved',NULL,'9bca8450-1a5d-455b-b44e-831fe28745b5','2024-04-12','2024-04-12 19:57:35','2024-04-12 19:58:56',1),(31,1,15,'Approved',NULL,'9bca8479-c06a-49f0-9183-0b2a857eebf3','2024-04-12','2024-04-12 19:58:02','2024-04-12 19:58:42',1),(32,12,15,'Approved',NULL,'9bca8479-cbb0-4446-aa10-f4b8f9dde6b3','2024-04-12','2024-04-12 19:58:02','2024-04-12 19:59:26',1),(33,1,16,'Approved',NULL,'9bcaa065-0473-4a20-b059-7743fcd52289','2024-04-12','2024-04-12 21:16:06','2024-04-12 21:16:46',1),(34,12,16,'Approved',NULL,'9bcaa065-092d-4717-b788-caf1893cca60','2024-04-12','2024-04-12 21:16:06','2024-04-12 21:22:46',1),(35,1,17,'Pending',NULL,'9bde452a-eb8f-42ee-919c-2bccf0cea75f',NULL,'2024-04-22 15:37:34','2024-04-22 15:37:34',1),(36,9,17,'Pending',NULL,'9bde452a-f997-493f-b051-55a6470b4704',NULL,'2024-04-22 15:37:34','2024-04-22 15:37:34',1),(37,1,18,'Approved',NULL,'9bde464c-17a8-4b4e-ad3a-01013e032e8e','2024-04-22','2024-04-22 15:40:44','2024-04-22 15:41:39',1),(38,9,18,'Approved',NULL,'9bde464c-1b8c-4d81-9359-19b53136684b','2024-04-22','2024-04-22 15:40:44','2024-04-22 18:15:22',1),(39,1,19,'Approved',NULL,'9bfca153-95c7-4f19-bb7b-8afac9ce4c56','2024-05-07','2024-05-07 17:50:06','2024-05-07 18:55:01',1),(40,12,19,'Approved',NULL,'9bfca153-9db0-43b6-85cb-e37239a2d05c','2024-05-07','2024-05-07 17:50:06','2024-05-07 19:52:21',1),(41,9,20,'Approved',NULL,'9c2514ee-8d73-44dc-9584-335a354d35e1','2024-05-27','2024-05-27 20:26:29','2024-05-27 21:02:58',1),(42,12,20,'Approved',NULL,'9c2514ee-9480-4480-80a9-da2042d31482','2024-05-28','2024-05-27 20:26:29','2024-05-28 20:10:43',1),(43,8,21,'Approved',NULL,'9c2cb763-4a2f-40da-b0de-1a8c96bdcbcd','2024-05-31','2024-05-31 15:31:32','2024-05-31 15:52:13',1),(44,9,21,'Approved',NULL,'9c2cb763-54a1-4bed-930c-86f80ee92b33','2024-05-31','2024-05-31 15:31:32','2024-05-31 19:01:05',1),(45,8,22,'Approved',NULL,'9c6f368f-3b69-4b2a-8d8b-059c0def36e7','2024-07-03','2024-07-03 16:51:46','2024-07-03 19:22:00',1),(46,10,22,'Approved',NULL,'9c6f368f-5c58-4cdc-b868-cb328fd7e155','2024-07-03','2024-07-03 16:51:46','2024-07-03 19:27:25',1),(47,1,23,'Approved',NULL,'9c74cfce-4ccb-4d2e-abb6-04f5545f5ffe','2024-07-06','2024-07-06 11:39:25','2024-07-06 11:43:18',1),(48,8,23,'Approved',NULL,'9c74cfce-5321-44f2-80fe-6742e0212d8e','2024-07-06','2024-07-06 11:39:25','2024-07-06 11:42:34',1),(49,1,24,'Approved',NULL,'9c7510a1-f9c5-440a-8fa1-9dfd2492e5f4','2024-07-06','2024-07-06 14:40:41','2024-07-06 14:46:07',1),(50,12,24,'Approved',NULL,'9c7510a1-fe25-487f-9656-283ceb740055','2024-07-06','2024-07-06 14:40:41','2024-07-06 15:46:47',1),(51,1,25,'Pending',NULL,'9c9303b3-c9f6-4be8-8182-57a0edccfe27',NULL,'2024-07-21 11:59:22','2024-07-21 11:59:22',1),(52,12,25,'Pending',NULL,'9c9303b3-d270-42b6-9cf9-ed552782c286',NULL,'2024-07-21 11:59:22','2024-07-21 11:59:22',1),(53,1,26,'Approved',NULL,'9c93045a-f292-4a25-8fe6-19fc839763e8','2024-07-21','2024-07-21 12:01:11','2024-07-21 12:34:14',1),(54,12,26,'Approved',NULL,'9c93045a-f8ba-4a7e-ade5-f96b2f542860','2024-07-21','2024-07-21 12:01:11','2024-07-21 14:04:40',1),(55,8,27,'Approved',NULL,'9cbd910d-2ca6-4c42-9dcf-6b8e6cafd684','2024-08-11','2024-08-11 15:39:23','2024-08-11 15:50:53',1),(56,12,27,'Approved',NULL,'9cbd910d-388f-4a53-b450-c424119ffb0a','2024-08-11','2024-08-11 15:39:23','2024-08-11 15:54:26',1),(57,8,28,'Pending',NULL,'9cdf57ab-8aa8-481a-b29d-eb75e510eda8',NULL,'2024-08-28 10:37:05','2024-08-28 10:37:05',1),(58,10,28,'Pending',NULL,'9cdf57ab-9cad-4076-aa4e-6f6ce73d2cc3',NULL,'2024-08-28 10:37:05','2024-08-28 10:37:05',1),(59,8,29,'Approved',NULL,'9cdf57cd-0271-48e1-869e-fd6443d7e3ee','2024-08-28','2024-08-28 10:37:26','2024-08-28 10:40:10',1),(60,10,29,'Approved',NULL,'9cdf57cd-0a42-47b2-991e-4c3c9e43abe4','2024-08-28','2024-08-28 10:37:26','2024-08-28 11:15:16',1),(61,11,30,'Approved',NULL,'9d080a8d-72c0-4830-8753-90bab10f85e1','2024-09-17','2024-09-17 16:10:23','2024-09-17 16:53:51',1),(62,13,30,'Approved',NULL,'9d080a8d-7978-4ab4-8a5c-460b21841dbd','2024-09-17','2024-09-17 16:10:23','2024-09-17 16:18:14',1),(63,10,31,'Approved',NULL,'9d289d9e-879c-40ed-8bfc-e262d0f01017','2024-10-03','2024-10-03 20:48:06','2024-10-03 20:54:26',1),(64,12,31,'Approved',NULL,'9d289d9e-926b-4f56-9821-d32e37216a37','2024-10-03','2024-10-03 20:48:06','2024-10-03 20:55:04',1),(65,1,32,'Approved',NULL,'9d2e545b-f323-4e89-8a2f-70f62c45ab76','2024-10-06','2024-10-06 16:58:13','2024-10-06 17:00:01',1),(66,10,32,'Approved',NULL,'9d2e545b-fbce-4c1c-b53e-615ea117ba29','2024-10-06','2024-10-06 16:58:13','2024-10-06 17:24:13',1),(67,9,33,'Pending',NULL,'9d362923-22f1-4562-a549-8b235acd5d2f',NULL,'2024-10-10 14:23:59','2024-10-10 14:23:59',1),(68,10,33,'Pending',NULL,'9d362923-27d6-4b77-8fe2-4666dfea7cec',NULL,'2024-10-10 14:23:59','2024-10-10 14:23:59',1),(69,9,34,'Approved',NULL,'9d362a04-855b-4d78-8c3e-03c08cee1214','2024-10-10','2024-10-10 14:26:27','2024-10-10 15:15:22',1),(70,10,34,'Approved',NULL,'9d362a04-8f3f-4587-974b-7dbf6686822e','2024-10-10','2024-10-10 14:26:27','2024-10-10 14:27:27',1),(71,1,35,'Approved',NULL,'9d3f9bef-449c-4fe3-9084-86a357c4edcf','2024-10-15','2024-10-15 12:07:26','2024-10-15 13:03:53',1),(72,8,35,'Approved',NULL,'9d3f9bef-471b-46f7-9847-875b2e2b52fc','2024-10-15','2024-10-15 12:07:26','2024-10-15 14:07:39',1),(73,8,36,'Approved',NULL,'9d624e54-4376-4ad9-918d-8d4cda2a276d','2024-11-01','2024-11-01 18:04:25','2024-11-01 18:06:24',1),(74,12,36,'Approved',NULL,'9d624e54-4689-4d8e-8e8e-9d10e79aef30','2024-11-01','2024-11-01 18:04:25','2024-11-01 18:12:56',1),(75,1,37,'Approved',NULL,'9d82ba2b-b651-4cf6-af07-739d9fe47823','2024-11-17','2024-11-17 21:52:27','2024-11-17 21:55:38',1),(76,12,37,'Approved',NULL,'9d82ba2b-b921-45ed-9971-a098f84e2b7c','2024-11-17','2024-11-17 21:52:27','2024-11-17 21:59:22',1),(77,10,38,'Approved',NULL,'9d94be4d-70a7-45e0-ab59-79a9b4498ebf','2024-11-26','2024-11-26 20:48:54','2024-11-27 01:27:01',1),(78,12,38,'Approved',NULL,'9d94be4d-75a1-41c9-8b90-b3492dc9d89f','2024-11-26','2024-11-26 20:48:54','2024-11-26 20:51:26',1),(79,8,39,'Approved',NULL,'9d94bec3-c8f1-4577-b7db-95b0ae31e0a0','2024-11-26','2024-11-26 20:50:12','2024-11-26 20:56:10',1),(80,12,39,'Approved',NULL,'9d94bec3-ca0d-4ce6-bd07-727be6a212c8','2024-11-26','2024-11-26 20:50:12','2024-11-26 20:51:55',1),(81,8,40,'Approved',NULL,'9e02f6a5-21c5-4ea4-9a1d-5feaa58bb88a','2025-01-20','2025-01-20 15:47:31','2025-01-20 16:01:07',2),(82,12,40,'Approved',NULL,'9e02f6a9-5d7e-4683-b1ff-2ff7b58fba1b','2025-01-20','2025-01-20 15:47:34','2025-01-20 16:44:01',2),(83,1,41,'Approved',NULL,'9e1ba6dc-f653-438a-bf2a-bf4f3b1a84eb','2025-02-01','2025-02-01 15:20:08','2025-02-01 15:23:06',2),(84,8,41,'Approved',NULL,'9e1ba6de-7749-4d58-baa6-137267f8314a','2025-02-01','2025-02-01 15:20:09','2025-02-01 15:25:28',2),(85,1,43,'Approved',NULL,'9e317b30-af1d-4bdd-b2ca-1fda87a384b8','2025-02-12','2025-02-12 11:46:13','2025-02-12 11:49:56',2),(86,12,43,'Approved',NULL,'9e317b32-34d6-4f76-86c5-ab50170fc6af','2025-02-12','2025-02-12 11:46:14','2025-02-12 11:51:07',2),(87,11,44,'Approved',NULL,'9e336d6e-6c90-4918-9a4a-323d81d3b68d','2025-02-13','2025-02-13 10:59:24','2025-02-13 11:02:17',2),(88,12,44,'Approved',NULL,'9e336d6f-bd4d-4f7c-a8ec-aca46df73b43','2025-02-13','2025-02-13 10:59:25','2025-02-13 11:14:44',2),(89,8,45,'Approved',NULL,'9e4de04f-edbd-45ae-9bf8-7fe192cfce4c','2025-02-26','2025-02-26 14:32:10','2025-02-26 15:03:26',2),(90,12,45,'Approved',NULL,'9e4de050-de8e-4bed-92dd-ab016f6dce77','2025-02-26','2025-02-26 14:32:10','2025-02-26 14:44:26',2),(91,10,46,'Pending',NULL,'9e6e3e11-dd14-45d1-88c9-8b23a96ff72a',NULL,'2025-03-14 16:40:49','2025-03-14 16:40:49',2),(92,12,46,'Pending',NULL,'9e6e3e13-0e10-4ebf-bd6c-8f9f33823f47',NULL,'2025-03-14 16:40:50','2025-03-14 16:40:50',2),(93,10,47,'Approved',NULL,'9e6e3eba-b65c-4771-b3a4-2af6f6f32a6a','2025-03-14','2025-03-14 16:42:40','2025-03-14 16:44:56',2),(94,12,47,'Pending',NULL,'9e6e3ebb-c77e-4e59-b90e-c7c0cb51a337',NULL,'2025-03-14 16:42:40','2025-03-14 16:42:40',2),(95,10,48,'Approved',NULL,'9e6e5941-94b6-454a-b905-4bd4b01a975b','2025-03-14','2025-03-14 17:56:50','2025-03-14 17:58:02',2),(96,12,48,'Approved',NULL,'9e6e5942-d064-4b37-a2af-5f1d42d74e2e','2025-03-19','2025-03-14 17:56:51','2025-03-19 08:12:01',2),(97,10,49,'Approved',NULL,'9e7a4461-3c87-4304-aa8b-8459f0ad36d6','2025-03-20','2025-03-20 16:08:24','2025-03-20 16:11:29',2),(98,12,49,'Approved',NULL,'9e7a4462-2fac-44ef-b0b6-6b4ff1c2679f','2025-03-20','2025-03-20 16:08:24','2025-03-20 16:10:36',2),(99,9,50,'Approved',NULL,'9ea46e16-715d-41e7-be92-5d3e488942ae','2025-04-10','2025-04-10 14:09:47','2025-04-10 14:10:37',2),(100,11,50,'Approved',NULL,'9ea46e18-42f3-461f-afe1-613d6011d145','2025-04-10','2025-04-10 14:09:49','2025-04-10 14:10:59',2),(101,11,51,'Approved',NULL,'9ea89709-bef4-44f2-abac-2e37dc5d24d7','2025-04-16','2025-04-12 15:47:36','2025-04-16 19:17:00',2),(102,12,51,'Approved',NULL,'9ea8970b-423a-45d9-9266-601b2dace060','2025-04-27','2025-04-12 15:47:37','2025-04-27 18:32:49',2),(103,10,52,'Approved',NULL,'9ec6e94d-3415-42a8-b403-16388ffcb06a','2025-04-27','2025-04-27 17:32:28','2025-04-27 18:01:12',2),(104,12,52,'Approved',NULL,'9ec6e953-3565-4368-a1a9-6a5e7e63e0cd','2025-04-27','2025-04-27 17:32:32','2025-04-27 18:33:32',2),(105,1,53,'Approved',NULL,'9ed64943-fb45-4044-b6fd-ad5d67292bff','2025-05-05','2025-05-05 08:58:13','2025-05-05 08:59:52',2),(106,12,53,'Approved',NULL,'9ed64944-fdf4-4de7-b3ec-e8b4793e480c','2025-05-06','2025-05-05 08:58:14','2025-05-06 11:28:07',2),(107,1,54,'Approved',NULL,'9efa3bdd-5601-415f-8367-6be1f681a80e','2025-05-23','2025-05-23 05:50:33','2025-05-23 06:40:25',2),(108,12,54,'Approved',NULL,'9efa3bde-c262-47ff-8a11-54d5b486e228','2025-05-23','2025-05-23 05:50:34','2025-05-23 06:54:43',2),(109,1,55,'Approved',NULL,'9efb42a2-df07-4b7d-848f-08ab51d2db5e','2025-05-23','2025-05-23 18:05:19','2025-05-23 18:07:32',2),(110,9,55,'Approved',NULL,'9efb42a3-fa2b-40d3-8524-b60f52a792dc','2025-05-23','2025-05-23 18:05:20','2025-05-23 19:12:00',2),(111,1,56,'Approved',NULL,'9efc7880-4569-4bc0-b76a-1616a50ac552','2025-05-24','2025-05-24 08:31:46','2025-05-24 08:37:43',2),(112,12,56,'Approved',NULL,'9efc7881-837e-4725-8cd0-aafac8778188','2025-05-24','2025-05-24 08:31:47','2025-05-24 08:34:55',2),(113,1,57,'Approved',NULL,'9f371a0f-cdca-4d65-9eae-eed22fbc7414','2025-06-22','2025-06-22 11:01:32','2025-06-22 11:16:49',2),(114,10,57,'Approved',NULL,'9f371a11-cc60-4e2f-bdec-e3d3de6be5f9','2025-06-22','2025-06-22 11:01:33','2025-06-22 11:04:51',2),(115,11,58,'Approved',NULL,'9f3dbd80-304e-4ab8-a75c-51079350a804','2025-06-25','2025-06-25 18:13:31','2025-06-25 18:16:23',2),(116,12,58,'Approved',NULL,'9f3dbd81-1132-495e-b806-cb72747e0eaa','2025-06-29','2025-06-25 18:13:31','2025-06-29 12:31:32',2),(117,1,59,'Approved',NULL,'9f456f21-84c7-4fd5-a46c-ad8bf42d1795','2025-06-29','2025-06-29 14:01:00','2025-06-29 14:02:24',2),(118,9,59,'Approved',NULL,'9f456f23-f195-475f-b127-48f403044f77','2025-06-29','2025-06-29 14:01:01','2025-06-29 14:14:12',2),(119,8,60,'Pending',NULL,'9f495a42-c1a0-4567-94ea-501d1fff37dd',NULL,'2025-07-01 12:45:57','2025-07-01 12:45:57',2),(120,12,60,'Pending',NULL,'9f495a44-7531-4b97-ba41-c6d3bc740739',NULL,'2025-07-01 12:45:58','2025-07-01 12:45:58',2),(121,8,61,'Approved',NULL,'9f495ace-e6c5-495c-8104-a2812f7d311a','2025-07-01','2025-07-01 12:47:29','2025-07-01 13:09:49',2),(122,12,61,'Approved',NULL,'9f495acf-d113-438b-a216-1ce8454dc2af','2025-07-01','2025-07-01 12:47:29','2025-07-01 12:56:00',2),(123,1,62,'Approved',NULL,'9f536ab4-4067-40f4-9ef5-5a1d9f66f115','2025-07-06','2025-07-06 12:50:12','2025-07-06 12:52:01',2),(124,8,62,'Approved',NULL,'9f536ab6-5fc6-43d4-8114-5349b56c337d','2025-07-06','2025-07-06 12:50:14','2025-07-06 12:55:24',2),(125,1,63,'Approved',NULL,'9f5b6fd8-2c50-4d4f-82d8-0f849d682fd1','2025-07-10','2025-07-10 12:31:12','2025-07-10 12:32:06',2),(126,9,63,'Approved',NULL,'9f5b6fd9-eab9-4efd-ac21-9e17dc81d2a0','2025-07-10','2025-07-10 12:31:13','2025-07-10 12:40:26',2),(127,1,64,'Approved',NULL,'9f830ba8-b23a-4e35-b35c-1dc9130100aa','2025-07-30','2025-07-30 05:04:11','2025-07-30 05:14:51',2),(128,12,64,'Approved',NULL,'9f830baa-7191-4ee9-b48d-73547fadea44','2025-07-30','2025-07-30 05:04:12','2025-07-30 05:22:12',2),(129,10,65,'Approved',NULL,'9f83c8cf-6ac7-4e87-9507-fa0b84cb5c60','2025-07-30','2025-07-30 13:53:05','2025-07-30 14:02:11',2),(130,12,65,'Approved',NULL,'9f83c8d8-2432-4cf1-a1ba-9ea9875260fa','2025-08-12','2025-07-30 13:53:11','2025-08-12 11:28:11',2),(131,10,66,'Approved',NULL,'9f9dad0a-27c0-4845-b9c1-145ba1e99753','2025-08-12','2025-08-12 10:46:58','2025-08-12 10:52:37',2),(132,12,66,'Approved',NULL,'9f9dad0b-fb94-4206-b558-d5994e855d84','2025-08-12','2025-08-12 10:46:59','2025-08-12 11:28:21',2),(133,1,67,'Approved',NULL,'9fa3a9d1-0b4d-4053-818b-0ea014d04062','2025-08-15','2025-08-15 10:12:55','2025-08-15 12:07:16',2),(134,12,67,'Approved',NULL,'9fa3a9d3-e840-4478-818b-a693c592a17e','2025-08-15','2025-08-15 10:12:57','2025-08-15 16:52:20',2),(135,8,68,'Approved',NULL,'9fb3e83d-e03b-4d34-9c9e-ff2c61838623','2025-08-23','2025-08-23 12:00:43','2025-08-23 12:10:04',2),(136,12,68,'Approved',NULL,'9fb3e83f-d696-425a-8b14-ea34be018140','2025-08-23','2025-08-23 12:00:44','2025-08-23 12:49:40',2),(137,9,69,'Approved',NULL,'9fce3b57-8bbc-49bc-bd0f-796366a99f2d','2025-09-05','2025-09-05 14:04:36','2025-09-05 15:18:04',2),(138,11,69,'Approved',NULL,'9fce3b5a-43fc-4bc9-9148-f473da241bbe','2025-09-06','2025-09-05 14:04:38','2025-09-06 06:12:40',2),(139,1,70,'Approved',NULL,'9fcfc6cc-cc28-44f6-85aa-441d981edc68','2025-09-06','2025-09-06 08:30:23','2025-09-06 08:32:23',2),(140,12,70,'Approved',NULL,'9fcfc6ce-16d8-46f3-81a1-ecfcc54e83a2','2025-09-06','2025-09-06 08:30:24','2025-09-06 08:40:06',2),(141,1,71,'Approved',NULL,'9fe04399-1df3-494a-af2a-d6b94e3a65df','2025-09-14','2025-09-14 13:12:35','2025-09-14 13:15:36',2),(142,12,71,'Approved',NULL,'9fe0439a-52de-402e-b8be-8b45a4c3880c','2025-09-14','2025-09-14 13:12:36','2025-09-14 13:20:15',2),(143,1,72,'Approved',NULL,'a00c3ef5-07a6-4d5a-a60b-516cd0466495','2025-10-06','2025-10-06 09:56:02','2025-10-06 09:57:06',2),(144,8,72,'Approved',NULL,'a00c3ef7-bd35-42a0-aaf6-9e7d6495fc34','2025-10-06','2025-10-06 09:56:04','2025-10-06 10:02:35',2),(145,1,73,'Approved',NULL,'a00c7b18-d664-4b8c-946b-35891ff4c20c','2025-10-06','2025-10-06 12:44:12','2025-10-06 12:45:06',2),(146,12,73,'Approved',NULL,'a00c7b1a-94ef-4bdb-a1be-1093422a7e45','2025-10-10','2025-10-06 12:44:13','2025-10-10 10:23:03',2),(147,1,74,'Approved',NULL,'a01a12c4-da76-4065-abee-0b8b2224a0f1','2025-10-13','2025-10-13 06:54:04','2025-10-13 06:54:46',2),(148,12,74,'Approved',NULL,'a01a12c5-c407-417f-947f-c7aff277df12','2025-10-13','2025-10-13 06:54:05','2025-10-13 07:24:53',2),(149,1,75,'Approved',NULL,'a01cb131-0f23-438d-8477-8991cd23c326','2025-10-14','2025-10-14 14:08:43','2025-10-14 14:10:35',2),(150,8,75,'Approved',NULL,'a01cb133-0656-406d-8141-83e5c992a707','2025-10-14','2025-10-14 14:08:44','2025-10-14 14:13:35',2),(151,9,76,'Approved',NULL,'a02094b7-72c5-48e8-ae50-ae3d8ff76286','2025-10-16','2025-10-16 12:32:24','2025-10-16 14:12:20',2),(152,12,76,'Approved',NULL,'a02094b9-bb0c-40bb-8f05-1685155da540','2025-10-16','2025-10-16 12:32:25','2025-10-16 13:23:29',2),(153,1,77,'Approved',NULL,'a0306986-ade7-4246-a8d8-38c9db6fdfb8','2025-10-24','2025-10-24 09:24:53','2025-10-24 09:32:24',2),(154,12,77,'Approved',NULL,'a0306988-69ef-400e-8b04-abd5dcf7d308','2025-11-24','2025-10-24 09:24:54','2025-11-24 06:17:48',2);
/*!40000 ALTER TABLE `loan_guarantors` ENABLE KEYS */;
UNLOCK TABLES;

--
-- Table structure for table `loan_types`
--

DROP TABLE IF EXISTS `loan_types`;
/*!40101 SET @saved_cs_client     = @@character_set_client */;
/*!40101 SET character_set_client = utf8 */;
CREATE TABLE `loan_types` (
  `id` int(11) NOT NULL AUTO_INCREMENT,
  `name` varchar(20) NOT NULL,
  `created_at` timestamp NOT NULL DEFAULT current_timestamp(),
  `updated_at` timestamp NOT NULL DEFAULT current_timestamp() ON UPDATE current_timestamp(),
  PRIMARY KEY (`id`)
) ENGINE=InnoDB AUTO_INCREMENT=3 DEFAULT CHARSET=utf8mb3 COLLATE=utf8mb3_general_ci;
/*!40101 SET character_set_client = @saved_cs_client */;

--
-- Dumping data for table `loan_types`
--

LOCK TABLES `loan_types` WRITE;
/*!40000 ALTER TABLE `loan_types` DISABLE KEYS */;
INSERT INTO `loan_types` VALUES (1,'Emergency Loan','2023-03-28 21:24:53','2023-03-28 21:24:53'),(2,'Normal Loan','2023-03-28 21:24:53','2023-03-28 21:24:53');
/*!40000 ALTER TABLE `loan_types` ENABLE KEYS */;
UNLOCK TABLES;

--
-- Table structure for table `member_references`
--

DROP TABLE IF EXISTS `member_references`;
/*!40101 SET @saved_cs_client     = @@character_set_client */;
/*!40101 SET character_set_client = utf8 */;
CREATE TABLE `member_references` (
  `id` int(11) NOT NULL AUTO_INCREMENT,
  `member_id` int(11) NOT NULL,
  `refer_member_id` int(11) NOT NULL,
  `uuid` varchar(100) NOT NULL,
  `created_at` datetime NOT NULL DEFAULT current_timestamp(),
  `updated_at` datetime NOT NULL DEFAULT current_timestamp() ON UPDATE current_timestamp(),
  PRIMARY KEY (`id`)
) ENGINE=InnoDB DEFAULT CHARSET=utf8mb3 COLLATE=utf8mb3_general_ci;
/*!40101 SET character_set_client = @saved_cs_client */;

--
-- Dumping data for table `member_references`
--

LOCK TABLES `member_references` WRITE;
/*!40000 ALTER TABLE `member_references` DISABLE KEYS */;
/*!40000 ALTER TABLE `member_references` ENABLE KEYS */;
UNLOCK TABLES;

--
-- Table structure for table `member_saving_summaries`
--

DROP TABLE IF EXISTS `member_saving_summaries`;
/*!40101 SET @saved_cs_client     = @@character_set_client */;
/*!40101 SET character_set_client = utf8 */;
CREATE TABLE `member_saving_summaries` (
  `id` int(11) NOT NULL AUTO_INCREMENT,
  `member_id` int(11) NOT NULL,
  `stock` float NOT NULL DEFAULT 0,
  `current_stock` float DEFAULT 0,
  `holded_stock` float NOT NULL DEFAULT 0,
  `last_stock_amount` float NOT NULL DEFAULT 0,
  `last_purchase_date` datetime DEFAULT NULL,
  `stock_for_month` varchar(255) DEFAULT NULL,
  `fee_for_month` varchar(100) DEFAULT NULL,
  `fees` float DEFAULT NULL,
  `past_due_days` int(11) NOT NULL DEFAULT 0,
  `stock_penalty` float NOT NULL DEFAULT 0,
  `fee_past_due_days` int(11) NOT NULL DEFAULT 0,
  `fee_penalty` float DEFAULT 0,
  `uuid` varchar(100) NOT NULL,
  `created_at` timestamp NOT NULL DEFAULT current_timestamp(),
  `updated_at` timestamp NOT NULL DEFAULT current_timestamp() ON UPDATE current_timestamp(),
  `last_fee_purchase_date` date DEFAULT NULL,
  `last_fee_amount` float NOT NULL DEFAULT 0,
  `stock_penalty_excess_paid` float DEFAULT NULL,
  `stock_current_pdd` int(11) DEFAULT 0,
  `fee_penalty_excess_paid` float NOT NULL DEFAULT 0,
  `fee_current_pdd` int(11) NOT NULL DEFAULT 0,
  `financial_year_id` int(11) NOT NULL DEFAULT 1,
  PRIMARY KEY (`id`)
) ENGINE=InnoDB AUTO_INCREMENT=43 DEFAULT CHARSET=utf8mb3 COLLATE=utf8mb3_general_ci;
/*!40101 SET character_set_client = @saved_cs_client */;

--
-- Dumping data for table `member_saving_summaries`
--

LOCK TABLES `member_saving_summaries` WRITE;
/*!40000 ALTER TABLE `member_saving_summaries` DISABLE KEYS */;
INSERT INTO `member_saving_summaries` VALUES (1,1,2200000,0,0,100000,'2024-11-28 00:00:00','November 2024','November 2024',165000,46,60000,46,60000,'9b3969c3-f4eb-45ee-bdbe-d2b31a2076ec','2024-01-31 13:48:18','2025-01-12 20:22:05','2024-11-28',15000,NULL,40,0,40,1),(2,8,1350000,0,0,50000,'2024-12-01 00:00:00','November 2024','December 2024',165000,58,60000,12,0,'9b3987d3-f0fd-470e-9731-2786d0af47c7','2024-01-31 15:12:22','2025-01-12 20:22:04','2024-12-01',15000,0,40,0,0,1),(3,9,760000,0,0,50000,'2024-12-10 00:00:00','November 2024','November 2024',165000,56,16500,56,16500,'9b39c591-6080-4bcd-b366-936902e54f1a','2024-01-31 18:05:00','2025-01-12 20:22:05','2024-12-05',15000,0,11,0,11,1),(4,12,895000,0,0,50000,'2024-12-08 00:00:00','November 2024','November 2024',165000,46,25500,46,25500,'9b39c7a1-97f1-4845-b35f-c93498ba43bd','2024-01-31 18:10:46','2025-01-12 20:22:05','2024-12-08',15000,0,17,0,17,1),(5,11,462500,0,0,50000,'2024-10-25 00:00:00','October 2024','October 2024',150000,75,25500,50,25500,'9b39c7de-a0ed-4e10-9773-19a487330acd','2024-01-31 18:11:26','2025-01-12 20:22:05','2024-10-25',15000,0,17,0,17,1),(6,10,1660000,0,0,55000,'2024-12-01 00:00:00','November 2024','November 2024',165000,47,69000,74,69000,'9b3bde8d-7f9a-4cf5-bf32-6518575f84ae','2024-02-01 22:06:31','2025-01-12 20:22:05','2024-12-01',15000,0,46,0,46,1),(7,13,908160,0,0,100000,'2024-12-21 00:00:00','November 2024','November 2024',180000,128,25500,128,25500,'9b3c0ebb-3c00-4530-8823-3b0bb5f9e83a','2024-02-02 00:21:14','2025-01-12 20:22:05','2024-12-21',15000,0,17,0,17,1),(36,1,3000000,0,0,200000,'2025-11-23 00:00:00','November 2025','November 2025',180000,6,0,6,0,'9de8be3d-8502-4e0a-9e91-5ccd4d17fa32','2025-01-07 14:58:16','2025-11-24 07:14:23','2025-11-23',15000,0,0,0,0,2),(37,8,1300830,0,0,50000,'2025-12-02 00:00:00','November 2025','November 2025',180000,30,1500,30,1500,'9de8be3d-8a40-400f-9506-25a3ebad6abc','2025-01-07 14:58:16','2025-12-03 05:19:10','2025-12-02',15000,0,1,0,1,2),(38,9,1390000,0,0,50000,'2025-12-03 00:00:00','October 2025','November 2025',180000,59,0,51,0,'9de8be3d-9101-4bca-a682-718ca427e520','2025-01-07 14:58:16','2025-12-21 20:58:02','2025-12-03',15000,0,0,0,0,2),(39,10,1199000,0,0,245000,'2025-11-10 00:00:00','November 2025','December 2025',180000,226,181500,108,145500,'9de8be3d-9474-4739-b74e-4e5bb8a18f85','2025-01-07 14:58:16','2025-12-20 20:57:51','2025-12-20',15000,0,121,0,97,2),(40,11,4850000,0,0,200000,'2025-11-24 00:00:00','November 2025','November 2025',180000,30,0,0,0,'9de8be3d-9698-4de4-9447-c74a6f324c4c','2025-01-07 14:58:16','2025-11-24 06:20:22','2025-11-24',15000,0,0,0,0,2),(41,12,1205000,0,0,100000,'2025-11-20 00:00:00','November 2025','November 2025',180000,53,0,53,0,'9de8be3d-9785-4fcf-85d3-ca3aac594cb7','2025-01-07 14:58:16','2025-11-20 10:29:06','2025-11-20',15000,0,0,0,0,2),(42,13,1230000,0,0,100000,'2025-09-30 00:00:00','September 2025','September 2025',165000,240,73500,269,117000,'9de8be3d-985e-4a0c-8ce5-6e7c9b694f02','2025-01-07 14:58:16','2025-12-21 20:58:02','2025-09-30',15000,0,49,3000,78,2);
/*!40000 ALTER TABLE `member_saving_summaries` ENABLE KEYS */;
UNLOCK TABLES;

--
-- Table structure for table `members`
--

DROP TABLE IF EXISTS `members`;
/*!40101 SET @saved_cs_client     = @@character_set_client */;
/*!40101 SET character_set_client = utf8 */;
CREATE TABLE `members` (
  `id` int(11) NOT NULL AUTO_INCREMENT,
  `first_name` varchar(100) NOT NULL,
  `middle_name` varchar(100) DEFAULT NULL,
  `last_name` varchar(100) DEFAULT NULL,
  `phone_number` varchar(20) NOT NULL,
  `dob` date DEFAULT NULL,
  `member_reg_id` varchar(20) DEFAULT NULL,
  `email` varchar(100) NOT NULL,
  `id_type_id` int(11) NOT NULL,
  `id_number` varchar(50) NOT NULL,
  `member_type` int(11) DEFAULT NULL,
  `status` varchar(10) NOT NULL DEFAULT 'Active',
  `uuid` varchar(100) NOT NULL,
  `created_by` int(11) NOT NULL,
  `created_at` timestamp NOT NULL DEFAULT current_timestamp(),
  `updated_at` timestamp NOT NULL DEFAULT current_timestamp() ON UPDATE current_timestamp(),
  PRIMARY KEY (`id`)
) ENGINE=InnoDB AUTO_INCREMENT=14 DEFAULT CHARSET=utf8mb3 COLLATE=utf8mb3_general_ci;
/*!40101 SET character_set_client = @saved_cs_client */;

--
-- Dumping data for table `members`
--

LOCK TABLES `members` WRITE;
/*!40000 ALTER TABLE `members` DISABLE KEYS */;
INSERT INTO `members` VALUES (1,'Luhangano','Erasto','Lupenza','255683130185','1993-10-06','Usk0123','lupenza10@gmail.com',1,'19931006111040000129',NULL,'Active','9ae64647-aa98-47de-b3a3-64024fffd158',1,'2023-12-21 05:55:39','2023-12-21 05:55:39'),(8,'Noel','Mathew','Sumbe','255713510645','1991-05-11','USK93731','noelsumbe@gmail.com',1,'19910511161020000120',1,'Active','9b2d525f-993e-4155-a532-df3f9ab320f3',1,'2024-01-25 13:32:58','2024-01-25 13:32:58'),(9,'Lazaro','Isaac','Lazaro','255627322093','1993-05-19','USK34500','lazaroisaac36@gmail.com',1,'19930519171060000123',1,'Active','9b2d5fdf-e85d-406f-ba5a-10f0548c51b7',1,'2024-01-25 14:10:43','2024-01-25 14:10:43'),(10,'Dickson','Namson','Fissoo','255788581698','1992-06-10','USK98855','fissoonamson98@gmail.com',1,'1992061017108000124',1,'Active','9b2d8fbf-7db7-40da-99a0-9974a487b23c',1,'2024-01-25 16:24:35','2024-01-25 16:24:35'),(11,'Frank','Martin','Kessy','255684469338','1995-12-12','USK66137','Kessyfra@gmail.com',1,'199512122341170000126',1,'Active','9b2ebcd9-4ee0-4e57-8a42-2152654b2314',1,'2024-01-26 06:26:31','2025-11-24 03:08:33'),(12,'Fortunatus','Edes','Shao','255658840898','1993-09-14','USK49781','fortunatus.edes@gmail.com',1,'19930914161040000121',1,'Active','9b395084-a2a9-4c1c-b8d8-7844fa4b4545',1,'2024-01-31 12:37:43','2024-01-31 12:37:43'),(13,'Amedeus','Raphael','Kimaro','255785122441','1996-06-01','USK87773','amedeusraphael.ar@gmail.com',1,'19930601141220000227',1,'Active','9b3951b5-e0a7-40c4-85f5-a0f3f47e1b12',1,'2024-01-31 12:41:03','2024-03-27 09:36:39');
/*!40000 ALTER TABLE `members` ENABLE KEYS */;
UNLOCK TABLES;

--
-- Table structure for table `migrations`
--

DROP TABLE IF EXISTS `migrations`;
/*!40101 SET @saved_cs_client     = @@character_set_client */;
/*!40101 SET character_set_client = utf8 */;
CREATE TABLE `migrations` (
  `id` int(10) unsigned NOT NULL AUTO_INCREMENT,
  `migration` varchar(255) NOT NULL,
  `batch` int(11) NOT NULL,
  PRIMARY KEY (`id`)
) ENGINE=InnoDB AUTO_INCREMENT=16 DEFAULT CHARSET=utf8mb4 COLLATE=utf8mb4_unicode_ci;
/*!40101 SET character_set_client = @saved_cs_client */;

--
-- Dumping data for table `migrations`
--

LOCK TABLES `migrations` WRITE;
/*!40000 ALTER TABLE `migrations` DISABLE KEYS */;
INSERT INTO `migrations` VALUES (1,'2014_10_12_000000_create_users_table',1),(2,'2014_10_12_100000_create_password_resets_table',1),(3,'2019_08_19_000000_create_failed_jobs_table',1),(4,'2019_12_14_000001_create_personal_access_tokens_table',1),(5,'2016_06_01_000001_create_oauth_auth_codes_table',2),(6,'2016_06_01_000002_create_oauth_access_tokens_table',2),(7,'2016_06_01_000003_create_oauth_refresh_tokens_table',2),(8,'2016_06_01_000004_create_oauth_clients_table',2),(9,'2016_06_01_000005_create_oauth_personal_access_clients_table',2),(10,'2024_03_07_182043_create_jobs_table',3),(11,'2024_12_20_100626_create_financial_years_table',4),(12,'2024_12_20_111348_add_financial_year_colum_on_member_saving_summaries_table',4),(13,'2024_12_20_115502_add_financial_year_colum_on_payments_table',4),(14,'2024_12_20_164015_add_column_on_installments_table',4),(15,'2024_12_20_164900_create_open_balances_table',4);
/*!40000 ALTER TABLE `migrations` ENABLE KEYS */;
UNLOCK TABLES;

--
-- Table structure for table `model_has_permissions`
--

DROP TABLE IF EXISTS `model_has_permissions`;
/*!40101 SET @saved_cs_client     = @@character_set_client */;
/*!40101 SET character_set_client = utf8 */;
CREATE TABLE `model_has_permissions` (
  `permission_id` bigint(20) unsigned NOT NULL,
  `model_type` varchar(255) NOT NULL,
  `model_id` bigint(20) unsigned NOT NULL,
  PRIMARY KEY (`permission_id`,`model_id`,`model_type`),
  KEY `model_has_permissions_model_id_model_type_index` (`model_id`,`model_type`)
) ENGINE=InnoDB DEFAULT CHARSET=utf8mb4 COLLATE=utf8mb4_unicode_ci;
/*!40101 SET character_set_client = @saved_cs_client */;

--
-- Dumping data for table `model_has_permissions`
--

LOCK TABLES `model_has_permissions` WRITE;
/*!40000 ALTER TABLE `model_has_permissions` DISABLE KEYS */;
/*!40000 ALTER TABLE `model_has_permissions` ENABLE KEYS */;
UNLOCK TABLES;

--
-- Table structure for table `model_has_roles`
--

DROP TABLE IF EXISTS `model_has_roles`;
/*!40101 SET @saved_cs_client     = @@character_set_client */;
/*!40101 SET character_set_client = utf8 */;
CREATE TABLE `model_has_roles` (
  `role_id` bigint(20) unsigned NOT NULL,
  `model_type` varchar(255) NOT NULL,
  `model_id` bigint(20) unsigned NOT NULL,
  PRIMARY KEY (`role_id`,`model_id`,`model_type`),
  KEY `model_has_roles_model_id_model_type_index` (`model_id`,`model_type`)
) ENGINE=InnoDB DEFAULT CHARSET=utf8mb4 COLLATE=utf8mb4_unicode_ci;
/*!40101 SET character_set_client = @saved_cs_client */;

--
-- Dumping data for table `model_has_roles`
--

LOCK TABLES `model_has_roles` WRITE;
/*!40000 ALTER TABLE `model_has_roles` DISABLE KEYS */;
INSERT INTO `model_has_roles` VALUES (1,'App\\Models\\User',1),(2,'App\\Models\\User',1),(3,'App\\Models\\User',1),(3,'App\\Models\\User',4),(3,'App\\Models\\User',5),(3,'App\\Models\\User',6),(3,'App\\Models\\User',7),(3,'App\\Models\\User',8),(3,'App\\Models\\User',9);
/*!40000 ALTER TABLE `model_has_roles` ENABLE KEYS */;
UNLOCK TABLES;

--
-- Table structure for table `oauth_access_tokens`
--

DROP TABLE IF EXISTS `oauth_access_tokens`;
/*!40101 SET @saved_cs_client     = @@character_set_client */;
/*!40101 SET character_set_client = utf8 */;
CREATE TABLE `oauth_access_tokens` (
  `id` varchar(100) NOT NULL,
  `user_id` bigint(20) unsigned DEFAULT NULL,
  `client_id` bigint(20) unsigned NOT NULL,
  `name` varchar(255) DEFAULT NULL,
  `scopes` text DEFAULT NULL,
  `revoked` tinyint(1) NOT NULL,
  `created_at` timestamp NULL DEFAULT NULL,
  `updated_at` timestamp NULL DEFAULT NULL,
  `expires_at` datetime DEFAULT NULL,
  PRIMARY KEY (`id`),
  KEY `oauth_access_tokens_user_id_index` (`user_id`)
) ENGINE=InnoDB DEFAULT CHARSET=utf8mb4 COLLATE=utf8mb4_unicode_ci;
/*!40101 SET character_set_client = @saved_cs_client */;

--
-- Dumping data for table `oauth_access_tokens`
--

LOCK TABLES `oauth_access_tokens` WRITE;
/*!40000 ALTER TABLE `oauth_access_tokens` DISABLE KEYS */;
/*!40000 ALTER TABLE `oauth_access_tokens` ENABLE KEYS */;
UNLOCK TABLES;

--
-- Table structure for table `oauth_auth_codes`
--

DROP TABLE IF EXISTS `oauth_auth_codes`;
/*!40101 SET @saved_cs_client     = @@character_set_client */;
/*!40101 SET character_set_client = utf8 */;
CREATE TABLE `oauth_auth_codes` (
  `id` varchar(100) NOT NULL,
  `user_id` bigint(20) unsigned NOT NULL,
  `client_id` bigint(20) unsigned NOT NULL,
  `scopes` text DEFAULT NULL,
  `revoked` tinyint(1) NOT NULL,
  `expires_at` datetime DEFAULT NULL,
  PRIMARY KEY (`id`),
  KEY `oauth_auth_codes_user_id_index` (`user_id`)
) ENGINE=InnoDB DEFAULT CHARSET=utf8mb4 COLLATE=utf8mb4_unicode_ci;
/*!40101 SET character_set_client = @saved_cs_client */;

--
-- Dumping data for table `oauth_auth_codes`
--

LOCK TABLES `oauth_auth_codes` WRITE;
/*!40000 ALTER TABLE `oauth_auth_codes` DISABLE KEYS */;
/*!40000 ALTER TABLE `oauth_auth_codes` ENABLE KEYS */;
UNLOCK TABLES;

--
-- Table structure for table `oauth_clients`
--

DROP TABLE IF EXISTS `oauth_clients`;
/*!40101 SET @saved_cs_client     = @@character_set_client */;
/*!40101 SET character_set_client = utf8 */;
CREATE TABLE `oauth_clients` (
  `id` bigint(20) unsigned NOT NULL AUTO_INCREMENT,
  `user_id` bigint(20) unsigned DEFAULT NULL,
  `name` varchar(255) NOT NULL,
  `secret` varchar(100) DEFAULT NULL,
  `provider` varchar(255) DEFAULT NULL,
  `redirect` text NOT NULL,
  `personal_access_client` tinyint(1) NOT NULL,
  `password_client` tinyint(1) NOT NULL,
  `revoked` tinyint(1) NOT NULL,
  `created_at` timestamp NULL DEFAULT NULL,
  `updated_at` timestamp NULL DEFAULT NULL,
  PRIMARY KEY (`id`),
  KEY `oauth_clients_user_id_index` (`user_id`)
) ENGINE=InnoDB AUTO_INCREMENT=3 DEFAULT CHARSET=utf8mb4 COLLATE=utf8mb4_unicode_ci;
/*!40101 SET character_set_client = @saved_cs_client */;

--
-- Dumping data for table `oauth_clients`
--

LOCK TABLES `oauth_clients` WRITE;
/*!40000 ALTER TABLE `oauth_clients` DISABLE KEYS */;
INSERT INTO `oauth_clients` VALUES (1,NULL,'Laravel Personal Access Client','QAynzw2osVGWzsuIBHy2oQOXikga8s4wzwXJZjdW',NULL,'http://localhost',1,0,0,'2022-12-06 10:52:02','2022-12-06 10:52:02'),(2,NULL,'Laravel Password Grant Client','A2LjUZ63QWeYDhu5qC4E7zCLUHdKDWECKHA3KiTl','users','http://localhost',0,1,0,'2022-12-06 10:52:02','2022-12-06 10:52:02');
/*!40000 ALTER TABLE `oauth_clients` ENABLE KEYS */;
UNLOCK TABLES;

--
-- Table structure for table `oauth_personal_access_clients`
--

DROP TABLE IF EXISTS `oauth_personal_access_clients`;
/*!40101 SET @saved_cs_client     = @@character_set_client */;
/*!40101 SET character_set_client = utf8 */;
CREATE TABLE `oauth_personal_access_clients` (
  `id` bigint(20) unsigned NOT NULL AUTO_INCREMENT,
  `client_id` bigint(20) unsigned NOT NULL,
  `created_at` timestamp NULL DEFAULT NULL,
  `updated_at` timestamp NULL DEFAULT NULL,
  PRIMARY KEY (`id`)
) ENGINE=InnoDB AUTO_INCREMENT=2 DEFAULT CHARSET=utf8mb4 COLLATE=utf8mb4_unicode_ci;
/*!40101 SET character_set_client = @saved_cs_client */;

--
-- Dumping data for table `oauth_personal_access_clients`
--

LOCK TABLES `oauth_personal_access_clients` WRITE;
/*!40000 ALTER TABLE `oauth_personal_access_clients` DISABLE KEYS */;
INSERT INTO `oauth_personal_access_clients` VALUES (1,1,'2022-12-06 10:52:02','2022-12-06 10:52:02');
/*!40000 ALTER TABLE `oauth_personal_access_clients` ENABLE KEYS */;
UNLOCK TABLES;

--
-- Table structure for table `oauth_refresh_tokens`
--

DROP TABLE IF EXISTS `oauth_refresh_tokens`;
/*!40101 SET @saved_cs_client     = @@character_set_client */;
/*!40101 SET character_set_client = utf8 */;
CREATE TABLE `oauth_refresh_tokens` (
  `id` varchar(100) NOT NULL,
  `access_token_id` varchar(100) NOT NULL,
  `revoked` tinyint(1) NOT NULL,
  `expires_at` datetime DEFAULT NULL,
  PRIMARY KEY (`id`),
  KEY `oauth_refresh_tokens_access_token_id_index` (`access_token_id`)
) ENGINE=InnoDB DEFAULT CHARSET=utf8mb4 COLLATE=utf8mb4_unicode_ci;
/*!40101 SET character_set_client = @saved_cs_client */;

--
-- Dumping data for table `oauth_refresh_tokens`
--

LOCK TABLES `oauth_refresh_tokens` WRITE;
/*!40000 ALTER TABLE `oauth_refresh_tokens` DISABLE KEYS */;
/*!40000 ALTER TABLE `oauth_refresh_tokens` ENABLE KEYS */;
UNLOCK TABLES;

--
-- Table structure for table `open_balances`
--

DROP TABLE IF EXISTS `open_balances`;
/*!40101 SET @saved_cs_client     = @@character_set_client */;
/*!40101 SET character_set_client = utf8 */;
CREATE TABLE `open_balances` (
  `id` bigint(20) unsigned NOT NULL AUTO_INCREMENT,
  `balance` varchar(255) NOT NULL,
  `financial_year_id` int(11) NOT NULL,
  `deleted_at` timestamp NULL DEFAULT NULL,
  `created_at` timestamp NULL DEFAULT NULL,
  `updated_at` timestamp NULL DEFAULT NULL,
  PRIMARY KEY (`id`)
) ENGINE=InnoDB AUTO_INCREMENT=2 DEFAULT CHARSET=utf8mb4 COLLATE=utf8mb4_unicode_ci;
/*!40101 SET character_set_client = @saved_cs_client */;

--
-- Dumping data for table `open_balances`
--

LOCK TABLES `open_balances` WRITE;
/*!40000 ALTER TABLE `open_balances` DISABLE KEYS */;
INSERT INTO `open_balances` VALUES (1,'1155000',2,NULL,'2025-02-17 23:06:06','2025-02-17 23:06:06');
/*!40000 ALTER TABLE `open_balances` ENABLE KEYS */;
UNLOCK TABLES;

--
-- Table structure for table `password_resets`
--

DROP TABLE IF EXISTS `password_resets`;
/*!40101 SET @saved_cs_client     = @@character_set_client */;
/*!40101 SET character_set_client = utf8 */;
CREATE TABLE `password_resets` (
  `email` varchar(255) NOT NULL,
  `token` varchar(255) NOT NULL,
  `created_at` timestamp NULL DEFAULT NULL,
  KEY `password_resets_email_index` (`email`)
) ENGINE=InnoDB DEFAULT CHARSET=utf8mb4 COLLATE=utf8mb4_unicode_ci;
/*!40101 SET character_set_client = @saved_cs_client */;

--
-- Dumping data for table `password_resets`
--

LOCK TABLES `password_resets` WRITE;
/*!40000 ALTER TABLE `password_resets` DISABLE KEYS */;
/*!40000 ALTER TABLE `password_resets` ENABLE KEYS */;
UNLOCK TABLES;

--
-- Table structure for table `payment_requests`
--

DROP TABLE IF EXISTS `payment_requests`;
/*!40101 SET @saved_cs_client     = @@character_set_client */;
/*!40101 SET character_set_client = utf8 */;
CREATE TABLE `payment_requests` (
  `id` int(11) NOT NULL AUTO_INCREMENT,
  `amount` float NOT NULL,
  `payment_reference` varchar(100) DEFAULT NULL,
  `payment_date` date DEFAULT NULL,
  `payment_type` varchar(50) DEFAULT NULL,
  `loan_contract_id` int(11) DEFAULT NULL,
  `member_id` int(11) NOT NULL,
  `uuid` varchar(255) NOT NULL,
  `added_by` int(11) NOT NULL,
  `approved_by` int(11) DEFAULT NULL,
  `status` int(11) NOT NULL DEFAULT 0,
  `payment_for_month` varchar(20) DEFAULT NULL,
  `comment` text DEFAULT NULL,
  `attended_date` datetime DEFAULT NULL,
  `created_at` timestamp NOT NULL DEFAULT current_timestamp(),
  `updated_at` timestamp NOT NULL DEFAULT current_timestamp() ON UPDATE current_timestamp(),
  `financial_year_id` int(11) NOT NULL DEFAULT 1,
  PRIMARY KEY (`id`)
) ENGINE=InnoDB AUTO_INCREMENT=557 DEFAULT CHARSET=utf8mb3 COLLATE=utf8mb3_general_ci;
/*!40101 SET character_set_client = @saved_cs_client */;

--
-- Dumping data for table `payment_requests`
--

LOCK TABLES `payment_requests` WRITE;
/*!40000 ALTER TABLE `payment_requests` DISABLE KEYS */;
INSERT INTO `payment_requests` VALUES (1,185000,'101AGD224031B202-1','2024-01-31','stock',NULL,1,'9b394b44-e7c9-46bb-bfab-8fd7b7bc37ba',1,8,1,'January 2024',NULL,NULL,'2024-01-31 12:23:02','2024-01-31 13:48:25',1),(2,15000,'101AGD224031B202-2','2024-01-31','fee',NULL,1,'9b394b86-00f8-41f1-a6f7-f009c88216f5',1,8,1,'January 2024',NULL,NULL,'2024-01-31 12:23:45','2024-01-31 13:48:18',1),(3,15000,'101AGD124031A2BG','2024-01-31','fee',NULL,8,'9b3985a0-e47d-4487-85f4-c8055b967aa3',4,8,1,'January 2024',NULL,NULL,'2024-01-31 15:06:13','2024-01-31 15:13:25',1),(4,50000,'101AGD124031A258','2024-01-31','stock',NULL,8,'9b3985f2-4910-4533-a3c9-4b4c97c11822',4,8,1,'January 2024',NULL,NULL,'2024-01-31 15:07:06','2024-01-31 15:12:22',1),(5,15000,'MKFT0J3KLS1XOT9E0343C-1','2024-01-31','fee',NULL,9,'9b39a84e-5774-4fd8-aa7e-1ae87644657d',5,8,1,'January 2024',NULL,NULL,'2024-01-31 16:43:11','2024-01-31 18:05:09',1),(6,85000,'MKFT0J3KLS1XOT9E0343C-2','2024-01-31','stock',NULL,9,'9b39a87c-11bc-4ed7-a977-1fcb2ac5891c',5,8,1,'January 2024',NULL,NULL,'2024-01-31 16:43:41','2024-01-31 18:05:00',1),(7,50000,'211FTM2240310631-1','2024-01-31','stock',NULL,11,'9b39c617-2209-4c4b-9723-8a6182807b7d',7,8,1,'January 2024',NULL,NULL,'2024-01-31 18:06:28','2024-01-31 18:11:36',1),(8,15000,'211FTM2240310631-2','2024-01-31','fee',NULL,11,'9b39c64d-ab19-4e61-bc95-57d65039a302',7,8,1,'January 2024',NULL,NULL,'2024-01-31 18:07:04','2024-01-31 18:11:26',1),(9,100000,'410FTM2240310014-1','2024-01-31','stock',NULL,12,'9b39c731-3e95-4816-8220-35a9fdda375e',8,8,1,'January 2024',NULL,NULL,'2024-01-31 18:09:33','2024-01-31 18:10:58',1),(10,15000,'410FTM2240310014-2','2024-01-31','fee',NULL,12,'9b39c76a-8155-493a-a8c2-65ffe336293d',8,8,1,'January 2024',NULL,NULL,'2024-01-31 18:10:10','2024-01-31 18:10:46',1),(11,100000,'18D61113A929E948','2024-01-31','stock',NULL,10,'9b39ee5e-dea6-461b-a549-d5198abcc8fa',6,8,1,'January 2024',NULL,NULL,'2024-01-31 19:59:06','2024-02-01 22:08:26',1),(12,15000,'18D61113A929E948','2024-01-31','fee',NULL,10,'9b39eede-cc7a-42f9-8785-a6ead49f62ef',6,8,2,'January 2024','rejected','2024-02-07 08:31:40','2024-01-31 20:00:30','2024-02-07 08:31:40',1),(13,100000,'101AGD224032D6ML','2024-02-01','stock',NULL,10,'9b3bbb94-5be7-47bf-b8f0-15bee76f975b',6,8,2,'January 2024','rejected','2024-02-07 08:31:24','2024-02-01 20:28:44','2024-02-07 08:31:24',1),(14,15000,'101AGD224032D6ML','2024-02-01','fee',NULL,10,'9b3bbbd9-881c-446f-85d5-56efd98250b0',6,8,1,'January 2024',NULL,NULL,'2024-02-01 20:29:29','2024-02-01 22:06:31',1),(15,140000,'410FTM2240400510-1','2024-02-09','stock',NULL,12,'9b4ba897-a723-4e06-8d20-4b73b96764b1',8,8,1,'February 2024',NULL,NULL,'2024-02-09 18:28:53','2024-02-09 18:32:07',1),(16,15000,'410FTM2240400510-2','2024-02-09','fee',NULL,12,'9b4ba8dd-5965-45bb-80ad-48a2a015e51e',8,8,1,'February 2024',NULL,NULL,'2024-02-09 18:29:39','2024-02-09 18:31:26',1),(17,250000,'101AGD224046C1DC','2024-02-15','stock',NULL,8,'9b57da16-c52f-4257-92e7-0438a0d041f0',4,8,1,'February 2024',NULL,NULL,'2024-02-15 19:57:13','2024-02-15 22:44:33',1),(18,200000,'101AGD2240589395-1','2024-02-27','stock',NULL,1,'9b6f42ee-f872-44a7-8186-1f37d05eea93',1,8,1,'February 2024',NULL,NULL,'2024-02-27 11:14:26','2024-02-27 11:23:56',1),(19,15000,'101AGD2240589395-2','2024-02-27','fee',NULL,1,'9b6f4319-4c32-4d90-8d37-9fb7a2b97f22',1,8,1,'February 2024',NULL,NULL,'2024-02-27 11:14:54','2024-02-27 11:23:48',1),(20,15000,'206FTM2240580048','2024-02-27','fee',NULL,9,'9b6fc7e8-a34f-452e-97be-872efa2c625e',5,8,1,'February 2024',NULL,NULL,'2024-02-27 17:26:15','2024-02-27 17:31:20',1),(21,85000,'206FTM2240580048-2','2024-02-27','stock',NULL,9,'9b6fc826-4348-45ce-8a0b-0de8dde44928',5,8,1,'February 2024',NULL,NULL,'2024-02-27 17:26:56','2024-02-27 17:31:37',1),(22,100000,'101AGD224058C1T1','2024-02-27','stock',NULL,10,'9b6fc9b2-8649-4a7f-8682-0e4b2bca6bca',6,8,1,'February 2024',NULL,NULL,'2024-02-27 17:31:15','2024-02-27 17:32:03',1),(23,15000,'101AGD224058C1T1 2','2024-02-27','fee',NULL,10,'9b6fca46-e8f3-47cd-aeed-0a4ec92bf304',6,8,2,'February 2024','rejected','2024-02-27 18:05:02','2024-02-27 17:32:53','2024-02-27 18:05:02',1),(24,15000,'101AGD224058C1T1-2','2024-02-27','fee',NULL,10,'9b6fcc22-49f1-4206-9202-0fa0ab460aa7',6,8,1,'February 2024',NULL,NULL,'2024-02-27 17:38:04','2024-02-27 18:04:45',1),(25,15000,'101AGD124059C1JO','2024-02-28','fee',NULL,8,'9b73dd83-deca-427e-a785-f83bba121ca7',4,8,1,'February 2024',NULL,NULL,'2024-02-29 18:09:59','2024-03-04 09:55:36',1),(26,735000,'101AGD324060B07T','2024-02-29','loan',2,10,'9b73f17e-8b65-471a-98f6-fb49b9bde3a5',6,8,1,NULL,NULL,NULL,'2024-02-29 19:05:51','2024-03-04 09:48:51',1),(27,15000,'211FTM2240620588-1','2024-03-02','fee',NULL,11,'9b7738d9-b4a6-4daf-a5f7-3eafdbf66042',7,8,1,'February 2024',NULL,NULL,'2024-03-02 10:12:52','2024-03-02 20:16:40',1),(28,50000,'211FTM2240620588-2','2024-03-02','stock',NULL,11,'9b77393e-20ec-47d9-992d-d32aa1fbc2af',7,8,1,'February 2024',NULL,NULL,'2024-03-02 10:13:57','2024-03-02 20:16:27',1),(29,72000,'211FTM2240620588-3','2024-03-02','loan',1,11,'9b7739b9-3203-4d6e-b15b-60df0bfe2cf2',7,8,1,NULL,NULL,NULL,'2024-03-02 10:15:18','2024-03-02 20:16:08',1),(30,500000,'101AGD224064C53V','2024-03-04','stock',NULL,10,'9b7bdf69-e035-4c0b-af6a-ad7b82ac6ed1',6,8,1,'March 2024',NULL,NULL,'2024-03-04 17:41:55','2024-03-05 09:38:42',1),(31,630000,'MKFT0PT6LTTSX7FS01E2W','2024-03-16','loan',4,9,'9b93753e-87ae-4770-9045-bffa81f349ec',5,8,1,NULL,NULL,NULL,'2024-03-16 11:04:55','2024-03-17 15:22:18',1),(32,495000,'101AGD22407902rw','2024-03-19','loan',3,8,'9b9a6e52-d06c-40d1-8bda-7ce0e707f2aa',4,8,1,NULL,NULL,NULL,'2024-03-19 22:16:21','2024-03-19 23:38:34',1),(33,15000,'MKFT0PT6LU2H0ZSHAI6TDJ-1','2024-03-22','fee',NULL,9,'9b9fb38a-a015-4415-92cb-bd6f124fedd5',5,8,1,'March 2024',NULL,NULL,'2024-03-22 13:09:03','2024-03-23 10:37:43',1),(34,85000,'MKFT0PT6LU2H0ZSHAI6TDJ-2','2024-03-22','stock',NULL,9,'9b9fb3c2-8118-43c0-8219-b5a23a5a7ddc',5,8,1,'March 2024',NULL,NULL,'2024-03-22 13:09:39','2024-03-23 10:37:33',1),(35,50000,'MKFTOQOULU6IGPB301BG1-1','2024-03-25','stock',NULL,11,'9ba55a65-dbf9-430e-b099-f6c93be188ec',7,8,1,'March 2024',NULL,NULL,'2024-03-25 08:34:45','2024-03-25 21:51:23',1),(36,15000,'MKFTOQOULU6IGPB301BG1-2','2024-03-25','fee',NULL,11,'9ba55ab4-e3ed-4186-97cc-826898059262',7,8,1,'March 2024',NULL,NULL,'2024-03-25 08:35:37','2024-03-25 21:51:10',1),(37,72000,'MKFTOQOULU6IGPB301BG1-3','2024-03-25','loan',1,11,'9ba55b74-1f0e-42c8-8648-92286c88d66d',7,8,1,NULL,NULL,NULL,'2024-03-25 08:37:42','2024-03-25 21:51:00',1),(38,85000,'MKFT0Q30LU7AG926122MWW -1','2024-03-25','stock',NULL,12,'9ba67899-bb62-4b81-bc3c-b35e105e8d58',8,8,1,'March 2024',NULL,NULL,'2024-03-25 21:55:02','2024-03-25 21:56:16',1),(39,15000,'MKFT0Q30LU7AG926122MWW - 2','2024-03-25','fee',NULL,12,'9ba678d5-6b01-4375-b5b8-a43ed26dd513',8,8,1,'March 2024',NULL,NULL,'2024-03-25 21:55:41','2024-03-25 21:56:07',1),(40,15000,'101AGD1240867111','2024-03-26','fee',NULL,10,'9ba79003-585a-479b-b284-3e322d615ee5',6,8,1,'March',NULL,NULL,'2024-03-26 10:56:19','2024-03-26 15:59:52',1),(41,70500,'101AGD324082A20R_1','2024-03-22','fee penalty',NULL,13,'9ba98443-7121-4ad2-bdf6-bc7804dee31f',9,8,1,'January 2024',NULL,NULL,'2024-03-27 10:15:07','2024-03-28 09:25:51',1),(42,70500,'101AGD324082A20R_2','2024-03-22','stock penalty',NULL,13,'9ba98481-931b-4bd3-9f04-9c4d2e99cc45',9,8,1,'February 2024',NULL,NULL,'2024-03-27 10:15:48','2024-03-28 09:25:57',1),(43,630000,'101AGD324082A20R_3','2024-03-22','stock',NULL,13,'9ba9852a-9428-4061-b46a-547dfe09b0a8',9,8,1,'February 2024',NULL,NULL,'2024-03-27 10:17:39','2024-03-28 09:26:04',1),(44,183600,'101AGD324082A20R_4','2024-03-22','stock',NULL,13,'9ba9861d-197e-48a6-916d-86e587a4e3dd',9,8,1,'January 2024',NULL,NULL,'2024-03-27 10:20:18','2024-03-28 09:26:11',1),(45,183600,'101AGD324082A20R_5','2024-03-22','stock',NULL,13,'9ba98660-00d0-4405-907c-315d17e720ab',9,8,1,'February 2024',NULL,NULL,'2024-03-27 10:21:02','2024-03-28 09:26:20',1),(46,183600,'101AGD324082A20R_6','2024-03-22','stock',NULL,13,'9ba98685-0f2b-490b-bb2c-09bdee534e85',9,8,1,'March 2024',NULL,NULL,'2024-03-27 10:21:26','2024-03-28 09:26:27',1),(47,65000,'101AGD324082A20R_7','2024-03-22','fee',NULL,13,'9ba9873b-ca0f-4b2b-a83d-bee68f595fd6',9,8,1,'January 2024',NULL,NULL,'2024-03-27 10:23:26','2024-03-28 09:26:33',1),(48,65000,'101AGD324082A20R_8','2024-03-22','fee',NULL,13,'9ba987b9-b432-4767-98c2-019c104972ce',9,8,1,'February 2024',NULL,NULL,'2024-03-27 10:24:48','2024-03-28 09:26:42',1),(49,65000,'101AGD324082A20R_9','2024-03-22','fee',NULL,13,'9ba987e7-a7a2-414e-8f50-2cee89bbed3a',9,8,1,'March 2024',NULL,NULL,'2024-03-27 10:25:18','2024-03-28 09:26:49',1),(50,200000,'18E935BOF5620A6A-1','2024-03-31','stock',NULL,1,'9bb19bc9-4b44-4e53-aa36-9cb1b6d4e418',1,8,1,'March 2024',NULL,NULL,'2024-03-31 10:47:31','2024-03-31 18:18:11',1),(51,15000,'18E935BOF5620A6A-2','2024-03-31','fee',NULL,1,'9bb19bfe-cb93-4f79-9598-a48475d6ab96',1,8,1,'March 2024',NULL,NULL,'2024-03-31 10:48:06','2024-03-31 18:17:57',1),(52,50000,'101AGD1240918273','2024-03-31','stock',NULL,8,'9bb27012-41fe-4e27-8b18-72e3c20128f2',4,8,1,'March 2024',NULL,NULL,'2024-03-31 20:41:07','2024-03-31 20:44:32',1),(53,15000,'101AGD1240918294','2024-03-31','fee',NULL,8,'9bb270bc-16bd-48f5-8473-62a2e1f33bc2',4,8,1,'March 2024',NULL,NULL,'2024-03-31 20:42:58','2024-03-31 20:44:21',1),(54,650000,'101AGD324097A0R5','2024-04-06','stock',NULL,8,'9bbdff16-98ba-4783-9dda-40621b174925',4,8,1,'April 2024',NULL,NULL,'2024-04-06 14:35:07','2024-04-06 14:46:16',1),(55,477000,'101AGD224097B3JT','2024-04-06','loan',3,8,'9bbdffdf-b576-4467-abf5-86b017c3443f',4,8,1,NULL,NULL,NULL,'2024-04-06 14:37:19','2024-04-06 14:46:50',1),(56,215000,'18EBEEB47D0DBB9F-1','2024-04-08','stock',NULL,1,'9bc29487-cec9-45fe-985b-42cc55fb30b2',1,8,1,'April 2024',NULL,NULL,'2024-04-08 21:16:18','2024-04-08 21:25:39',1),(57,15000,'18EBEEB47D0DBB9F-2','2024-04-08','fee',NULL,1,'9bc294b7-e44e-47b9-b25f-6b606dd67b52',1,8,1,'April 2024',NULL,NULL,'2024-04-08 21:16:50','2024-04-08 21:25:30',1),(58,135000,'101AG224099G2ER-1','2024-04-08','stock',NULL,12,'9bc29664-b7b5-4147-9ea3-cdd78d30c08c',8,8,1,'April 2024',NULL,NULL,'2024-04-08 21:21:31','2024-04-08 21:22:59',1),(59,15000,'101AG224099G2ER-2','2024-04-08','fee',NULL,12,'9bc2969a-3c7f-46d1-bd73-063197735d97',8,8,1,'April 2024',NULL,NULL,'2024-04-08 21:22:06','2024-04-08 21:22:52',1),(60,661500,'101AGD324082A2OR-R1','2024-03-22','loan',8,13,'9bca8bfe-6f85-4494-ad1c-5db66d91d0b2',9,8,1,NULL,NULL,NULL,'2024-04-12 20:19:04','2024-04-12 20:19:22',1),(61,578340,'101AGD324082A2OR-R2','2024-03-22','loan',9,13,'9bca8d6d-d89b-4cd3-8113-3a400531972e',9,8,1,NULL,NULL,NULL,'2024-04-12 20:23:04','2024-04-12 20:23:21',1),(62,81000,'101AGD324082A2OR-R3','2024-03-22','fee penalty',NULL,13,'9bca9a16-ee73-41a3-9793-41193f0d8222',9,8,1,'March 2024',NULL,NULL,'2024-04-12 20:58:28','2024-04-12 21:21:10',1),(63,81000,'101AGD324082A2OR-R4','2024-03-22','stock penalty',NULL,13,'9bca9a56-6234-4da2-a6e5-c3726a505772',9,8,1,'March 2024',NULL,NULL,'2024-04-12 20:59:10','2024-04-12 21:22:12',1),(64,15000,'101AGD324082A2OR-R5','2024-03-22','fee',NULL,13,'9bca9b8c-fcbf-433b-8184-fbdfe2b531f5',9,8,1,'January 2024',NULL,NULL,'2024-04-12 21:02:34','2024-04-12 21:22:01',1),(65,15000,'101AGD324082A2OR-R6','2024-03-22','fee',NULL,13,'9bca9bba-18b7-470e-bf0e-4c12c0cc8733',9,8,1,'February 2024',NULL,NULL,'2024-04-12 21:03:03','2024-04-12 21:21:50',1),(66,15000,'101AGD324082A2OR-R7','2024-03-22','fee',NULL,13,'9bca9bf7-df1e-4690-9d25-1660b1529557',9,8,1,'March 2024',NULL,NULL,'2024-04-12 21:03:44','2024-04-12 21:21:37',1),(67,77160,'101AGD324082A2OR-R8','2024-03-22','stock',NULL,13,'9bca9d03-2ec5-4fd3-8eca-5d79815e8904',9,8,1,'January 2024',NULL,NULL,'2024-04-12 21:06:39','2024-04-12 21:21:25',1),(68,50000,'225FTM2241030584-R1','2024-04-12','stock',NULL,13,'9bca9fcc-7e13-49d8-ab12-0ca56f1da3e5',9,8,1,'February 2024',NULL,NULL,'2024-04-12 21:14:26','2024-04-12 21:20:48',1),(69,50000,'225FTM2241030585','2024-04-12','stock',NULL,13,'9bcaa03a-5863-4c93-8a6f-3cca5f3efd58',9,8,1,'March 2024',NULL,NULL,'2024-04-12 21:15:38','2024-04-12 21:20:33',1),(70,144000,'994195745867','2024-04-18','loan',5,10,'9bd6cd8e-c4e3-471d-81c2-5d859d8b2b29',6,8,1,NULL,NULL,NULL,'2024-04-18 22:32:19','2024-04-18 22:44:02',1),(71,50000,'101AGD124118A32Q','2024-04-27','stock',NULL,8,'9be8d24c-a600-40b6-ad30-be9effb3243e',4,4,2,'April 2024','Incorrect','2024-04-27 21:32:43','2024-04-27 21:30:29','2024-04-27 21:32:43',1),(72,15000,'101AGD124118A38P','2024-04-27','fee',NULL,8,'9be8d2ca-3819-43af-8f2b-099e556ce3d9',4,8,1,'April 2024',NULL,NULL,'2024-04-27 21:31:51','2024-04-28 10:49:26',1),(73,50000,'101AGD124118A32Q_','2024-04-27','stock',NULL,8,'9be8d429-09d1-4896-824e-c0a89a2f1ab2',4,8,1,'May 2024',NULL,NULL,'2024-04-27 21:35:41','2024-04-28 10:49:35',1),(74,50000,'101AGD124118A3HS','2024-04-27','stock',NULL,9,'9bedf872-f104-4ee5-8943-24c489dcd5a8',5,8,1,'April 2024',NULL,NULL,'2024-04-30 10:56:18','2024-04-30 13:55:55',1),(75,85000,'101AGD224121E5W8','2024-04-30','stock',NULL,10,'9beec3bc-629a-4b83-804c-76ed12d16197',6,8,1,'April 2024',NULL,NULL,'2024-04-30 20:24:44','2024-04-30 20:34:53',1),(76,15000,'101AGD224121E5W8 - 1','2024-04-30','fee',NULL,10,'9beec432-78ec-4137-958e-7f72e9b07265',6,8,1,'April 2024',NULL,NULL,'2024-04-30 20:26:01','2024-04-30 20:34:46',1),(77,15000,'MKFT0RGRLVOXN78K01KD6','2024-05-02','fee',NULL,9,'9bf1f7ea-613c-46d3-b746-854cb52dbffd',5,8,1,'April 2024',NULL,NULL,'2024-05-02 10:38:07','2024-05-02 10:58:31',1),(78,72000,'MKFTORGPLVVO4YLLO11QF-1','2024-05-06','loan',1,11,'9bfa85a4-08d3-4c81-85a7-050106c4deaa',7,8,1,NULL,NULL,NULL,'2024-05-06 16:41:02','2024-05-06 18:27:17',1),(79,50000,'MKFTORGPLVVO4YLLO11QF-2','2024-05-06','stock',NULL,11,'9bfa868a-d325-4df3-bb87-880673886e08',7,8,1,'April 2024',NULL,NULL,'2024-05-06 16:43:33','2024-05-06 18:26:26',1),(80,15000,'MKFTORGPLVVO4YLLO11QF-3','2024-05-06','fee',NULL,11,'9bfa86dc-dda1-40f0-81bf-0465561ec0c1',7,8,1,'April 2024',NULL,NULL,'2024-05-06 16:44:27','2024-05-21 10:09:47',1),(81,6000,'MKFTORGPLVVO4YLLO11QF-4','2024-05-06','fee penalty',NULL,11,'9bfa872f-297c-44dd-af61-c390225fcfea',7,8,1,'April 2024',NULL,NULL,'2024-05-06 16:45:21','2024-05-06 18:27:08',1),(82,6000,'MKFTORGPLVVO4YLLO11QF-5','2024-05-06','stock penalty',NULL,11,'9bfa876f-ec8d-490c-ba36-f990032b94a0',7,8,1,'April 2024',NULL,NULL,'2024-05-06 16:46:03','2024-05-06 18:26:56',1),(83,410000,'101AGD224127E0IF','2024-05-06','loan',6,8,'9bfac75c-0b29-44df-8d8f-87e74b037fea',4,8,1,NULL,NULL,NULL,'2024-05-06 19:44:48','2024-05-06 19:46:17',1),(84,55000,'101AGD224131C34Y','2024-05-10','loan',7,9,'9c03fdbf-eb82-4d80-acf9-bf62878ccc57',5,8,1,NULL,NULL,NULL,'2024-05-11 09:39:20','2024-05-11 13:39:04',1),(85,100000,'410FTM2241370004-1','2024-05-16','stock',NULL,12,'9c1281d6-e992-4a25-9ade-1a845d591f71',8,8,1,'May 2024',NULL,NULL,'2024-05-18 14:50:16','2024-05-18 18:18:20',1),(86,15000,'410FTM2241370004-2','2024-05-16','fee',NULL,12,'9c128241-68f0-4419-8261-37af0d4539e4',8,8,1,'May 2024',NULL,NULL,'2024-05-18 14:51:26','2024-05-18 18:18:13',1),(87,144000,'101AGD224139B7DU','2024-05-18','loan',5,10,'9c12d09b-4ebd-4951-a15a-6f3c304cc1f5',6,8,1,NULL,NULL,NULL,'2024-05-18 18:30:31','2024-05-18 18:33:40',1),(88,200000,'18F96A09FDAC827-1','2024-05-20','stock',NULL,1,'9c16da82-65f0-4bb9-b246-b75798ed7f96',1,8,1,'May 2024',NULL,NULL,'2024-05-20 18:41:31','2024-05-21 12:35:41',1),(89,15000,'18F96A09FDAC827-2','2024-05-20','fee',NULL,1,'9c16daa5-e6f9-468c-963a-ee0c20eb4ead',1,8,1,'May 2024',NULL,NULL,'2024-05-20 18:41:55','2024-05-21 12:35:34',1),(90,15000,'MKFTORGPLVVO4YLLO11QF-5','2024-05-06','fee',NULL,11,'9b73dd83-deca-427e-a785-f83bba67df1ca7',11,12,1,'May 2024',NULL,NULL,'2024-05-06 21:09:59','2024-05-21 10:06:00',1),(91,15000,'MKFT0RXKLWI7CH4901J8X_R1','2024-05-22','fee',NULL,13,'9c1b2fd4-b10a-4b4a-b681-b144f4ed1d16',9,8,1,'April 2024',NULL,NULL,'2024-05-22 22:23:25','2024-05-25 13:00:35',1),(92,30000,'MKFT0RXKLWI7CH4901J8X_R2','2024-05-22','fee penalty',NULL,13,'9c1b3020-a980-4c6e-9511-13ec6be06eee',9,8,1,'April 2024',NULL,NULL,'2024-05-22 22:24:14','2024-05-25 13:00:31',1),(93,50000,'MKFT0RXKLWI7CH4901J8X_R3','2024-05-22','stock',NULL,13,'9c1b308a-0fb0-4600-b465-13846d779560',9,8,1,'April 2024',NULL,NULL,'2024-05-22 22:25:24','2024-05-25 13:00:26',1),(94,30000,'MKFT0RXKLWI7CH4901J8X_R4','2024-05-22','stock penalty',NULL,13,'9c1b30ac-e93a-4527-b81b-688336be47be',9,8,1,'April 2024',NULL,NULL,'2024-05-22 22:25:46','2024-05-25 13:00:20',1),(95,1000000,'MKFT0RXKLWI7CH4901J8X_R6 & MKFT0RXKLWI7YS9O01FX_R1','2024-05-22','loan',10,13,'9c1b32fb-5fff-4e81-952f-7b32fe9fd7a2',9,8,1,NULL,NULL,NULL,'2024-05-22 22:32:13','2024-05-25 12:57:59',1),(96,52000,'MKFT0RXKLWI820YQ01GGZ_R1','2024-05-22','loan',10,13,'9c1b33f5-4792-4255-83cc-6a0ad096e336',9,8,1,NULL,NULL,NULL,'2024-05-22 22:34:57','2024-05-25 13:00:15',1),(97,183600,'MKFT0RXKLWI7CH4901J8X_R7','2024-05-22','loan',9,13,'9c1b35fb-b937-4602-a08d-336530887678',9,8,1,NULL,NULL,NULL,'2024-05-22 22:40:37','2024-05-25 13:00:11',1),(98,183600,'MKFT0RXKLWI7CH4901J8X_R8','2024-05-22','loan',9,13,'9c1b361c-7ab0-474a-bc40-68fedf85b4f7',9,8,1,NULL,NULL,NULL,'2024-05-22 22:40:58','2024-05-25 13:00:07',1),(99,183600,'MKFT0RXKLWI7CH4901J8X_R9','2024-05-22','loan',9,13,'9c1b3653-da25-48d6-b3a5-a6ac9d43150e',9,8,1,NULL,NULL,NULL,'2024-05-22 22:41:35','2024-05-25 13:00:02',1),(100,9180,'MKFT0RZKLWI8EPRF6T45WY_R1','2024-05-22','loan',9,13,'9c1b3779-11c8-49ea-a12a-238351c11c3a',9,8,1,NULL,NULL,NULL,'2024-05-22 22:44:47','2024-05-25 12:59:57',1),(101,1050000,'MKFTORP2LWLVTI3Q01F8Z','2024-05-25','loan',12,11,'9c205d70-f945-4752-a593-7bc65686d69f',7,8,1,NULL,NULL,NULL,'2024-05-25 12:10:05','2024-05-25 12:57:32',1),(102,126000,'410FTM2241460022','2024-05-25','loan',11,12,'9c2081ff-a8a7-4fe7-a21b-b77f475f9c87',8,8,1,NULL,NULL,NULL,'2024-05-25 13:52:19','2024-05-27 13:06:04',1),(103,4500,'MKFT0RP2LWOPVO84Q947AC_1','2024-05-27','stock penalty',NULL,13,'9c245901-ee85-4f9f-b001-7635632c4a86',9,8,1,'April 2024',NULL,NULL,'2024-05-27 11:41:00','2024-05-27 13:07:24',1),(104,4500,'MKFT0RP2LWOPVO84Q947AC_2','2024-05-27','fee penalty',NULL,13,'9c245b13-f385-4afd-ba63-a6ab9406e946',9,8,1,'April 2024',NULL,NULL,'2024-05-27 11:46:47','2024-05-27 13:07:28',1),(105,100000,'MKFT0RP2LWOQ79U901OH2_1','2024-05-27','stock',NULL,13,'9c245c0b-1a8c-435b-bd68-51b918b3946e',9,8,1,'May 2024',NULL,NULL,'2024-05-27 11:49:29','2024-05-27 13:07:32',1),(106,30000,'MKFT0RP2LWOQ79U901OH2_2','2024-05-27','fee',NULL,13,'9c245cda-dd58-44d7-8ec9-c93b5708560c',9,8,1,'May 2024',NULL,NULL,'2024-05-27 11:51:46','2024-05-27 13:07:36',1),(107,576000,'101AGD324148B1TS','2024-05-27','loan',5,10,'9c24cd65-dc78-4e55-9ece-093c5eea7375',6,8,1,NULL,NULL,NULL,'2024-05-27 17:06:27','2024-05-27 19:46:06',1),(108,100000,'101AGD224148DOAQ','2024-05-27','stock',NULL,10,'9c24cefc-09f7-4efd-aa66-46562c4e4eaf',6,8,1,'May 2024',NULL,NULL,'2024-05-27 17:10:53','2024-05-27 19:45:58',1),(109,15000,'101AGD124152c2ZD','2024-05-31','fee',NULL,8,'9c2d05bc-e816-43cb-9394-20707672859e',4,8,1,'May 2024',NULL,NULL,'2024-05-31 19:10:37','2024-05-31 19:17:27',1),(110,15000,'MKFT0RP2LWYOTQLV01ODY-1','2024-06-03','fee',NULL,9,'9c326370-8b7b-4231-b0bf-f1b1a7f7bf71',5,8,1,'June 2024',NULL,NULL,'2024-06-03 11:11:46','2024-06-03 14:14:39',1),(111,50000,'MKFT0RP2LWYOTQLV01ODY-2','2024-06-03','stock',NULL,9,'9c32641d-87f4-4941-9475-9d401bb11978',5,8,1,'May 2024',NULL,NULL,'2024-06-03 11:13:39','2024-06-03 14:14:35',1),(112,54000,'MKFT00EJLX9895OV013MT','2024-05-10','loan',7,9,'9c4138ba-8109-4f0b-95dc-e2f1a31ba5de',5,8,1,NULL,NULL,NULL,'2024-06-10 20:09:45','2024-06-12 15:59:42',1),(113,107000,'MKFT057ILXDAO75O01KWE','2024-06-13','loan',7,9,'9c46f2c7-029d-46f8-83c5-43c767e6fb8d',5,8,1,NULL,NULL,NULL,'2024-06-13 16:29:07','2024-06-13 17:51:12',1),(114,15000,'101AGD124165B6GI','2024-06-13','fee',NULL,10,'9c47258e-d6bc-4ed0-8318-f6d0cf7fca00',6,8,1,'May 2024',NULL,NULL,'2024-06-13 18:51:07','2024-06-13 18:55:05',1),(115,16500,'101AGD124165B6GI-1','2024-06-13','fee penalty',NULL,10,'9c4725e0-b67e-4ba8-b4fc-e941544ef024',6,8,1,'May 2024',NULL,NULL,'2024-06-13 18:52:00','2024-06-13 18:55:19',1),(116,85000,'410FTM2241710507-1','2024-06-19','stock',NULL,12,'9c531e97-0322-4235-8506-15302648ab10',8,8,1,'June 2024',NULL,NULL,'2024-06-19 17:41:34','2024-06-19 17:43:58',1),(117,15000,'410FTM2241710507-2','2024-06-19','fee',NULL,12,'9c531ec9-050a-4664-9b56-c56c4b326fa9',8,8,1,'June 2024',NULL,NULL,'2024-06-19 17:42:07','2024-06-19 17:43:49',1),(118,100000,'0719044DE7544AIIL-1','2024-06-25','stock',NULL,1,'9c5e6f31-d3f6-4f8a-83ff-81440973aba0',1,8,1,'June 2024',NULL,NULL,'2024-06-25 08:41:03','2024-06-25 11:56:59',1),(119,15000,'0719044DE7544AIIL-2','2024-06-25','fee',NULL,1,'9c5e6f66-332a-4ed6-b878-307d16b7af4a',1,8,1,'June 2024',NULL,NULL,'2024-06-25 08:41:38','2024-06-25 11:56:54',1),(120,85000,'MKFT0T4MLXVXTPS701EOD-1','2024-06-26','stock',NULL,9,'9c613204-3665-4ef8-87c1-1c1ea175b5a9',5,8,1,'June 2024',NULL,NULL,'2024-06-26 17:37:28','2024-06-26 18:13:41',1),(121,15000,'MKFT0T4MLXVXTPS701EOD-2','2024-06-26','fee',NULL,9,'9c613276-8b1c-4703-ae4c-dd714950fda6',5,8,1,'June 2024',NULL,NULL,'2024-06-26 17:38:43','2024-06-26 18:13:30',1),(122,37500,'MKFTOT5RLXW9AFDKCK45W4-1','2024-06-26','stock penalty',NULL,11,'9c61a4d1-1fb4-41c8-9d15-c31c5cab6ca6',7,8,1,'May 2024',NULL,NULL,'2024-06-26 22:58:29','2024-06-26 23:03:31',1),(123,62500,'MKFTOT5RLXW9AFDKCK45W4-2','2024-06-26','stock',NULL,11,'9c61a528-b4ff-40da-bbda-5666582e0056',7,8,1,'June 2024',NULL,NULL,'2024-06-26 22:59:26','2024-06-26 23:03:22',1),(124,15000,'MKFTOT4MLXW9F34N01QAY','2024-06-26','fee',NULL,11,'9c61a5b4-705e-4664-9388-5085a0bdb776',7,8,1,'June 2024',NULL,NULL,'2024-06-26 23:00:58','2024-06-26 23:03:11',1),(125,126000,'410FTM2241800523','2024-06-28','loan',11,12,'9c654eb0-f258-48a1-a5aa-ddce7d7a5ad8',8,8,1,NULL,NULL,NULL,'2024-06-28 18:40:58','2024-06-28 18:41:16',1),(126,468000,'101AGD324182A5Q5','2024-06-30','loan',13,10,'9c698b53-c5ac-4b5f-bb4f-5edb9d15ef59',6,8,1,NULL,NULL,NULL,'2024-06-30 21:13:50','2024-06-30 21:24:14',1),(127,70000,'101AGD324182A5Q5-1','2024-06-30','stock',NULL,10,'9c698bcf-50f9-4a22-af1d-4aec6ba40248',6,8,1,'June 2024',NULL,NULL,'2024-06-30 21:15:11','2024-06-30 21:24:05',1),(128,50000,'MKFT0T98LY1XWAAB01JF1_1','2024-06-30','stock',NULL,13,'9c69ad17-e64f-42b1-826f-9de5db1cfdab',9,8,1,'June 2024',NULL,NULL,'2024-06-30 22:48:15','2024-06-30 23:45:28',1),(129,15000,'MKFT0T98LY1XWAAB01JF1_2','2024-06-30','fee',NULL,13,'9c69ad52-57bc-4724-b4fb-e3dff0c9b35d',9,8,1,'June 2024',NULL,NULL,'2024-06-30 22:48:53','2024-06-30 23:45:18',1),(130,50000,'MKFT0T9TLY4Q79R201CXM','2024-07-02','stock',NULL,8,'9c6d9d60-1978-456f-b71c-69ad98e25ba5',4,8,1,'June 2024',NULL,NULL,'2024-07-02 21:47:36','2024-07-06 11:38:29',1),(131,15000,'MKFT0T9TLY4Q79R201CXM_','2024-07-02','fee',NULL,8,'9c6d9db1-4055-4767-9425-044641d351b0',4,8,1,'June 2024',NULL,NULL,'2024-07-02 21:48:30','2024-07-06 11:38:23',1),(132,1102500,'410FTM4241850502','2024-07-03','loan',14,12,'9c6f6b4f-cc39-4956-bf45-0c7eaa782bd7',8,8,1,NULL,NULL,NULL,'2024-07-03 19:19:16','2024-07-03 19:19:57',1),(133,1500,'MKFT0X30LYLKV09S01I3G','2024-07-14','fee penalty',NULL,9,'9c854bca-be8a-4952-ab0b-51334c5562d6',5,8,1,'May 2024',NULL,NULL,'2024-07-14 16:19:21','2024-07-14 16:27:02',1),(134,1500,'MKFT0X30LYLKV09S01I3G-1','2024-07-14','stock penalty',NULL,9,'9c854c27-b479-425f-9aac-1c94dbee4c21',5,8,1,'May 2024',NULL,NULL,'2024-07-14 16:20:22','2024-07-14 16:26:56',1),(135,50200,'MKFT0RXKLWI7CH4901J8X_10','2024-05-22','loan',10,13,'9c858179-ea85-4901-98a4-94004d82a984',9,8,1,NULL,NULL,NULL,'2024-07-14 18:49:28','2024-07-14 18:51:28',1),(136,1000,'MKFT0X30LYLQ5G9F01BGH_1','2024-07-14','loan',10,13,'9c8581f3-9144-464a-8c71-780928dcf484',9,8,1,NULL,NULL,NULL,'2024-07-14 18:50:48','2024-07-14 18:51:22',1),(137,15000,'https://uskbrotherhood.co.tz/','2024-07-18','fee',NULL,10,'9c8d3841-73bb-4e82-b8c6-8a2c3ecf4e30',6,8,2,'June 2024','Wrong translation','2024-07-18 21:50:09','2024-07-18 14:51:21','2024-07-18 21:50:09',1),(138,15000,'101AGD124200A4DP','2024-07-18','fee',NULL,10,'9c8d3970-ce3f-4ad7-8d9b-ba18e398286a',6,8,1,'June 2024',NULL,NULL,'2024-07-18 14:54:40','2024-07-18 21:49:42',1),(139,12600,'MKFTOXLLLYYLXR8501DCO-1','2024-07-23','loan',17,11,'9c97a5c1-bfb2-420a-976b-427597bf6e84',7,8,2,NULL,'incorrect amount','2024-07-24 08:57:40','2024-07-23 19:15:49','2024-07-24 08:57:40',1),(140,126000,'MKFTOXLLLYYLXR8501DCO-2','2024-07-23','loan',17,11,'9c97b49f-280f-41d3-bf1f-eb7b5af7920c',7,8,1,NULL,NULL,NULL,'2024-07-23 19:57:23','2024-07-24 08:57:50',1),(141,50000,'MKFTOXLLLYYLXR8501DCO-3','2024-07-23','stock',NULL,11,'9c97b554-034d-4ea9-a2fb-31b2ae227526',7,8,1,'July 2024',NULL,NULL,'2024-07-23 19:59:21','2024-07-24 08:58:22',1),(142,15000,'MKFTOXLLLYYLXR8501DCO-4','2024-07-23','fee',NULL,11,'9c97b681-4a42-45c5-ac98-1e5c348f16d8',7,8,1,'July 2024',NULL,NULL,'2024-07-23 20:02:39','2024-07-24 08:57:56',1),(143,368000,'MKFT0XLLLYZPHOCY01ATE','2024-07-24','loan',15,9,'9c992e98-27af-48f5-9ca1-78ecab03bea5',5,8,1,NULL,NULL,NULL,'2024-07-24 13:34:16','2024-07-24 13:36:31',1),(144,55000,'101AGD224211A5EF','2024-07-29','stock',NULL,8,'9ca31b58-f4ca-4211-bce5-1df1cfb5aca8',4,4,2,'July 2024','Incorrect amount','2024-07-29 12:00:25','2024-07-29 11:58:44','2024-07-29 12:00:25',1),(145,15000,'101AGD224211A5EF_2','2024-07-29','fee',NULL,8,'9ca31b83-c551-47ae-ae42-c6210a9e7613',4,8,1,'July 2024',NULL,NULL,'2024-07-29 11:59:12','2024-07-29 19:20:00',1),(146,6000,'101AGD224211A5EF_3','2024-07-29','fee penalty',NULL,8,'9ca31bbf-606a-400e-a83d-7f21513b964e',4,8,1,'July 2024',NULL,NULL,'2024-07-29 11:59:51','2024-07-29 19:19:56',1),(147,50000,'101AGD224211A5EF_1','2024-07-29','stock',NULL,8,'9ca31c5a-ea79-4ef8-b73d-e6442770e605',4,8,1,'July 2024',NULL,NULL,'2024-07-29 12:01:33','2024-07-29 19:19:51',1),(148,50000,'410FTM2242120011 - 1','2024-07-30','stock',NULL,12,'9ca59771-337c-4ef9-8188-b8ec63093542',8,8,1,'July 2024',NULL,NULL,'2024-07-30 17:37:23','2024-07-30 17:39:21',1),(149,15000,'410FTM2242120011 - 2','2024-07-30','fee',NULL,12,'9ca5979e-dd5b-4289-92c2-d84088a7e288',8,8,1,'July 2024',NULL,NULL,'2024-07-30 17:37:53','2024-07-30 17:39:25',1),(150,126000,'410FTM2242120011 - 3','2024-07-30','loan',11,12,'9ca597fc-5c3f-4cf0-8b00-0884966d4d10',8,8,1,NULL,NULL,NULL,'2024-07-30 17:38:54','2024-07-30 17:39:33',1),(151,15000,'MKFT0XO7LZ9JMO36014UB-1','2024-07-31','fee',NULL,9,'9ca7082a-185c-4f92-b34f-29d557dcad1a',5,8,1,'July 2024',NULL,NULL,'2024-07-31 10:48:24','2024-07-31 11:08:59',1),(152,85000,'MKFT0XO7LZ9JMO36014UB-2','2024-07-31','stock',NULL,9,'9ca708bf-e282-4506-937d-19510a7ed253',5,8,1,'July 2024',NULL,NULL,'2024-07-31 10:50:02','2024-07-31 11:08:54',1),(153,468000,'101AGD324213B3ES','2024-07-31','loan',13,10,'9ca7a2e6-d2c5-4b72-89ea-7d9eda459aaa',6,8,1,NULL,NULL,NULL,'2024-07-31 18:01:05','2024-07-31 20:31:24',1),(154,100000,'101AGD324213B3ES-1','2024-07-31','stock',NULL,10,'9ca7a367-c348-455d-9d78-b85c46eec2bf',6,8,1,'July 2024',NULL,NULL,'2024-07-31 18:02:29','2024-07-31 20:31:32',1),(155,15000,'101AGD324213B3ES-2','2024-07-31','fee',NULL,10,'9ca7a3ae-6006-4304-b3fc-e911d11fda60',6,8,1,'July 2024',NULL,NULL,'2024-07-31 18:03:15','2024-07-31 20:31:41',1),(156,15000,'MKFT0XMVLZA6HS7AFW726C_1','2024-07-31','fee',NULL,13,'9ca7ed83-8fcd-4332-9ee9-a054fbc8bc92',9,8,1,'July 2024',NULL,NULL,'2024-07-31 21:29:42','2024-07-31 21:59:57',1),(157,100000,'MKFT0XMVLZA6HS7AFW726C_2','2024-07-31','stock',NULL,13,'9ca7edb5-a79f-4985-9c63-b1f766cbe430',9,8,1,'July 2024',NULL,NULL,'2024-07-31 21:30:15','2024-07-31 21:59:48',1),(158,200000,'1910DACO2AB89A5B','2024-08-01','stock',NULL,1,'9ca95bce-3062-4246-9526-95391fbf5f3f',1,8,1,'July 2024',NULL,NULL,'2024-08-01 14:33:56','2024-08-01 15:25:37',1),(159,15000,'1910DACO2AB89A5B-1','2024-08-01','fee',NULL,1,'9ca95bf7-f3a0-4251-993e-28cb4afd660d',1,8,1,'July 2024',NULL,NULL,'2024-08-01 14:34:23','2024-08-01 15:25:47',1),(160,400000,'101AGD224215C4T2','2024-08-02','stock',NULL,10,'9cab94ad-cb88-4737-b823-0853e2c06241',6,8,1,'August 2024',NULL,NULL,'2024-08-02 17:04:37','2024-08-03 12:35:31',1),(161,300000,'MKFT0JXW9M04Z2CAB01B5A','2024-08-22','loan',15,9,'9cd347bb-19d0-4e7a-8913-675c89dca1bf',5,8,1,NULL,NULL,NULL,'2024-08-22 10:42:34','2024-08-22 11:02:34',1),(162,15000,'MKFT0XW8M04Z8ST301C5J-1','2024-08-22','fee',NULL,9,'9cd34936-2913-44b1-9b53-466a7dfe5bc1',5,8,1,'August 2024',NULL,NULL,'2024-08-22 10:46:43','2024-08-22 10:58:53',1),(163,85000,'MKFT0XW8M04Z8ST301C5J-2','2024-08-22','stock',NULL,9,'9cd34986-9c6c-4f28-ad31-8f79c667cb67',5,8,1,'August 2024',NULL,NULL,'2024-08-22 10:47:35','2024-08-22 10:58:39',1),(164,525000,'MKFTOXW8M07WZ29G01J1R-1','2024-08-24','loan',18,11,'9cd76b7f-0185-49c5-8636-0819616bd829',7,8,1,NULL,NULL,NULL,'2024-08-24 12:05:53','2024-08-24 21:38:20',1),(165,126000,'MKFTOXW8M07WZ29G01J1R-2','2024-08-24','loan',17,11,'9cd76bd0-02b5-4020-a2bc-b6f0d8245911',7,8,1,NULL,NULL,NULL,'2024-08-24 12:06:46','2024-08-24 21:37:51',1),(166,15000,'MKFTOXW8M07WZ29G01J1R-3','2024-08-24','fee',NULL,11,'9cd76dab-6b69-4814-acd5-2181c7d97c05',7,8,1,'August 2024',NULL,NULL,'2024-08-24 12:11:58','2024-08-24 21:38:13',1),(167,50000,'MKFTOXW8M07WZ29G01J1R-4','2024-08-24','stock',NULL,11,'9cd76deb-f3c1-4289-b5f2-76766fa68960',7,8,1,'August 2024',NULL,NULL,'2024-08-24 12:12:40','2024-08-24 21:38:02',1),(168,200000,'247AGPS242395E7V','2024-08-26','stock',NULL,1,'9cdb3257-ade2-40dd-972b-b3766c97d9f3',1,8,1,'August 2024',NULL,NULL,'2024-08-26 09:09:23','2024-08-26 09:13:46',1),(169,15000,'247AGPS242395E7V-1','2024-08-26','fee',NULL,1,'9cdb3277-25c7-4d44-91c4-355757272f9a',1,8,1,'August 2024',NULL,NULL,'2024-08-26 09:09:44','2024-08-26 09:13:39',1),(170,50000,'410FTM2242390017-1','2024-08-26','stock',NULL,12,'9cddad29-0a6a-4631-83b1-03c03216fc21',8,8,1,'August 2024',NULL,NULL,'2024-08-27 14:44:28','2024-08-27 14:52:57',1),(171,15000,'410FTM2242390017-2','2024-08-26','fee',NULL,12,'9cddad60-1f91-49e2-a647-4eac8a00de13',8,8,1,'August 2024',NULL,NULL,'2024-08-27 14:45:04','2024-08-27 14:52:50',1),(172,126000,'410FTM2242390017-3','2024-08-26','loan',11,12,'9cddafe4-8d25-4121-a318-1fb8ccdf4aaa',8,8,1,NULL,NULL,NULL,'2024-08-27 14:52:06','2024-08-27 14:52:43',1),(173,50000,'191a84ddcc427864_1','2024-08-31','stock',NULL,8,'9ce7ee2d-d612-4507-8254-d7a9e91726b1',4,8,1,'August 2024',NULL,NULL,'2024-09-01 17:04:33','2024-09-01 17:09:08',1),(174,15000,'191a84ddcc427864_2','2024-08-31','fee',NULL,8,'9ce7ee8d-4cc2-4ba1-829f-b54508c75bab',4,8,1,'August 2024',NULL,NULL,'2024-09-01 17:05:36','2024-09-01 17:08:57',1),(175,15000,'101AGD224245C00R -1','2024-09-01','fee',NULL,10,'9ce82292-16e5-404f-b9c8-274c098f5f34',6,8,1,'August 2024',NULL,NULL,'2024-09-01 19:31:03','2024-09-01 20:18:26',1),(176,468000,'101AGD224245C00R','2024-09-01','loan',13,10,'9ce82385-8184-449f-87ac-cc35b06c6bc1',6,8,1,NULL,NULL,NULL,'2024-09-01 19:33:42','2024-09-01 20:18:35',1),(177,106000,'MKFT0XW7M0QDUUA301KQK_1','2024-09-06','stock',NULL,13,'9cf16c0d-b93b-4d72-8d5b-f38454d1947b',9,8,1,'August 2024',NULL,NULL,'2024-09-06 10:18:58','2024-09-06 10:24:58',1),(178,106000,'MKFT0XW7M0QDUUA301KQK_2','2024-09-06','stock penalty',NULL,13,'9cf16c3b-45c1-462e-83fb-f5fd8a141839',9,8,2,'August 2024','Rejected','2024-09-06 10:24:46','2024-09-06 10:19:28','2024-09-06 10:24:46',1),(179,15000,'MKFT0XW7M0QDTKCY01FRE_1','2024-09-06','fee',NULL,13,'9cf16cae-0932-4296-a453-e48df412526b',9,8,1,'August 2024',NULL,NULL,'2024-09-06 10:20:43','2024-09-06 10:25:28',1),(180,6000,'MKFT0XW7M0QDTKCY01FRE_2','2024-09-06','fee penalty',NULL,13,'9cf16cd3-56ee-4147-8d12-0268e509f1e1',9,8,1,'August 2024',NULL,NULL,'2024-09-06 10:21:08','2024-09-06 10:25:36',1),(181,6000,'MKFT0XW7M0QDUUA301KQK_3','2024-09-06','stock penalty',NULL,13,'9cf17a63-6903-401f-b00f-aad813106a98',9,8,1,'August 2024',NULL,NULL,'2024-09-06 10:59:03','2024-09-11 18:02:18',1),(182,210000,'MKFT0Y97M0XVGLS001DKL','2024-09-11','loan',20,10,'9cfbf790-0f2a-4709-b35d-7d100b094f0d',6,8,1,NULL,NULL,NULL,'2024-09-11 16:07:21','2024-09-11 18:01:12',1),(183,34000,'MKFT0XW9M1I0FQEA01I49-1','2024-09-25','loan',15,9,'9d1850e8-4be8-452d-9a43-b29c3804c68c',5,8,1,NULL,NULL,NULL,'2024-09-25 18:20:21','2024-09-25 18:45:16',1),(184,50000,'MKFT0XW9M1I0FQEA01I49-2','2024-09-25','stock',NULL,9,'9d18515a-1805-4060-91f3-50dd0166914e',5,8,1,'September 2024',NULL,NULL,'2024-09-25 18:21:36','2024-09-25 18:45:26',1),(185,15000,'MKFT0XW9M1I0FQEA01I49-3','2024-09-25','fee',NULL,9,'9d1851a2-8a3d-4998-831e-bb9949ab8f09',5,8,1,'September 2024',NULL,NULL,'2024-09-25 18:22:23','2024-09-25 18:45:35',1),(186,126000,'MKFTOZVQM115UOBJ01NOD-1','2024-09-25','loan',17,11,'9d18870f-968c-4512-bdd2-f2e9db9e3e40',7,8,1,NULL,NULL,NULL,'2024-09-25 20:51:47','2024-09-25 21:21:33',1),(187,15000,'MKFTOZVQM115UOBJ01NOD-2','2024-09-25','fee',NULL,11,'9d188789-f918-4830-9a3c-222df241a8f9',7,8,1,'September 2024',NULL,NULL,'2024-09-25 20:53:07','2024-09-25 21:22:03',1),(188,50000,'MKFTOZVQM115UOBJ01NOD-3','2024-09-25','stock',NULL,11,'9d1887e0-06df-4094-ad9f-5d84614c0390',7,8,1,'September 2024',NULL,NULL,'2024-09-25 20:54:03','2024-09-25 21:21:51',1),(189,500000,'1922CCEB6EB26A6B','2024-09-26','stock',NULL,1,'9d198130-bfaf-49a1-917b-18a6542b6550',1,8,1,'September 2024',NULL,NULL,'2024-09-26 08:31:11','2024-09-26 09:21:06',1),(190,15000,'1922CCEB6EB26A6B-1','2024-09-26','fee',NULL,1,'9d19815d-1d75-450b-9202-e9e5a112cf4b',1,8,1,'September 2024',NULL,NULL,'2024-09-26 08:31:41','2024-09-26 09:20:57',1),(191,126000,'410FTM2242710010 -1','2024-09-27','loan',11,12,'9d1bd07d-885d-4649-94b4-86b2de853e7b',8,8,1,NULL,NULL,NULL,'2024-09-27 12:04:35','2024-09-27 12:07:29',1),(192,50000,'410FTM2242710010-2','2024-09-27','stock',NULL,12,'9d1bd10f-dbe4-4218-aa17-0d585a9f72f4',8,8,1,'September 2024',NULL,NULL,'2024-09-27 12:06:11','2024-09-27 12:07:21',1),(193,15000,'410FTM2242710010-3','2024-09-27','fee',NULL,12,'9d1bd14a-3c62-42fa-8b12-75fcd3620055',8,8,1,'September 2024',NULL,NULL,'2024-09-27 12:06:49','2024-09-27 12:07:06',1),(194,468000,'101AGD324275B5EI','2024-10-01','loan',13,10,'9d246350-fbca-4114-a485-62a1d0d3e173',6,8,1,NULL,NULL,NULL,'2024-10-01 18:21:46','2024-10-01 22:17:43',1),(195,50000,'101AGD324275B5EI -1','2024-10-01','stock',NULL,10,'9d24639e-6b85-4789-88f7-42f4dd1863ef',6,8,1,'September 2024',NULL,NULL,'2024-10-01 18:22:37','2024-10-01 22:18:02',1),(196,15000,'101AGD324275B5EI-2','2024-10-01','fee',NULL,10,'9d2463f4-38f2-43f4-a512-1107d8c9627b',6,8,1,'September 2024',NULL,NULL,'2024-10-01 18:23:33','2024-10-01 22:17:54',1),(197,120000,'MKFT104VM1TEMTCE48399R_1','2024-10-03','stock',NULL,13,'9d285ca2-70b4-4729-a507-edf7af5db107',9,8,1,'September 2024',NULL,NULL,'2024-10-03 17:46:24','2024-10-03 20:42:17',1),(198,1500,'MKFT104VM1TEMTCE48399R_2','2024-10-03','stock penalty',NULL,13,'9d285cdc-b2df-4859-a4b0-713f7b9f016b',9,8,1,'September 2024',NULL,NULL,'2024-10-03 17:47:02','2024-10-03 20:42:06',1),(199,15000,'MKFT104VM1TEMTCE48399R_3','2024-10-03','fee',NULL,13,'9d285d34-8016-45f0-b8d9-e58ba0e06c9d',9,8,1,'September 2024',NULL,NULL,'2024-10-03 17:47:59','2024-10-03 20:41:57',1),(200,1500,'MKFT104VM1TEMTCE48399R_4','2024-10-03','fee penalty',NULL,13,'9d285e1f-e05f-4601-b5a1-c5c59bbf087f',9,8,1,'September 2024',NULL,NULL,'2024-10-03 17:50:34','2024-10-03 20:41:42',1),(201,1050000,'MKFT104VM1YXZOBC01H0P-1','2024-10-07','loan',19,9,'9d302774-a9e1-4057-a913-b970eb6d6a6e',5,8,1,NULL,NULL,NULL,'2024-10-07 14:44:19','2024-10-07 20:12:16',1),(202,52500,'MKFT104VM1YXZOBC01H0P-2','2024-10-07','loan',19,9,'9d30289e-51c7-4cca-9c4c-2980e2d4ac82',5,8,1,NULL,NULL,NULL,'2024-10-07 14:47:34','2024-10-07 20:12:05',1),(203,66500,'101AGD224283E1R2','2024-10-09','stock',NULL,8,'9d34aed5-4bb3-4a83-8dad-583530d6374e',4,4,2,'September 2024','Wrong amount','2024-10-09 20:47:55','2024-10-09 20:46:10','2024-10-09 20:47:55',1),(204,50000,'101AGD224283E1R2_1','2024-10-09','stock',NULL,8,'9d34afb2-1a3d-4924-8a20-967cf913a0bd',4,8,1,'September 2024',NULL,NULL,'2024-10-09 20:48:35','2024-10-10 07:09:13',1),(205,16500,'101AGD224283E1R2_2','2024-10-09','stock penalty',NULL,8,'9d34afd4-d5f7-46ea-801a-8c479a3f25ab',4,8,1,'September 2024',NULL,NULL,'2024-10-09 20:48:58','2024-10-10 07:09:28',1),(206,15000,'101AGD224283E1R2_3','2024-10-09','fee',NULL,8,'9d34b03c-084b-45df-95ff-57cb027c2431',4,8,1,'September 2024',NULL,NULL,'2024-10-09 20:50:05','2024-10-10 07:09:29',1),(207,8500,'101AGD224283E1R2_4','2024-10-09','fee penalty',NULL,8,'9d34b0cd-8622-4d52-b388-c54a67e9709d',4,8,1,'September 2024',NULL,NULL,'2024-10-09 20:51:41','2024-10-10 07:09:43',1),(208,100000,'192BDF8D5CF748E6','2024-10-24','stock',NULL,1,'9d5235dd-3617-4b0a-8c11-e0845daaa7af',1,8,1,'October 2024',NULL,NULL,'2024-10-24 18:02:45','2024-10-24 18:39:09',1),(209,15000,'192BDF8D5CF748E6-1','2024-10-24','fee',NULL,1,'9d523605-b3bf-4592-819a-0c12b77d6300',1,8,1,'October 2024',NULL,NULL,'2024-10-24 18:03:12','2024-10-24 18:39:04',1),(210,100000,'192BDF8D5CF748E6-2','2024-10-24','loan',24,1,'9d52362b-88ed-4673-9391-e750fe05388c',1,8,1,NULL,NULL,NULL,'2024-10-24 18:03:37','2024-10-24 18:38:59',1),(211,210000,'MKFT104VM20HJKIRQ7JA2M-1','2024-10-25','loan',23,11,'9d541d06-1e96-48fc-805e-fb39d235770c',7,8,1,NULL,NULL,NULL,'2024-10-25 16:44:57','2024-10-25 16:49:52',1),(212,50000,'MKFT104VM20HJKIRQ7JA2M-2','2024-10-25','stock',NULL,11,'9d541db2-e11f-4cf6-b728-f2908cca08b4',7,8,1,'October 2024',NULL,NULL,'2024-10-25 16:46:50','2024-10-25 16:49:44',1),(213,15000,'MKFT104VM20HJKIRQ7JA2M-3','2024-10-25','fee',NULL,11,'9d541dfc-0327-47bd-9cde-cc0e94648068',7,8,1,'October 2024',NULL,NULL,'2024-10-25 16:47:38','2024-10-25 16:49:39',1),(214,15000,'410FTM2243000024-1','2024-10-26','fee',NULL,12,'9d56c784-f8bd-4772-ba93-2b2b284078c1',8,8,1,'October 2024',NULL,NULL,'2024-10-27 00:33:21','2024-10-27 01:35:59',1),(215,50000,'410FTM2243000024-2','2024-10-26','stock',NULL,12,'9d56c7c5-5e1d-429e-978e-fbc6dcfd8d17',8,8,1,'October 2024',NULL,NULL,'2024-10-27 00:34:03','2024-10-27 01:36:14',1),(216,126000,'410FTM2243000024-3','2024-10-26','loan',11,12,'9d56c881-597e-43d3-87df-113a54b24e4e',8,8,1,NULL,NULL,NULL,'2024-10-27 00:36:06','2024-10-27 01:36:22',1),(217,15000,'MKFT10DWM2XO3ZQQ01D1W_R1','2024-10-31','fee',NULL,13,'9d61134b-9ae3-4210-bf56-d500b1d32755',9,8,1,'October 2024',NULL,NULL,'2024-11-01 03:23:31','2024-11-01 12:25:28',1),(218,105000,'MKFT10DWM2X03ZQQ01D1W_R2','2024-10-31','stock',NULL,13,'9d6113e5-42d6-4b96-b8fb-0dbf617e6d41',9,8,1,'October 2024',NULL,NULL,'2024-11-01 03:25:11','2024-11-01 12:25:22',1),(219,1080000,'MKFT10DWM2XO3ZQQ01D1W_R3','2024-10-31','loan',22,13,'9d6115d2-8357-431a-a985-230a3858e79b',9,8,1,NULL,NULL,NULL,'2024-11-01 03:30:35','2024-11-01 12:25:15',1),(220,50000,'101AGD224306E34R','2024-11-01','stock',NULL,8,'9d62f9a9-aad8-4402-b755-1159c6fb05e2',4,8,1,'October 2024',NULL,NULL,'2024-11-02 02:03:30','2024-11-02 02:11:08',1),(221,15000,'101AGD224306E34R_1','2024-11-01','fee',NULL,8,'9d62f9db-baa1-48b6-b0ac-88dab24d0534',4,8,1,'October 2024',NULL,NULL,'2024-11-02 02:04:02','2024-11-02 02:11:26',1),(222,1500,'101AGD224306E34R_2','2024-11-01','stock penalty',NULL,8,'9d62fa58-5a42-4585-bfad-f0eb84dd2e8b',4,8,1,'October 2024',NULL,NULL,'2024-11-02 02:05:24','2024-11-02 02:11:16',1),(223,3500,'101AGD224306E34R_3','2024-11-01','fee penalty',NULL,8,'9d62fa9f-6e44-4fdc-915a-a46bd0a93913',4,8,1,'October 2024',NULL,NULL,'2024-11-02 02:06:11','2024-11-02 02:10:57',1),(224,100000,'101AGD2243087756','2024-11-03','stock',NULL,10,'9d66947a-854d-42fd-9c93-e8a5b2053162',6,8,1,'October 2024',NULL,NULL,'2024-11-03 22:03:52','2024-11-03 22:35:42',1),(225,15000,'101AGD2243087756-1','2024-11-03','fee',NULL,10,'9d6694de-7b54-496f-9650-7383f4a54067',6,8,1,'October 2024',NULL,NULL,'2024-11-03 22:04:58','2024-11-03 22:35:34',1),(226,234000,'MKFT104VM3CQ2IKS1SY4NR8-1','2024-11-11','loan',15,9,'9d763c31-805d-4dd2-b2c9-ece0efeba0f4',5,8,1,NULL,NULL,NULL,'2024-11-11 16:50:15','2024-11-11 17:01:25',1),(227,50000,'MKFT104VM3CQ2IKS1SY4NR8-2','2024-11-11','stock',NULL,9,'9d763ca2-2320-4644-92fe-a36cd36dd78e',5,8,2,'November 2024','wrong account','2024-11-11 11:00:31','2024-11-11 16:51:29','2024-11-11 17:00:31',1),(228,15000,'MKFT104VM3CQ2IKS1SY4NR8-3','2024-11-11','fee',NULL,9,'9d763d22-153b-400b-a401-b3db819de7cb',5,8,1,'October 2024',NULL,NULL,'2024-11-11 16:52:53','2024-11-11 17:01:32',1),(229,50000,'MKFT104VM3CQ2IKS1SY4NR8-2.2','2024-11-11','stock',NULL,9,'9d763da5-0612-4f8a-bc26-588bd1aefba6',5,8,1,'October 2024',NULL,NULL,'2024-11-11 16:54:19','2024-11-11 17:01:38',1),(230,13500,'MKFT104VM3CQB40NQ7JAEX-1','2024-11-11','fee penalty',NULL,9,'9d763ebb-be54-400e-bafb-28e276188a57',5,8,1,'October 2024',NULL,NULL,'2024-11-11 16:57:21','2024-11-11 17:01:53',1),(231,13500,'MKFT104VM3CQB40NQ7JAEX-2','2024-11-11','stock penalty',NULL,9,'9d763f01-4228-47b7-a498-a0719963f9e7',5,8,1,'October 2024',NULL,NULL,'2024-11-11 16:58:07','2024-11-11 17:01:47',1),(232,100000,'MKFT140TM3RUNEU501NRG','2024-11-22','loan',15,9,'9d8b8835-5c7f-4c50-adec-c9f6edf096f3',5,8,1,NULL,NULL,NULL,'2024-11-22 06:55:12','2024-11-22 12:47:24',1),(233,1102500,'MKFT14OSM3SZIU5X01FPK','2024-11-22','loan',25,9,'9d8d2144-34c4-4bf0-b08c-4e2775399014',5,8,1,NULL,NULL,NULL,'2024-11-23 01:59:00','2024-11-23 02:05:34',1),(234,453500,'19371440D6C68A8E-1','2024-11-28','loan',24,1,'9d984091-0498-49e6-9726-2a63f7677c39',1,8,1,NULL,NULL,NULL,'2024-11-28 14:40:38','2024-11-28 15:11:30',1),(235,100000,'19371440D6C68A8E-2','2024-11-28','stock',NULL,1,'9d9840d4-52d9-4eb6-b4cf-7ee43169c5ce',1,8,1,'November 2024',NULL,NULL,'2024-11-28 14:41:22','2024-11-28 15:11:36',1),(236,15000,'19371440D6C68A8E-3','2024-11-28','fee',NULL,1,'9d9840fc-989f-4997-928e-92880aa31cb5',1,8,1,'November 2024',NULL,NULL,'2024-11-28 14:41:48','2024-11-28 15:11:43',1),(237,55000,'101AGD324336A42M','2024-12-01','fee',NULL,10,'9d9f4717-bd02-479f-b505-7d710f519b21',6,8,2,'November 2024','Wrong entry','2024-12-01 21:50:22','2024-12-02 02:29:40','2024-12-02 03:50:22',1),(238,15000,'101AGD324336A42M-1','2024-12-01','fee',NULL,10,'9d9f477d-4385-4dda-9bd7-1a51f82f9666',6,8,1,'November 2024',NULL,NULL,'2024-12-02 02:30:47','2024-12-02 03:50:48',1),(239,468000,'101AGD324336A42M -2','2024-12-01','loan',13,10,'9d9f480b-48f9-4597-95cb-d01e4072f1e5',6,8,1,NULL,NULL,NULL,'2024-12-02 02:32:20','2024-12-02 03:50:56',1),(240,55000,'101AGD324336A42M-4','2024-12-01','stock',NULL,10,'9d9f4a8c-0a9b-466d-abe2-97346a4e3269',6,8,1,'November 2024',NULL,NULL,'2024-12-02 02:39:20','2024-12-02 03:50:37',1),(241,50000,'101AGD224336C40D','2024-12-01','stock',NULL,8,'9d9f6609-e2bb-4a0d-a7d4-0622a3de68d3',4,8,1,'November 2024',NULL,NULL,'2024-12-02 03:56:12','2024-12-02 04:13:29',1),(242,15000,'101AGD224336C40D_1','2024-12-01','fee',NULL,8,'9d9f663f-9a23-413b-adb9-7bb41af6f213',4,8,1,'December 2024',NULL,NULL,'2024-12-02 03:56:48','2024-12-02 04:13:18',1),(243,15000,'MKFT15FYM4B5O1RFID9OE-1','2024-12-05','fee',NULL,9,'9da6b660-dbc7-4f3d-bf07-f811d5c5cdb4',5,8,1,'November 2024',NULL,NULL,'2024-12-05 19:11:39','2024-12-05 20:57:37',1),(244,4500,'MKFT15FYM4B5O1RFID9OE-2','2024-12-05','fee penalty',NULL,9,'9da6b690-63ad-4747-aa49-be7d0771b022',5,8,1,'November 2024',NULL,NULL,'2024-12-05 19:12:10','2024-12-05 20:57:33',1),(245,50000,'410FTM2243430503','2024-12-08','stock',NULL,12,'9dacc174-3842-4eb5-8831-da24a4b77317',8,8,1,'November 2024',NULL,NULL,'2024-12-08 19:17:35','2024-12-08 19:20:38',1),(246,9000,'410FTM2243430503-1','2024-12-08','stock penalty',NULL,12,'9dacc1c2-b251-4040-a528-17684e717b0a',8,8,1,'November 2024',NULL,NULL,'2024-12-08 19:18:26','2024-12-08 19:20:29',1),(247,15000,'410FTM2243430503-2','2024-12-08','fee',NULL,12,'9dacc1ff-c3e4-449f-99b2-3da8c1a91943',8,8,1,'November 2024',NULL,NULL,'2024-12-08 19:19:07','2024-12-08 19:20:22',1),(248,9000,'410FTM2243430503-3','2024-12-08','fee penalty',NULL,12,'9dacc237-755a-4059-b259-d73117178d80',8,8,1,'November 2024',NULL,NULL,'2024-12-08 19:19:43','2024-12-08 19:20:16',1),(249,525000,'MKFT15GTM4HONJXJ9OD2MY','2024-12-09','loan',27,11,'9daef6d1-ca99-4819-ada0-44823f3a14ae',7,8,1,NULL,NULL,NULL,'2024-12-09 21:38:28','2024-12-09 21:43:02',1),(250,50000,'MKFT15FYM4I5E6HKFIDIL2-1','2024-12-10','stock',NULL,9,'9db08e65-7af8-429b-9c7d-7b2e63f72b1e',5,8,1,'November 2024',NULL,NULL,'2024-12-10 16:38:08','2024-12-10 16:49:41',1),(251,12000,'MKFT15FYM4I5E6HKFIDIL2-2','2024-12-10','stock penalty',NULL,9,'9db08e8e-b202-4e59-bda7-d3f554cbd621',5,8,1,'November 2024',NULL,NULL,'2024-12-10 16:38:35','2024-12-10 16:48:56',1),(252,379700,'MKFT15FYM4I58ZY0FICSSJ','2024-12-10','loan',15,9,'9db08fd0-f322-4316-baf6-78d5d7c0b760',5,8,1,NULL,NULL,NULL,'2024-12-10 16:42:06','2024-12-10 16:49:30',1),(253,11700,'MKFT15GTM4I5ZF8Q01FFN','2024-12-10','loan',15,9,'9db09434-e8e6-43de-a506-251a6e239ba0',5,8,1,NULL,NULL,NULL,'2024-12-10 16:54:23','2024-12-10 16:57:47',1),(254,700000,'101AGD324345B5GK','2024-12-10','loan',21,10,'9db12a69-5a9b-4420-8e2b-e03ccb248ec5',6,8,1,NULL,NULL,NULL,'2024-12-10 23:54:23','2024-12-11 00:34:29',1),(255,16500,'MKFT187UM4M7QIA601IVJ-1','2024-12-13','fee penalty',NULL,11,'9db647ad-7317-4e30-8828-780dbcf1a188',7,8,1,'November 2024',NULL,NULL,'2024-12-13 12:55:21','2024-12-13 13:52:53',1),(256,16500,'MKFT187UM4M7QIA601IVJ-2','2024-12-13','stock penalty',NULL,11,'9db64813-eae4-471f-966e-81256935c087',7,8,1,'November 2024',NULL,NULL,'2024-12-13 12:56:28','2024-12-13 13:52:47',1),(257,500000,'193DE4C718B21903','2024-12-19','loan',28,1,'9dc2d652-e2b7-4ada-a4b5-11faa5832991',1,8,1,NULL,NULL,NULL,'2024-12-19 18:44:09','2024-12-19 19:02:02',1),(258,550000,'MKFT187UM4XZKO7Z01KTR','2024-12-21','loan',28,1,'9dc6e0ea-d402-43bc-a16c-df5c811fba9e',1,8,1,NULL,NULL,NULL,'2024-12-21 18:57:05','2024-12-21 21:05:48',1),(259,1134000,'MKFT187VM4Y38VT501BXL_1','2024-12-21','loan',22,13,'9dc701dc-ca6d-436a-85a1-69c73fc626ae',9,8,1,NULL,NULL,NULL,'2024-12-21 20:29:12','2024-12-21 21:06:37',1),(260,882000,'MKFT187VM4Y38VT501BXL_2','2024-12-21','loan',26,13,'9dc7021a-ffd8-473a-881c-35bb0a4d959c',9,8,1,NULL,NULL,NULL,'2024-12-21 20:29:53','2024-12-21 21:06:32',1),(261,100000,'MKFT187VM4Y38VT501BXL_3','2024-12-21','stock',NULL,13,'9dc7027d-aeab-4413-99d2-ca4a0a710a15',9,8,1,'November 2024',NULL,NULL,'2024-12-21 20:30:58','2024-12-21 21:06:26',1),(262,28500,'MKFT187VM4Y38VT501BXL_4','2024-12-21','stock penalty',NULL,13,'9dc702a9-c5ab-4e02-8e10-09cf470df1c2',9,8,1,'November 2024',NULL,NULL,'2024-12-21 20:31:27','2024-12-21 21:06:12',1),(263,15000,'MKFT187VM4Y38VT501BXL_5','2024-12-21','fee',NULL,13,'9dc702ec-91bd-4e3d-a5d8-3a32d4a7d4fb',9,8,1,'November 2024',NULL,NULL,'2024-12-21 20:32:11','2024-12-21 21:06:07',1),(264,28500,'MKFT187VM4Y38VT501BXL_6','2024-12-21','fee penalty',NULL,13,'9dc70319-011b-4b0d-bc79-6aca35871046',9,8,1,'November 2024',NULL,NULL,'2024-12-21 20:32:40','2024-12-21 21:06:02',1),(265,1500,'MP241221.1649X66944-1','2024-12-21','stock penalty',NULL,10,'9dc7379c-2dd8-436e-baf1-dd3ec2bb7e87',6,8,1,'October 2024',NULL,NULL,'2024-12-21 22:59:30','2024-12-21 23:00:28',1),(266,25500,'MP241221.1649X66944','2024-12-21','fee penalty',NULL,10,'9dc737ce-2fc8-4195-827f-b3806bc3a135',6,8,1,'November 2024',NULL,NULL,'2024-12-21 23:00:03','2024-12-21 23:00:23',1),(267,1102500,'closing year USK','2024-12-21','loan',16,12,'9dc75607-fe71-408c-a662-1a6b483aaa76',8,8,1,NULL,NULL,NULL,'2024-12-22 00:24:34','2024-12-22 00:25:05',1),(268,71750,'Closing 24','2024-12-21','loan',21,10,'9dc75622-f803-4f33-96c2-ed59fcaef8a5',6,8,1,NULL,NULL,NULL,'2024-12-22 00:24:51','2024-12-22 00:25:23',1),(269,538200,'Closing -24','2024-12-21','loan',13,10,'9dc756ad-64c4-4057-bcb9-e016a0f448a1',6,8,1,NULL,NULL,NULL,'2024-12-22 00:26:22','2024-12-22 00:26:31',1),(270,2971750,'Closing Year - Noel','2024-12-21','loan',6,8,'9dc756ce-c059-420e-ac6f-ad4b040326b3',4,8,1,NULL,NULL,NULL,'2024-12-22 00:26:44','2024-12-22 00:27:00',1),(271,1050000,'CLOSING-OLD-LOANS','2024-12-21','loan',29,9,'9dc75820-5a91-4fc3-aeda-3626301453d2',1,8,1,NULL,NULL,NULL,'2024-12-22 00:30:25','2024-12-22 00:30:41',1),(272,23400,'Closing: 24','2024-12-21','loan',13,10,'9dc75842-0721-48b6-9b28-8c148cb418ad',6,8,1,NULL,NULL,NULL,'2024-12-22 00:30:47','2024-12-22 00:31:04',1),(273,15000,'1944517DDA16490C','2025-01-08','fee',NULL,1,'9deafe23-d624-4453-86ba-980f26cd1645',1,8,1,'December 2024',NULL,NULL,'2025-01-08 17:48:36','2025-01-08 18:12:03',2),(274,9000,'1944517DDA16490C-1','2025-01-08','fee penalty',NULL,1,'9deafe56-11fd-42c1-82fa-df77117c45d8',1,8,1,'December 2024',NULL,NULL,'2025-01-08 17:49:09','2025-01-08 18:11:54',2),(275,50000,'MKFT18UBM5O0OWCI2GNDVT-1','2025-01-08','stock',NULL,9,'9deb8142-f149-4f57-b620-04147f0d0c8a',5,8,1,'December 2024',NULL,NULL,'2025-01-08 23:55:15','2025-01-09 00:04:30',2),(276,15000,'MKFT18UBM5O0OWCI2GNDVT-2','2025-01-08','fee',NULL,9,'9deb8185-b0e7-4a66-a058-2b8e8fac273b',5,8,1,'December 2024',NULL,NULL,'2025-01-08 23:55:58','2025-01-09 00:04:23',2),(277,9000,'MKFT18UBM5O0OWCI2GNDVT-3','2025-01-08','fee penalty',NULL,9,'9deb81c1-f752-466e-ac23-423c1e45d636',5,8,1,'December 2024',NULL,NULL,'2025-01-08 23:56:38','2025-01-09 00:04:11',2),(278,9000,'MKFT18UBM5O0OWCI2GNDVT-4','2025-01-08','stock penalty',NULL,9,'9deb81f1-7ab0-463e-a614-54f2da08016a',5,8,1,'December 2024',NULL,NULL,'2025-01-08 23:57:09','2025-01-09 00:03:54',2),(279,9000,'101AGD225008E20E_1','2025-01-08','fee penalty',NULL,8,'9debd675-fa25-4ca9-bcf0-28db2809f501',4,8,1,'December 2024',NULL,NULL,'2025-01-09 03:53:29','2025-01-09 03:59:17',2),(280,9000,'101AGD225008E20E_2','2025-01-08','stock penalty',NULL,8,'9debd6ac-836e-4df9-995b-24352a052f48',4,8,1,'December 2024',NULL,NULL,'2025-01-09 03:54:05','2025-01-09 03:59:03',2),(281,50000,'101AGD225008E20E_3','2025-01-08','stock',NULL,8,'9debd704-b12b-4993-8bf8-8bb6192d67f4',4,8,1,'December 2024',NULL,NULL,'2025-01-09 03:55:02','2025-01-09 03:58:49',2),(282,15000,'101AGD225008E20E_4','2025-01-08','fee',NULL,8,'9debd73e-0dce-44ca-a326-c98ca059cc6c',4,8,1,'December 2024',NULL,NULL,'2025-01-09 03:55:40','2025-01-09 03:58:37',2),(283,50000,'1944747e51958b27','2025-01-08','stock',NULL,1,'9debd8c1-8293-494b-8599-330846bb4324',1,8,1,'December 2024',NULL,NULL,'2025-01-09 03:59:54','2025-01-09 04:07:01',2),(284,9000,'1944747e51958b27-1','2025-01-08','stock penalty',NULL,1,'9debd8eb-b468-428a-aa38-50180d72ebdc',1,8,1,'December 2024',NULL,NULL,'2025-01-09 04:00:22','2025-01-09 04:07:22',2),(285,15000,'101AGD325011C104','2025-01-11','fee',NULL,10,'9df1e4ea-6fab-490c-ae50-515041b7eb57',6,8,1,'December 2024',NULL,NULL,'2025-01-12 04:08:52','2025-01-12 19:21:38',2),(286,15000,'101AGD325011C104-1','2025-01-11','fee',NULL,10,'9df1ecd5-5e65-4962-8a72-d76fb96b4f4b',6,8,1,'January 2025',NULL,NULL,'2025-01-12 04:31:00','2025-01-12 19:21:49',2),(287,15000,'101AGD325011C104-2','2025-01-11','fee',NULL,10,'9df1ed17-a452-4354-b56b-fb92435ac5f5',6,8,1,'February 2025',NULL,NULL,'2025-01-12 04:31:44','2025-01-12 19:21:58',2),(288,15000,'101AGD325011C104-4','2025-01-11','fee',NULL,10,'9df1ee6d-8154-4dc9-b2bd-d18cd03c7af3',6,8,1,'March 2025',NULL,NULL,'2025-01-12 04:35:28','2025-01-12 19:22:08',2),(289,15000,'101AGD325011C104-5','2025-01-11','fee',NULL,10,'9df1ee95-fca5-4750-8d80-440cf8adf0bc',6,8,1,'April 2025',NULL,NULL,'2025-01-12 04:35:54','2025-01-12 19:22:20',2),(290,15000,'101AGD325011C104-6','2025-01-11','fee',NULL,10,'9df1eed1-e20d-4814-95a2-3c487576aa4f',6,8,1,'May 2025',NULL,NULL,'2025-01-12 04:36:34','2025-01-12 19:22:30',2),(291,15000,'101AGD325011C104-3','2025-01-11','fee',NULL,10,'9df1ef9a-89a0-49eb-83b3-b8d879ca3946',6,8,1,'June 2025',NULL,NULL,'2025-01-12 04:38:45','2025-01-12 19:22:38',2),(292,100000,'101AGD325011C104-7','2025-01-11','stock',NULL,10,'9df1f097-876d-4578-b714-cb4a5c2fa787',6,8,1,'December 2024',NULL,NULL,'2025-01-12 04:41:31','2025-01-12 19:22:50',2),(293,395000,'101AGD325011C104-8','2025-01-11','stock',NULL,10,'9df1f121-9fb5-4c74-8744-18cde9097512',6,8,1,'January 2025',NULL,NULL,'2025-01-12 04:43:01','2025-01-12 19:23:01',2),(294,300000,'194B1358E3C91A8D','2025-01-29','stock',NULL,1,'9e1539cd-d442-4c13-80f8-4fa934edd9ea',1,8,1,'January 2025',NULL,NULL,'2025-01-29 10:40:12','2025-01-29 10:53:31',2),(295,15000,'194B1358E3C91A8D-1','2025-01-29','fee',NULL,1,'9e1539f4-ecc9-4b8d-a79d-5dd0282c42af',1,8,1,'January 2025',NULL,NULL,'2025-01-29 10:40:38','2025-01-29 10:53:26',2),(296,42000,'410FTM2250300017 -1','2025-01-30','stock penalty',NULL,12,'9e180bd7-358d-40f8-9866-f652de2ec5ff',8,8,1,'December 2024',NULL,NULL,'2025-01-30 20:19:10','2025-01-30 20:24:12',2),(297,42000,'410FTM2250300017-2','2025-01-30','fee penalty',NULL,12,'9e180c1b-747b-4cdc-ba99-7c037b4523a1',8,8,1,'December 2024',NULL,NULL,'2025-01-30 20:19:55','2025-01-30 20:24:05',2),(298,15000,'410FTM2250300017-3','2025-01-30','fee',NULL,12,'9e180c5c-7fbd-433a-9c74-37d8a23789ff',8,8,1,'December 2024',NULL,NULL,'2025-01-30 20:20:37','2025-01-30 20:23:58',2),(299,50000,'410FTM2250300017-4','2025-01-30','stock',NULL,12,'9e180c98-7b8c-4f20-87b6-8e9e4908aede',8,8,1,'December 2024',NULL,NULL,'2025-01-30 20:21:17','2025-01-30 20:23:50',2),(300,100000,'410FTM2250300017-5','2025-01-30','stock',NULL,12,'9e180cc8-c6ad-4159-8295-1d24bf67560f',8,8,1,'January 2025',NULL,NULL,'2025-01-30 20:21:48','2025-01-30 20:23:42',2),(301,15000,'410FTM2250300017-6','2025-01-30','fee',NULL,12,'9e180cfa-11a8-4737-9e3e-71ea587d1dc9',8,8,1,'January 2025',NULL,NULL,'2025-01-30 20:22:21','2025-01-30 20:23:34',2),(302,15000,'MKFT1OXVM6L4EI8T01EWI-1','2025-01-31','fee',NULL,9,'9e1a1adf-8268-464a-a40e-567fad373119',5,8,1,'January 2025',NULL,NULL,'2025-01-31 20:52:51','2025-02-01 08:11:29',2),(303,50000,'MKFT1OXVM6L4EI8T01EWI-2','2025-01-31','stock',NULL,9,'9e1a1b1e-e429-4fc4-9cd8-c5bfeefb5b78',5,8,1,'January 2025',NULL,NULL,'2025-01-31 20:53:33','2025-02-01 08:11:14',2),(304,45000,'MKFT1OXVM6M9HFMM01AE8-1','2025-02-01','fee penalty',NULL,11,'9e1bb6e6-82b0-4707-ab70-582ee334eb0d',7,8,2,'January 2025','wrong entry','2025-02-01 17:24:01','2025-02-01 16:04:58','2025-02-01 16:24:01',2),(305,45000,'MKFT1OXVM6M9HFMM01AE8-2','2025-02-01','stock penalty',NULL,11,'9e1bb75c-d279-4b6d-ba5b-b2866957460f',7,8,2,'January 2025','wrong entry','2025-02-01 17:23:09','2025-02-01 16:06:16','2025-02-01 16:23:09',2),(306,15000,'MKFT1OXVM6M9HFMM01AE8-3','2025-02-01','fee',NULL,11,'9e1bb797-a0e0-4ce4-9683-f937b9ecb218',7,8,1,'January 2025',NULL,NULL,'2025-02-01 16:06:54','2025-02-01 16:22:48',2),(307,50000,'MKFT1OXVM6M9HFMM01AE8-4','2025-02-01','stock',NULL,11,'9e1bb7e0-61a0-4816-926e-9e4d6331690a',7,8,1,'January 2025',NULL,NULL,'2025-02-01 16:07:42','2025-02-01 16:22:38',2),(308,45000,'MKFT1OXVM6M9HFMM01AE8-5','2025-02-01','fee penalty',NULL,11,'9e1bbe04-e95d-4671-91a2-0126a4719b7c',7,8,1,'December 2024',NULL,NULL,'2025-02-01 16:24:52','2025-02-07 17:24:35',2),(309,45000,'MKFT1OXVM6M9HFMM01AE8-6','2025-02-01','stock penalty',NULL,11,'9e1bbe46-7fbd-4bf5-86fc-4eda47bb1035',7,8,1,'December 2024',NULL,NULL,'2025-02-01 16:25:35','2025-02-01 18:23:54',2),(310,15000,'101AGD225033C226_1','2025-02-02','fee',NULL,8,'9e1deb8e-8f38-4e8c-904e-e55e6490f6d5',4,8,1,'January 2025',NULL,NULL,'2025-02-02 18:23:52','2025-02-02 18:27:53',2),(311,50000,'101AGD225033C226_2','2025-02-02','stock',NULL,8,'9e1debe5-f177-4f5e-ac6a-8c897de6feeb',4,8,1,'January 2025',NULL,NULL,'2025-02-02 18:24:49','2025-02-02 18:27:36',2),(312,1000000,'MKFT1POCM6UWLTFB0187V-1','2025-02-07','stock',NULL,11,'9e27e217-4623-460c-a7c5-4106eeee5872',7,8,1,'February 2025',NULL,NULL,'2025-02-07 17:15:40','2025-02-07 17:22:41',2),(313,300000,'195378DC4BDFA847','2025-02-24','stock',NULL,1,'9e49b3f1-148f-48bf-8a3c-ea9de24deb0a',1,8,1,'February 2025',NULL,NULL,'2025-02-24 12:44:47','2025-02-24 13:03:49',2),(314,15000,'195378DC4BDFA847-1','2025-02-24','fee',NULL,1,'9e49b413-1316-45c0-8b72-c4c10da7c7f7',1,8,1,'February 2025',NULL,NULL,'2025-02-24 12:45:09','2025-02-24 13:03:41',2),(315,15000,'MKFT1U61M7IYXYOJF77DPD','2025-02-24','fee',NULL,11,'9e49c251-a445-4243-b957-cc740f3e031e',7,8,1,'February 2025',NULL,NULL,'2025-02-24 13:24:59','2025-02-24 21:30:11',2),(316,324000,'101AGD225057B2JF','2025-02-26','loan',34,10,'9e4dd596-14b3-49e6-8ee3-287b4843dc31',6,8,1,NULL,NULL,NULL,'2025-02-26 14:02:10','2025-02-26 14:14:59',2),(317,100000,'410FTM2250580516 - 1','2025-02-27','stock',NULL,12,'9e503229-6c22-4cf1-a748-f65d60d2ea40',8,8,1,'February 2025',NULL,NULL,'2025-02-27 18:12:41','2025-02-27 18:13:25',2),(318,15000,'410FTM2250580516 - 2','2025-02-27','fee',NULL,12,'9e503251-c35b-40cc-a305-903b5b536876',8,8,1,'February 2025',NULL,NULL,'2025-02-27 18:13:07','2025-02-27 18:13:21',2),(319,50000,'101AGD22506E20NQ_1','2025-03-04','stock',NULL,8,'9e5a6f08-cd7d-4eb6-8190-a599c0878a85',4,8,1,'February 2025',NULL,NULL,'2025-03-04 20:21:10','2025-03-04 20:29:45',2),(320,15000,'101AGD22506E20NQ_2','2025-03-04','fee',NULL,8,'9e5a6f51-d113-4dad-a541-05e72d6b66be',4,8,1,'February 2025',NULL,NULL,'2025-03-04 20:21:58','2025-03-04 20:30:14',2),(321,3000,'101AGD22506E20NQ_3','2025-03-04','fee',NULL,8,'9e5a6f74-2aaa-44d1-905d-e83dbd5b5724',4,8,1,'February 2025',NULL,NULL,'2025-03-04 20:22:21','2025-03-04 20:30:05',2),(322,3000,'101AGD22506E20NQ_4','2025-03-04','stock penalty',NULL,8,'9e5a6f9c-9e0b-411f-8629-8e391cd44df8',4,8,1,'February 2025',NULL,NULL,'2025-03-04 20:22:47','2025-03-04 20:29:56',2),(323,50000,'MKFT1UG3M7WXF7C7014ZZ-1','2025-03-06','stock',NULL,9,'9e5d6893-92fb-4ad9-a824-10ee6d9045fa',5,8,1,'February 2025',NULL,NULL,'2025-03-06 07:50:36','2025-03-06 10:22:14',2),(324,15000,'MKFT1UG3M7WXF7C7014ZZ-2','2025-03-06','fee',NULL,9,'9e5d68c8-431e-41c9-9996-c364f3a9518a',5,8,1,'February 2025',NULL,NULL,'2025-03-06 07:51:11','2025-03-06 10:22:06',2),(325,6000,'MKFT1UG3M7WXF7C7014ZZ-3','2025-03-06','fee penalty',NULL,9,'9e5d68fd-f2de-4d93-a9f0-08fc094150e1',5,8,1,'February 2025',NULL,NULL,'2025-03-06 07:51:46','2025-03-06 10:22:00',2),(326,6000,'MKFT1UG3M7WXF7C7014ZZ-4','2025-03-06','stock penalty',NULL,9,'9e5d693a-1385-46f4-860b-4435a1d9c87a',5,8,1,'February 2025',NULL,NULL,'2025-03-06 07:52:25','2025-03-06 10:21:51',2),(327,50000,'101AGD225073A0B8','2025-03-14','stock',NULL,10,'9e6dbdbf-e270-45dc-b015-17d0845fa630',6,8,1,'February 2025',NULL,NULL,'2025-03-14 10:42:00','2025-03-14 14:32:27',2),(328,50000,'101AGD225073A0B8-1','2025-03-14','stock',NULL,10,'9e6dbe00-87b2-475d-b89e-4a64715ad30a',6,8,1,'March 2025',NULL,NULL,'2025-03-14 10:42:43','2025-03-14 14:32:18',2),(329,1050000,'MKFT1XL5M8HEDSP537AYVB-1','2025-03-20','loan',30,9,'9e7a3abd-cc31-4af5-afe5-196f46400ba3',5,8,1,NULL,NULL,NULL,'2025-03-20 15:41:27','2025-03-20 15:43:26',2),(330,52500,'MKFT1XL5M8HEDSP537AYVB-2','2025-03-20','loan',30,9,'9e7a3afa-1ab2-425f-9432-f03c29609c62',5,8,1,NULL,NULL,NULL,'2025-03-20 15:42:06','2025-03-20 15:43:32',2),(331,252000,'MKFT1XLNM8L8WMT5P11ZLF-1','2025-03-23','loan',33,11,'9e7fa574-bb1d-411c-bab7-6e84fc83ae6f',7,8,1,NULL,NULL,NULL,'2025-03-23 08:18:59','2025-03-23 09:03:39',2),(332,200000,'MKFT1XLNM8L8WMT5P11ZLF-2','2025-03-23','stock',NULL,11,'9e7fa973-ca08-4986-8b50-3c6e5bc6cdba',7,8,1,'March 2025',NULL,NULL,'2025-03-23 08:30:09','2025-03-23 09:03:27',2),(333,15000,'MKFT1XLNM8L8WMT5P11ZLF-3','2025-03-23','fee',NULL,11,'9e7fa9b7-94bb-49bd-bfbf-06349d29a513',7,8,1,'March 2025',NULL,NULL,'2025-03-23 08:30:54','2025-03-23 09:03:17',2),(334,85000,'410FTM2250880013- 1','2025-03-29','stock',NULL,12,'9e8c1e85-ca8f-42f5-b8a8-cd14f59cac3f',8,8,1,'March 2025',NULL,NULL,'2025-03-29 13:07:26','2025-03-29 13:09:32',2),(335,15000,'410FTM2250880013 - 2','2025-03-29','fee',NULL,12,'9e8c1eb4-f0e4-489d-b23a-b518261645fd',8,8,1,'March 2025',NULL,NULL,'2025-03-29 13:07:57','2025-03-29 13:09:26',2),(336,150000,'195E6644D77C9957','2025-03-30','stock',NULL,1,'9e8fc272-efca-44a2-8893-6848149108e8',1,8,2,'March 2025','wrong entry','2025-04-02 10:49:59','2025-03-31 07:33:18','2025-04-02 08:49:59',2),(337,15000,'195E6644D77C9957-1','2025-03-30','fee',NULL,1,'9e8fc29d-831f-448f-8ceb-0d3a90e7e8b7',1,8,2,'March 2025','wrong entry','2025-04-02 10:50:25','2025-03-31 07:33:46','2025-04-02 08:50:25',2),(338,144000,'195E6644D77C9957-2','2025-03-30','loan',36,1,'9e8fc2cd-94d6-48f4-b65e-37fd0a48b6c2',1,8,2,NULL,'wrong entry','2025-04-02 10:50:35','2025-03-31 07:34:17','2025-04-02 08:50:35',2),(339,85000,'MKFT1ZZYM8WZL2IJ01LNO-1','2025-03-31','stock',NULL,9,'9e902d86-422d-4a85-9e2a-3bfca776281c',5,8,1,'March 2025',NULL,NULL,'2025-03-31 12:32:42','2025-03-31 12:34:17',2),(340,15000,'MKFT1ZZYM8WZL2IJ01LNO-2','2025-03-31','fee',NULL,9,'9e902dba-9bad-4a8c-9527-fb259a752505',5,8,1,'March 2025',NULL,NULL,'2025-03-31 12:33:16','2025-03-31 12:34:09',2),(341,150000,'EC102523866708','2025-04-02','stock',NULL,1,'9e940230-8058-44b9-87f7-f0358fb1a9cf',1,8,1,'March 2025',NULL,NULL,'2025-04-02 10:14:50','2025-04-02 14:13:20',2),(342,15000,'EC102523866708-1','2025-04-02','fee',NULL,1,'9e94026b-077a-4589-b530-69a89d1788dd',1,8,1,'March 2025',NULL,NULL,'2025-04-02 10:15:29','2025-04-02 14:13:09',2),(343,144000,'EC102523866708-2','2025-04-02','loan',36,1,'9e9402a4-6a40-42ad-aa35-0bc5d47d7777',1,8,1,NULL,NULL,NULL,'2025-04-02 10:16:06','2025-04-02 14:12:59',2),(344,144000,'101AGD225094A3W7','2025-04-04','loan',35,10,'9e9801b2-88fd-4851-bbdd-fe981104ec95',6,8,1,NULL,NULL,NULL,'2025-04-04 09:56:46','2025-04-04 11:20:40',2),(345,50000,'101AGD225094E79J_1','2025-04-04','stock',NULL,8,'9e98c8fd-3a15-4176-9fa7-e5c02ba199be',4,4,2,'April 2025','Incorrect month.','2025-04-04 21:14:51','2025-04-04 19:14:02','2025-04-04 19:14:51',2),(346,50000,'101AGD225094E79J_1_1','2025-04-04','stock',NULL,8,'9e98ca34-0ee7-4a84-8382-4d29683977c7',4,8,1,'March 2025',NULL,NULL,'2025-04-04 19:17:26','2025-04-04 20:53:30',2),(347,15000,'101AGD225094E79J_2','2025-04-04','fee',NULL,8,'9e98ca6b-e2b0-4d23-af13-f793d716fd39',4,8,1,'March 2025',NULL,NULL,'2025-04-04 19:18:02','2025-04-04 20:53:22',2),(348,3000,'101AGD225094E79J_3','2025-04-04','stock',NULL,8,'9e98caa0-e27a-41bb-8578-bb25a1c34ecf',4,8,1,'March 2025',NULL,NULL,'2025-04-04 19:18:37','2025-04-04 20:53:13',2),(349,6000,'101AGD225094E79J_4','2025-04-04','fee',NULL,8,'9e98cb28-7880-41a1-8c5c-7640cf65d316',4,8,1,'March 2025',NULL,NULL,'2025-04-04 19:20:06','2025-04-04 20:53:04',2),(350,500000,'19630FABDF0C489E','2025-04-14','stock',NULL,11,'9eac1bc9-8dd7-4088-a9ac-3a6503a028b4',7,8,1,'April 2025',NULL,NULL,'2025-04-14 09:46:17','2025-04-14 09:54:04',2),(351,285000,'101AGD225109A6P6','2025-04-19','stock',NULL,1,'9eb64feb-5741-4e03-b235-8a23846a9b67',1,8,1,'April 2025',NULL,NULL,'2025-04-19 11:30:20','2025-04-19 12:58:47',2),(352,15000,'101AGD225109A6P6-1','2025-04-19','fee',NULL,1,'9eb65014-2bdb-48d9-af34-f5c911afa76b',1,8,1,'April 2025',NULL,NULL,'2025-04-19 11:30:47','2025-04-19 12:58:37',2),(353,252000,'MKFT3KH6M9055W3B01BWA-1','2025-04-19','loan',33,11,'9eb667dc-b5d7-432a-9986-12b201f64998',7,8,1,NULL,NULL,NULL,'2025-04-19 12:37:17','2025-04-19 12:59:44',2),(354,200000,'MKFT3KH6M9055W3B01BWA-2','2025-04-19','stock',NULL,11,'9eb66891-d23a-4620-91dc-af806dec2421',7,8,1,'April 2025',NULL,NULL,'2025-04-19 12:39:16','2025-04-19 12:59:35',2),(355,15000,'MKFT3KH6M9055W3B01BWA-3','2025-04-19','fee',NULL,11,'9eb668c4-26b7-476d-aa7f-60e7d5c3ec0f',7,8,1,'April 2025',NULL,NULL,'2025-04-19 12:39:49','2025-04-19 12:59:25',2),(356,288000,'101AGD225115ALF3','2025-04-25','loan',36,1,'9ec22cbd-8559-45b3-9856-4666905dcbeb',1,8,1,NULL,NULL,NULL,'2025-04-25 09:01:54','2025-04-25 09:36:06',2),(357,100000,'MKFT3WXZM9YKAGTC01HUU_1','2025-04-26','stock',NULL,13,'9ec5143a-c1e6-4146-b752-a907d862c06f',9,8,1,'December 2024',NULL,NULL,'2025-04-26 19:40:51','2025-04-26 20:15:50',2),(358,100000,'MKFT3WXZM9YKAGTC01HUU_2','2025-04-26','stock',NULL,13,'9ec51466-44c2-4789-b710-f09ea50f66fd',9,8,1,'January 2025',NULL,NULL,'2025-04-26 19:41:19','2025-04-26 20:15:43',2),(359,100000,'MKFT3WXZM9YKAGTC01HUU_3','2025-04-26','stock',NULL,13,'9ec51493-4fd1-4189-b38d-999170775e47',9,8,1,'February 2025',NULL,NULL,'2025-04-26 19:41:49','2025-04-26 20:15:24',2),(360,100000,'MKFT3WXZM9YKAGTC01HUU_4','2025-04-26','stock',NULL,13,'9ec514ca-8295-4a58-b0c8-4440e23cd82c',9,8,1,'March 2025',NULL,NULL,'2025-04-26 19:42:25','2025-04-26 20:15:16',2),(361,100000,'MKFT3WXZM9YKAGTC01HUU_5','2025-04-26','stock',NULL,13,'9ec514fd-02f5-4e7a-afd4-cc0bc0124836',9,8,1,'April 2025',NULL,NULL,'2025-04-26 19:42:58','2025-04-26 20:15:04',2),(362,15000,'MKFT3WXZM9YKAGTC01HUU_6','2025-04-26','fee',NULL,13,'9ec5153a-9c10-4826-9d3d-068a69816c33',9,8,1,'December 2024',NULL,NULL,'2025-04-26 19:43:39','2025-04-26 20:14:52',2),(363,15000,'MKFT3WXZM9YKAGTC01HUU_7','2025-04-26','stock',NULL,13,'9ec51561-ef31-41c6-a11a-21b176e7dc76',9,8,1,'January 2025',NULL,NULL,'2025-04-26 19:44:04','2025-04-26 20:14:47',2),(364,15000,'MKFT3WXZM9YKAGTC01HUU_8','2025-04-26','stock',NULL,13,'9ec5158e-4c27-4e79-be67-b6f3b06c5e09',9,8,1,'February 2025',NULL,NULL,'2025-04-26 19:44:33','2025-04-26 20:14:40',2),(365,15000,'MKFT3WXZM9YKAGTC01HUU_9','2025-04-26','fee',NULL,13,'9ec515b3-27b6-4cd9-83cf-153a10888644',9,8,1,'March 2025',NULL,NULL,'2025-04-26 19:44:58','2025-04-26 20:14:34',2),(366,15000,'MKFT3WXZM9YKAGTC01HUU_10','2025-04-26','fee',NULL,13,'9ec515dc-2549-4bed-90f0-8fbd672b9a0c',9,8,1,'April 2025',NULL,NULL,'2025-04-26 19:45:24','2025-04-26 20:14:27',2),(367,45000,'MKFT3WXZM9YKAGTC01HUU_11','2025-04-26','fee penalty',NULL,13,'9ec5162d-b758-4447-93cf-bb4e0f91c5e7',9,8,1,'December 2024',NULL,NULL,'2025-04-26 19:46:18','2025-04-26 20:13:18',2),(368,40500,'MKFT3WXZM9YKAGTC01HUU_12','2025-04-26','fee penalty',NULL,13,'9ec5165b-0531-48c4-a367-90fd0dfbc4c3',9,8,1,'January 2025',NULL,NULL,'2025-04-26 19:46:48','2025-04-26 20:14:22',2),(369,40500,'MKFT3WXZM9YKAGTC01HUU_13','2025-04-26','fee penalty',NULL,13,'9ec516a1-0ecb-4444-baaa-3aef1b1306f5',9,8,1,'February 2025',NULL,NULL,'2025-04-26 19:47:33','2025-04-26 20:13:59',2),(370,36000,'MKFT3WXZM9YKAGTC01HUU_14','2025-04-26','fee penalty',NULL,13,'9ec516ce-e8b8-4e65-bb57-e749cf5484a0',9,8,1,'March 2025',NULL,NULL,'2025-04-26 19:48:04','2025-04-26 20:13:52',2),(371,45000,'MKFT3WXZM9YKAGTC01HUU_15','2025-04-26','stock penalty',NULL,13,'9ec516f9-1be7-49c8-8561-4661b395381c',9,8,1,'December 2024',NULL,NULL,'2025-04-26 19:48:31','2025-04-26 20:13:46',2),(372,40500,'MKFT3WXZM9YKAGTC01HUU_16','2025-04-26','stock penalty',NULL,13,'9ec5173b-d044-4d62-81e9-875aafc80062',9,8,1,'January 2025',NULL,NULL,'2025-04-26 19:49:15','2025-04-26 20:13:41',2),(373,40500,'MKFT3WXZM9YKAGTC01HUU_17','2025-04-26','stock penalty',NULL,13,'9ec51781-f673-4fcc-9b27-e8b883060d87',9,8,1,'February 2025',NULL,NULL,'2025-04-26 19:50:01','2025-04-26 20:13:35',2),(374,36000,'MKFT3WXZM9YKAGTC01HUU_18','2025-04-26','stock penalty',NULL,13,'9ec517ad-89fe-4c93-a064-12e16890ac96',9,8,1,'March 2025',NULL,NULL,'2025-04-26 19:50:29','2025-04-26 20:13:28',2),(375,100000,'410FTM2251160514','2025-04-26','stock',NULL,12,'9ec7ec52-8ad6-45e0-8df8-711cca90095d',8,8,1,'April 2025',NULL,NULL,'2025-04-28 05:36:45','2025-04-28 05:37:34',2),(376,15000,'410FTM2251160514 -1','2025-04-26','fee',NULL,12,'9ec7ec79-e240-4f59-8a46-83a0311eeab3',8,8,1,'April 2025',NULL,NULL,'2025-04-28 05:37:10','2025-04-28 05:37:29',2),(377,50000,'MKFT4C6JMA3TZLWM0187O-1','2025-04-30','stock',NULL,9,'9ecc7e5a-fc18-49c6-a054-d8084e3c38cb',5,8,1,'April 2025',NULL,NULL,'2025-04-30 12:08:24','2025-04-30 12:11:24',2),(378,15000,'MKFT4C6JMA3TZLWM0187O-2','2025-04-30','fee',NULL,9,'9ecc7eb1-c4cd-4bd5-a290-4c85c72558b5',5,8,1,'April 2025',NULL,NULL,'2025-04-30 12:09:20','2025-04-30 12:11:32',2),(379,1102500,'MKFT4C6JMA81FDSO018LA','2025-05-03','loan',37,9,'9ed26aad-3aff-4f16-9e04-c6f198c3a98c',5,8,1,NULL,NULL,NULL,'2025-05-03 10:48:20','2025-05-03 10:51:00',2),(380,50000,'1969b4c8e847aa81_1','2025-05-04','stock',NULL,8,'9ed4aae7-a33a-447e-982b-9fc8cb359947',4,8,1,'April 2025',NULL,NULL,'2025-05-04 13:39:35','2025-05-04 13:48:16',2),(381,15000,'1969b4c8e847aa81_2','2025-05-04','fee',NULL,8,'9ed4ab18-c441-4524-bd73-d4e968509eda',4,8,1,'April 2025',NULL,NULL,'2025-05-04 13:40:07','2025-05-04 13:48:08',2),(382,3000,'1969b4c8e847aa81_3','2025-05-04','fee',NULL,8,'9ed4ab45-610c-4254-bb54-a6761c739105',4,8,1,'April 2025',NULL,NULL,'2025-05-04 13:40:37','2025-05-04 13:47:56',2),(383,3000,'1969b4c8e847aa81_4','2025-05-04','stock penalty',NULL,8,'9ed4abd3-7c71-45b5-918f-9c2733345c1e',4,8,1,'April 2024',NULL,NULL,'2025-05-04 13:42:10','2025-05-04 13:47:45',2),(384,15000,'MKFT49OPMA9NDIO3LM2RQV_1','2025-05-04','fee',NULL,13,'9ed4b020-779f-4624-8b9d-dfba3b6b1b0c',9,8,1,'February 2025',NULL,NULL,'2025-05-04 13:54:11','2025-05-04 14:31:01',2),(385,15000,'MKFT49OPMA9NDIO3LM2RQV_2','2025-05-04','fee',NULL,13,'9ed4b0b3-7493-47d7-94f9-d478ce5e8a84',9,8,1,'January 2025',NULL,NULL,'2025-05-04 13:55:48','2025-05-04 14:30:53',2),(386,3000,'MKFT49OPMA9NDIO3LM2RQV_3','2025-05-04','fee penalty',NULL,13,'9ed4b0f2-53f6-4805-94bf-c2f04d4c0407',9,8,1,'February 2025',NULL,NULL,'2025-05-04 13:56:29','2025-05-04 14:30:45',2),(387,3000,'MKFT49OPMA9NDIO3LM2RQV_4','2025-05-04','fee penalty',NULL,13,'9ed4b12e-a680-4628-8222-ba94aaf5d631',9,8,1,'January 2025',NULL,NULL,'2025-05-04 13:57:08','2025-05-04 14:30:38',2),(388,3000,'225FTM1251240018_1','2025-05-04','fee penalty',NULL,8,'9ed4ca9c-9b40-4523-bfad-6da688542d2b',4,8,1,'February 2025',NULL,NULL,'2025-05-04 15:08:15','2025-05-04 15:38:10',2),(389,3000,'225FTM1251240018_2','2025-05-04','fee penalty',NULL,8,'9ed4cacb-9228-40ee-b70d-0c477cea0804',4,8,1,'March 2025',NULL,NULL,'2025-05-04 15:08:45','2025-05-04 15:38:02',2),(390,3000,'225FTM1251240018_3','2025-05-04','fee penalty',NULL,8,'9ed4cb0a-3c90-49b2-ad21-30e226f1d4be',4,8,1,'April 2025',NULL,NULL,'2025-05-04 15:09:27','2025-05-04 15:37:53',2),(391,3000,'225FTM1251240018_4','2025-05-04','stock penalty',NULL,8,'9ed4cb65-bbad-4621-8557-2d52bb348488',4,8,1,'April 2025',NULL,NULL,'2025-05-04 15:10:26','2025-05-04 15:37:35',2),(392,135000,'MKFT4C6JMAARRM7Z5YWNIS-1','2025-05-05','stock',NULL,9,'9ed642d9-85df-4d71-ac1f-eb1ba2a21434',5,8,1,'May 2025',NULL,NULL,'2025-05-05 08:40:17','2025-05-05 08:50:55',2),(393,15000,'MKFT4C6JMAARRM7Z5YWNIS-2','2025-05-05','fee',NULL,9,'9ed64308-08be-4ee4-930f-67ed0007fcdf',5,8,1,'May 2025',NULL,NULL,'2025-05-05 08:40:47','2025-05-05 08:52:04',2),(394,1000000,'MKFT5ETSMAL3171001WAO','2025-05-12','stock',NULL,11,'9ee4cfee-1e48-416e-8b75-2bcde8362998',7,8,1,'May 2025',NULL,NULL,'2025-05-12 14:16:22','2025-05-12 15:16:56',2),(395,500000,'196CF5DA3943B97B','2025-05-14','loan',38,1,'9ee900f6-7dae-4554-9538-c1d5406f4898',1,8,1,NULL,NULL,NULL,'2025-05-14 16:16:47','2025-05-15 09:22:41',2),(396,500000,'196D2F7C42574BC8','2025-05-15','stock',NULL,1,'9eea69ef-f8d6-40bd-a4fd-8d47dc8154c1',1,8,1,'May 2025',NULL,NULL,'2025-05-15 09:06:08','2025-05-15 09:22:34',2),(397,200000,'MKFT7JTYMAZLSFYK01HT8-1','2025-05-22','stock',NULL,11,'9ef9395a-64d0-4e10-b1a9-6840d2486c90',7,8,1,'May 2025',NULL,NULL,'2025-05-22 17:47:42','2025-05-22 17:58:53',2),(398,15000,'MKFT7JTYMAZLSFYK01HT8-2','2025-05-22','fee',NULL,11,'9ef939a8-3704-46be-92f1-3d1b990345e0',7,8,1,'May 2025',NULL,NULL,'2025-05-22 17:48:33','2025-05-22 17:58:44',2),(399,277200,'MKFT7JTYMAZLSFYK01HT8-3','2025-05-22','loan',33,11,'9ef93a3e-7748-4d55-bee8-28bdbfe02d22',7,8,1,NULL,NULL,NULL,'2025-05-22 17:50:12','2025-05-22 17:56:30',2),(400,12600,'MKFT5ETSMAZMK4S7NV84JV','2025-05-22','loan',33,11,'9ef940ca-f507-4e4e-a52a-6655d87d9193',7,8,1,NULL,NULL,NULL,'2025-05-22 18:08:30','2025-05-22 18:19:27',2),(401,1014170,'101AGD325143B6SV','2025-05-23','loan',32,8,'9efb3ea8-3811-4db4-96fc-45a14b3c6840',4,8,1,NULL,NULL,NULL,'2025-05-23 17:54:11','2025-05-23 18:03:49',2),(402,747834,'101AGD325143B6SV_1','2025-05-23','stock',NULL,8,'9efb3f56-687d-4a50-b2d3-0037c22140f8',4,8,1,'May 2025',NULL,NULL,'2025-05-23 17:56:06','2025-05-23 18:03:40',2),(403,100000,'410FTM2251460029','2025-05-26','stock',NULL,12,'9f010089-f4cd-48f1-be14-59ce4d56ed5f',8,8,1,'May 2025',NULL,NULL,'2025-05-26 14:35:28','2025-05-26 14:36:10',2),(404,15000,'410FTM2251460029-2','2025-05-26','fee',NULL,12,'9f0100b1-9e5c-4ca1-be52-8922a55de5ad',8,8,1,'May 2025',NULL,NULL,'2025-05-26 14:35:54','2025-05-26 14:36:04',2),(405,15000,'197318406995c9cb','2025-06-02','fee',NULL,1,'9f0f5828-9236-4e0f-b1a3-436ee780c425',1,8,1,'May 2025',NULL,NULL,'2025-06-02 17:42:03','2025-06-02 18:23:23',2),(406,415000,'1974488accac3877','2025-06-06','stock',NULL,1,'9f16c5e7-f8d0-4485-82a8-4956dbec7fee',1,8,1,'June 2025',NULL,NULL,'2025-06-06 10:19:44','2025-06-06 17:45:29',2),(407,15000,'1974488accac3877-1','2025-06-06','fee',NULL,1,'9f16c60e-ce3c-4bb1-9026-4ba7a88a4364',1,8,1,'June 2025',NULL,NULL,'2025-06-06 10:20:09','2025-06-06 17:45:18',2),(408,3000,'101AGD125162D7FP','2025-06-11','fee',NULL,8,'9f219513-f412-4677-8738-4007ddd60561',4,8,1,'May 2025',NULL,NULL,'2025-06-11 19:17:18','2025-06-11 19:52:18',2),(409,1050000,'1976d184cle4cadb','2025-06-14','loan',42,11,'9f26c02f-52a8-4ff4-8f35-0e4dcc912b1e',7,8,1,NULL,NULL,NULL,'2025-06-14 08:56:59','2025-06-14 11:19:01',2),(410,330750,'101AGD325171A53J','2025-06-20','loan',40,10,'9f332aac-2011-47bf-b4d6-3e58af83b9ad',6,8,1,NULL,NULL,NULL,'2025-06-20 12:04:40','2025-06-20 13:12:18',2),(411,302400,'101AGD325171A53J-1','2025-06-20','loan',35,10,'9f332ba5-2723-4b5b-ae21-82579bb018b6',6,8,1,NULL,NULL,NULL,'2025-06-20 12:07:23','2025-06-20 13:11:52',2),(412,141000,'101AGD325171A53J-2','2025-06-20','stock penalty',NULL,10,'9f332c30-2c0c-4c69-862a-cf87ff31dfcd',6,8,1,'May 2025',NULL,NULL,'2025-06-20 12:08:55','2025-06-20 13:11:23',2),(413,16500,'101AGD325171A53J-3','2025-06-20','fee penalty',NULL,10,'9f332ce7-8622-40e8-99b2-00b884376808',6,8,1,'June 2025',NULL,NULL,'2025-06-20 12:10:55','2025-06-20 13:11:34',2),(414,50000,'101AGD325171A53J-4','2025-06-20','stock',NULL,10,'9f332ffa-5954-48b5-8134-8a41ada7bafa',6,8,1,'April 2025',NULL,NULL,'2025-06-20 12:19:30','2025-06-20 13:11:14',2),(415,50000,'101AGD325171A53J-5','2025-06-20','stock',NULL,10,'9f333039-7de4-4005-ba90-307a1ccdcd8c',6,8,1,'May 2025',NULL,NULL,'2025-06-20 12:20:12','2025-06-20 13:11:05',2),(416,109000,'101AGD325171A53J-6','2025-06-20','stock',NULL,10,'9f333178-d2c0-491b-8b61-883fc5d145d3',6,8,1,'June 2025',NULL,NULL,'2025-06-20 12:23:41','2025-06-20 13:10:56',2),(417,439200,'101AGD225176c5F3','2025-06-25','loan',35,10,'9f3d4819-73b8-47a7-b24b-c274bc7615e6',6,8,1,NULL,NULL,NULL,'2025-06-25 12:45:14','2025-06-25 18:11:46',2),(418,238140,'MKFTEGLMMCG3YPQM01VZQ','2025-06-28','loan',41,9,'9f432493-b55e-459a-99c8-49befe9a937f',5,8,1,NULL,NULL,NULL,'2025-06-28 10:40:52','2025-06-28 11:28:15',2),(419,85000,'410FTM2251780031','2025-06-27','stock',NULL,12,'9f4337cd-f2dc-47d2-a8be-d0fe7ff24d74',8,8,1,'June 2025',NULL,NULL,'2025-06-28 11:34:38','2025-06-28 11:36:29',2),(420,15000,'410FTM2251780031-2','2025-06-27','fee',NULL,12,'9f433843-f550-4fa3-b1a3-a0fe1a48bb91',8,8,1,'June 2025',NULL,NULL,'2025-06-28 11:35:56','2025-06-28 11:36:18',2),(421,15000,'MKFTCKM8MCGDOR7R01KLN','2025-06-28','fee',NULL,11,'9f437f0a-9b33-4032-80fe-00bdbd99b5c9',7,8,1,'December 2024',NULL,NULL,'2025-06-28 14:53:50','2025-06-28 15:55:15',2),(422,42500,'410FTM2251800514-1','2025-01-31','fee penalty',NULL,12,'9f456ab0-595c-4751-b7e0-e480ca74cdb4',8,8,2,'January 2025','wrong entry','2025-06-29 16:51:30','2025-06-29 13:48:35','2025-06-29 13:51:30',2),(423,37500,'410FTM2251800514-2','2025-01-31','stock penalty',NULL,12,'9f456b5e-97a4-4261-a5d5-050c9aa70f4c',8,8,1,'January 2025',NULL,NULL,'2025-06-29 13:50:29','2025-06-29 13:53:07',2),(424,37500,'410FTM2251800514','2025-01-31','fee penalty',NULL,12,'9f456c1a-c455-451d-a86c-847bde4838ed',8,8,1,'January 2025',NULL,NULL,'2025-06-29 13:52:32','2025-06-29 13:52:57',2),(425,1050000,'MKFTFBBXMCJ4H25301OKS','2025-06-30','loan',44,9,'9f4762a6-b02a-4e6b-8eaa-17c46d2b320d',5,8,1,NULL,NULL,NULL,'2025-06-30 13:17:45','2025-06-30 13:22:09',2),(426,15000,'MKFTEGLMMCKRYFS3HZDAS-1','2025-07-01','fee',NULL,11,'9f49b658-4b7e-46ca-adfd-7e6f10d90568',7,8,1,'June 2025',NULL,NULL,'2025-07-01 17:03:26','2025-07-01 17:04:52',2),(427,50000,'MKFTEGLMMCKRYFS3HZDAS-2','2025-07-01','stock',NULL,11,'9f49b696-4d19-47dd-aafb-20a5c1ce4514',7,8,1,'June 2025',NULL,NULL,'2025-07-01 17:04:07','2025-07-01 17:04:44',2),(428,540000,'309FTM3251820006_1','2025-07-01','loan',43,8,'9f49c41c-b0d2-4ae9-9704-88722bc3e0db',4,8,1,NULL,NULL,NULL,'2025-07-01 17:41:56','2025-07-01 19:42:59',2),(429,50000,'309FTM3251820006_2','2025-07-01','loan',43,8,'9f49c43c-0df7-467e-a417-e01ca8625795',4,4,2,NULL,'Wrong payment type','2025-07-01 20:43:22','2025-07-01 17:42:16','2025-07-01 17:43:22',2),(430,15000,'309FTM3251820006_3','2025-07-01','loan',43,8,'9f49c458-0c28-4785-bfbd-f2e2dca4eb1f',4,4,2,NULL,'Wrong payment type','2025-07-01 20:43:12','2025-07-01 17:42:35','2025-07-01 17:43:12',2),(431,15000,'309FTM3251820006_4','2025-07-01','fee',NULL,8,'9f49c4e8-e0e7-4bc7-a150-04dd3a511e90',4,8,1,'June 2025',NULL,NULL,'2025-07-01 17:44:10','2025-07-01 19:43:25',2),(432,50000,'309FTM3251820006_5','2025-07-01','stock',NULL,8,'9f49c513-ddf2-412a-affa-4ce8c2dfe2ff',4,8,1,'June 2025',NULL,NULL,'2025-07-01 17:44:38','2025-07-01 19:43:12',2),(433,150000,'MKFTEGLMMCLIAMO301OLQ','2025-07-02','stock',NULL,11,'9f4abe13-6413-4345-b890-80cd3dfca1e7',7,8,1,'July 2025',NULL,NULL,'2025-07-02 05:20:53','2025-07-02 05:54:08',2),(434,200000,'MKFTFHOVMCLPU51B3NCKIM-1','2025-07-02','stock',NULL,9,'9f4b095f-a0d8-421f-925b-29074ac4088f',5,8,1,'June 2025',NULL,NULL,'2025-07-02 08:51:26','2025-07-02 09:44:53',2),(435,15000,'MKFTFHOVMCLPU51B3NCKIM-2','2025-07-02','fee',NULL,9,'9f4b0997-8b23-443b-97c5-9cf426f60c43',5,8,1,'June 2025',NULL,NULL,'2025-07-02 08:52:02','2025-07-02 09:44:57',2),(436,1050000,'MKFTIS2IMDEVF9MJ01LCC','2025-07-22','loan',45,11,'9f74153e-fe2d-4976-84f3-77c5c9dfd374',7,8,1,NULL,NULL,NULL,'2025-07-22 18:33:34','2025-07-22 18:44:46',2),(437,200000,'MKFTIS2HMDFVWQQE5A6EUV-1','2025-07-23','stock',NULL,11,'9f758365-8430-45d4-88d3-02e5ec36b009',7,8,1,'July 2025',NULL,NULL,'2025-07-23 11:37:24','2025-07-23 12:21:47',2),(438,15000,'MKFTIS2HMDFVWQQE5A6EUV-2','2025-07-23','fee',NULL,11,'9f75847e-ecba-4be7-b810-952e61b4cefc',7,8,1,'July 2025',NULL,NULL,'2025-07-23 11:40:29','2025-07-23 12:21:52',2),(439,200000,'1983cf980cc4e857','2025-07-24','stock',NULL,1,'9f77d271-df14-484a-a19f-0c71d12d750f',1,8,1,'July 2025',NULL,NULL,'2025-07-24 15:10:06','2025-07-24 16:11:14',2),(440,15000,'1983cf980cc4e857-1','2025-07-24','fee',NULL,1,'9f77d2a5-0bb1-4799-91ea-d08eff0758d9',1,8,1,'July 2025',NULL,NULL,'2025-07-24 15:10:39','2025-07-24 16:11:02',2),(441,100000,'MKFTIS2EMDPMRPP8GZI8P3-1','2025-07-30','stock',NULL,9,'9f833ae5-31bc-44f2-aaa3-038c717f63d5',5,8,1,'July 2025',NULL,NULL,'2025-07-30 07:16:16','2025-07-30 09:46:36',2),(442,15000,'MKFTIS2EMDPMRPP8GZI8P3-2','2025-07-30','fee',NULL,9,'9f833b19-3c09-4e93-afee-a4c8c68ebb1e',5,8,1,'July 2025',NULL,NULL,'2025-07-30 07:16:50','2025-07-30 09:46:27',2),(443,100000,'410FTM2252110509','2025-07-30','stock',NULL,12,'9f837237-a00f-436a-b4dd-a23f640c7682',8,8,1,'July 2025',NULL,NULL,'2025-07-30 09:50:57','2025-07-30 09:51:45',2),(444,15000,'410FTM2252110509-1','2025-07-30','fee',NULL,12,'9f83725f-2a3f-4eb6-a789-4147ca134502',8,8,1,'July 2025',NULL,NULL,'2025-07-30 09:51:23','2025-07-30 09:51:40',2),(445,270000,'APCTZ180270247911744','2025-07-30','loan',39,13,'9f83c178-13ef-4eee-b79d-0fc9b6ec154d',9,8,1,NULL,NULL,NULL,'2025-07-30 13:32:34','2025-07-30 13:59:21',2),(446,270000,'APCTZ180270247911744_1','2025-07-30','loan',39,13,'9f83c1a3-4a2b-4a21-8c56-6473e5f24481',9,8,1,NULL,NULL,NULL,'2025-07-30 13:33:02','2025-07-30 13:59:16',2),(447,27000,'APCTZ180270247911744_2','2025-07-30','loan',39,13,'9f83c1e4-b0ab-484e-8174-ce178852251a',9,8,1,NULL,NULL,NULL,'2025-07-30 13:33:45','2025-07-30 13:59:08',2),(448,100000,'APCTZ180270247911744_3','2025-07-30','stock',NULL,13,'9f83c38d-561a-4057-84cd-0e6f1d5d1c86',9,8,1,'June 2025',NULL,NULL,'2025-07-30 13:38:23','2025-07-30 13:59:03',2),(449,100000,'APCTZ180270247911744_4','2025-07-30','stock',NULL,13,'9f83c403-e838-4003-93ef-6a5262507334',9,8,1,'July 2025',NULL,NULL,'2025-07-30 13:39:41','2025-07-30 13:58:59',2),(450,15000,'APCTZ180270247911744_5','2025-07-30','fee',NULL,13,'9f83c43e-9b63-44d9-a1c6-669b881a76de',9,8,1,'June 2025',NULL,NULL,'2025-07-30 13:40:19','2025-07-30 13:58:54',2),(451,15000,'APCTZ180270247911744_6','2025-07-30','fee',NULL,13,'9f83c45f-b332-452c-b46c-e46a428ed539',9,8,1,'July 2025',NULL,NULL,'2025-07-30 13:40:41','2025-07-30 13:58:50',2),(452,85500,'APCTZ180270247911744_7','2025-07-30','fee penalty',NULL,13,'9f83c4db-f24b-42e0-8992-110d395303a6',9,8,1,'June 2025',NULL,NULL,'2025-07-30 13:42:02','2025-07-30 13:58:45',2),(453,85000,'APCTZ180270247911744_8','2025-07-30','stock penalty',NULL,13,'9f83c511-3e49-48aa-99f7-04ea064589a4',9,8,1,'July 2025',NULL,NULL,'2025-07-30 13:42:37','2025-07-30 13:58:22',2),(454,50000,'MKFTI2EMDPQZRONJJGYD6','2025-07-30','stock',NULL,8,'9f883737-59a0-4b9d-adfe-ca39f6ea8c04',4,8,1,'July 2025',NULL,NULL,'2025-08-01 18:45:07','2025-08-01 18:54:41',2),(455,15000,'MKFTI2EMDPQZRONJJGYD6_1','2025-07-30','fee',NULL,8,'9f88376e-e782-4bd9-86e0-81216801a785',4,8,1,'July 2025',NULL,NULL,'2025-08-01 18:45:43','2025-08-01 18:54:31',2),(456,226800,'MKFTMU6XME3ZDA6801TBV','2025-08-09','loan',41,9,'9f976eb2-5c0f-425b-9b82-e3e57f36e8ec',5,8,1,NULL,NULL,NULL,'2025-08-09 08:17:40','2025-08-09 08:35:30',2),(457,1102500,'MKFTMTEEME3ZTBEK01FPX','2025-08-09','loan',47,9,'9f9774c2-47f5-45a8-9524-92da56fceabc',5,8,1,NULL,NULL,NULL,'2025-08-09 08:34:37','2025-08-09 08:35:21',2),(458,602500,'198ada3bec3aea83','2025-08-15','loan',38,1,'9fa3d472-5e61-4a0e-a1aa-3bf1d97b67b6',1,8,1,NULL,NULL,NULL,'2025-08-15 12:12:07','2025-08-15 15:25:49',2),(459,230000,'MKFTPC0QMEMUNTKK01QOW','2025-08-22','loan',41,9,'9fb1ff30-4cc4-47ed-8301-a7be136ec72a',5,8,1,NULL,NULL,NULL,'2025-08-22 13:13:13','2025-08-22 13:50:37',2),(460,420000,'MKFTPGY7MENTC9W56E06XR-1','2025-08-23','loan',50,11,'9fb35ab3-6c3e-43f4-a5f1-7653abc4ff99',7,8,1,NULL,NULL,NULL,'2025-08-23 05:24:56','2025-08-23 09:48:07',2),(461,200000,'MKFTPGY7MENTC9W56E06XR-2','2025-08-23','stock',NULL,11,'9fb35b16-f2ec-499e-b407-c27267b90063',7,8,1,'August 2025',NULL,NULL,'2025-08-23 05:26:01','2025-08-23 09:48:35',2),(462,15000,'MKFTPGY7MENTC9W56E06XR-3','2025-08-23','fee',NULL,11,'9fb35b60-abe1-4691-afe2-5a65afdef9f1',7,8,1,'August 2025',NULL,NULL,'2025-08-23 05:26:50','2025-08-23 09:48:23',2),(463,20000,'MKFTPGY7MENUHDMZ01SAZ','2025-08-23','loan',41,9,'9fb365a1-40d7-449e-8a5e-57fd01f81a2b',5,8,1,NULL,NULL,NULL,'2025-08-23 05:55:30','2025-08-23 09:47:04',2),(464,15000,'MKFTPGY7MENUKBMW01IK4-1','2025-08-23','fee',NULL,9,'9fb36692-d283-48a1-bcde-75d64072d427',5,8,1,'August 2025',NULL,NULL,'2025-08-23 05:58:08','2025-08-23 09:46:53',2),(465,85000,'MKFTPGY7MENUKBMW01IK4-2','2025-08-23','stock',NULL,9,'9fb366eb-8c15-4cbd-a21f-45dda42093ad',5,8,1,'August 2025',NULL,NULL,'2025-08-23 05:59:06','2025-08-23 09:46:40',2),(466,200000,'198d6324249798a7','2025-08-23','stock',NULL,1,'9fb3ac97-e00a-4342-b71a-7184ab1d11f6',1,8,1,'August 2025',NULL,NULL,'2025-08-23 09:13:55','2025-08-23 09:27:41',2),(467,15000,'198d6324249798a7-1','2025-08-23','fee',NULL,1,'9fb3accf-52ce-48cd-ac24-0e6242f08113',1,8,1,'August 2025',NULL,NULL,'2025-08-23 09:14:32','2025-08-23 09:26:32',2),(468,100000,'MKFTQ0WYMEO6M7FX01SCP_1','2025-08-23','stock',NULL,13,'9fb3e32b-d59b-4f79-88d6-2a8f3febb114',9,8,1,'July 2025',NULL,NULL,'2025-08-23 11:46:32','2025-08-23 11:52:15',2),(469,200000,'MKFTQ0WYMEO6M7FX01SCP_2','2025-08-23','stock',NULL,13,'9fb3e352-953c-46c7-8f33-159cc86b6ba8',9,8,1,'August 2025',NULL,NULL,'2025-08-23 11:46:58','2025-08-23 11:53:51',2),(470,15000,'MKFTQ0WYMEO6M7FX01SCP_3','2025-08-23','fee',NULL,13,'9fb3e3a3-2be1-4b7f-9f0f-6bcb3d3fb2b7',9,8,1,'July 2025',NULL,NULL,'2025-08-23 11:47:50','2025-08-23 11:54:02',2),(471,15000,'MKFTQ0WYMEO6M7FX01SCP_4','2025-08-23','fee',NULL,13,'9fb3e3c6-7317-4b0e-8f9c-c629afd573f4',9,8,1,'August 2025',NULL,NULL,'2025-08-23 11:48:13','2025-08-23 11:52:40',2),(472,1093500,'MKFTQ0WYMEO6M7FX01SCP_5','2025-08-23','loan',39,13,'9fb3e41c-0097-483e-8f32-2e9282bf5bd8',9,8,1,NULL,NULL,NULL,'2025-08-23 11:49:10','2025-08-23 11:52:23',2),(473,13500,'MKFTQ0WYMEO6M7FX01SCP_6','2025-08-23','loan',39,13,'9fb3e48e-6b3c-423a-89fc-731dcc88dca9',9,8,1,NULL,NULL,NULL,'2025-08-23 11:50:25','2025-08-23 11:52:31',2),(474,50000,'198dcd1931a9bbc8','2025-08-24','stock',NULL,10,'9fb64307-fbf2-4439-ba52-490e1608d1ac',6,8,1,'July 2025',NULL,NULL,'2025-08-24 16:06:14','2025-08-27 08:10:21',2),(475,135000,'410FTM2252390008','2025-08-27','stock',NULL,12,'9fbba17d-f339-45f7-bddf-ec9c0cb64dee',8,8,1,'August 2025',NULL,NULL,'2025-08-27 08:09:30','2025-08-27 08:10:31',2),(476,15000,'410FTM2252390008-1','2025-08-27','fee',NULL,12,'9fbba1a5-5ce5-4a14-b7aa-a5c313d96947',8,8,1,'August 2025',NULL,NULL,'2025-08-27 08:09:56','2025-08-27 08:10:26',2),(477,226280,'MKFTSRTAMF6ZFB1001N04','2025-09-05','loan',41,9,'9fce5703-7ad5-44a1-82b5-1d2c90de2f8b',5,8,1,NULL,NULL,NULL,'2025-09-05 15:21:59','2025-09-05 17:34:02',2),(478,50000,'1992daba05a0dbd9_1','2025-09-09','stock',NULL,8,'9fd5d92e-19df-49dd-b62c-01e691e4027f',4,8,1,'August 2025',NULL,NULL,'2025-09-09 08:56:45','2025-09-09 11:31:00',2),(479,15000,'1992daba05a0dbd9_2','2025-09-09','fee',NULL,8,'9fd5d95c-a7c5-479d-a6fc-c065ac8e53ef',4,8,1,'August 2025',NULL,NULL,'2025-09-09 08:57:15','2025-09-09 11:30:53',2),(480,10500,'1992daba05a0dbd9_3','2025-09-09','fee penalty',NULL,8,'9fd5d9a3-46a7-462f-9f0e-c1dce8835b08',4,8,1,'August 2025',NULL,NULL,'2025-09-09 08:58:02','2025-09-09 11:30:47',2),(481,10500,'1992daba05a0dbd9_4','2025-09-09','stock penalty',NULL,8,'9fd5d9c4-96ff-409c-a7ae-6dc6e0d08e68',4,8,1,'August 2025',NULL,NULL,'2025-09-09 08:58:23','2025-09-09 11:30:41',2),(482,135000,'101TPFT252551934','2025-09-12','stock',NULL,12,'9fdba310-2a2f-4095-a5ce-1baa54e3189b',8,8,1,'September 2025',NULL,NULL,'2025-09-12 06:00:24','2025-09-12 06:01:15',2),(483,15000,'101TPFT252551934-1','2025-09-12','fee',NULL,12,'9fdba342-0814-412d-91fa-6ed0f2be475d',8,8,1,'September 2025',NULL,NULL,'2025-09-12 06:00:56','2025-09-12 06:01:10',2),(484,1050000,'MKFTUHDDMFJKMYLX01B8I','2025-09-14','loan',53,9,'9fe01027-2436-47e2-9b97-00009dda70de',5,8,1,NULL,NULL,NULL,'2025-09-14 10:48:44','2025-09-14 10:54:23',2),(485,216000,'MKFTWWGKMFXZM7XZ01XT9-1','2025-09-24','loan',55,11,'9ff468a6-1ed9-4b1a-b4d0-75c261b90461',7,8,2,NULL,'wrong entry','2025-09-24 16:40:08','2025-09-24 13:32:45','2025-09-24 13:40:08',2),(486,210000,'MKFTWWGKMFXZM7XZ01XT9-2','2025-09-24','loan',57,11,'9ff46929-cec7-4ecd-8bee-5386782e1a99',7,8,1,NULL,NULL,NULL,'2025-09-24 13:34:11','2025-09-24 13:40:17',2),(487,200000,'MKFTWWGKMFXZM7XZ01XT9-3','2025-09-24','stock',NULL,11,'9ff46999-7ad6-4d95-91cc-f6da7523fb18',7,8,1,'September 2025',NULL,NULL,'2025-09-24 13:35:25','2025-09-24 13:40:31',2),(488,15000,'MKFTWWGKMFXZM7XZ01XT9-4','2025-09-24','fee',NULL,11,'9ff469e3-e5ca-4d70-b1cc-2c3f2c8d036f',7,8,1,'September 2025',NULL,NULL,'2025-09-24 13:36:13','2025-09-24 13:40:25',2),(489,216000,'MKFTWWGKMFXZM7XZ01XT9-5','2025-09-24','loan',55,11,'9ff46c30-1928-4cbd-93e5-294a3e9ef311',7,8,1,NULL,NULL,NULL,'2025-09-24 13:42:39','2025-09-24 13:43:48',2),(490,200000,'1997ff6d902bfba3','2025-09-25','stock',NULL,1,'9ff5fcd9-7bee-40e2-910e-3f763133844f',1,8,1,'September 2025',NULL,NULL,'2025-09-25 08:22:59','2025-09-25 09:00:30',2),(491,15000,'1997ff6d902bfba3-1','2025-09-25','fee',NULL,1,'9ff5fd08-802c-4237-92c6-d17656cc2f18',1,8,1,'September 2025',NULL,NULL,'2025-09-25 08:23:29','2025-09-25 09:00:24',2),(492,226800,'MKFTXJYSMG4QHSN926JBMC','2025-09-29','loan',41,9,'9ffddb51-b206-47cd-933a-89e9a26cbcea',5,8,1,NULL,NULL,NULL,'2025-09-29 06:15:51','2025-09-29 06:27:33',2),(493,485000,'MKFTXKWSMG4QLRTN01PBM-1','2025-09-29','stock',NULL,9,'9ffddcff-2cc5-40e3-b868-ae6a7d24622f',5,8,1,'September 2025',NULL,NULL,'2025-09-29 06:20:32','2025-09-29 06:27:27',2),(494,15000,'MKFTXKWSMG4QLRTN01PBM-2','2025-09-29','fee',NULL,9,'9ffddec3-f368-4a6a-8e38-cceed8aa82b8',5,8,1,'September 2025',NULL,NULL,'2025-09-29 06:25:29','2025-09-29 06:27:17',2),(495,1102500,'MKFTXJYSMG6YGA7B01GR2_1','2025-09-30','loan',52,13,'a000fc37-5332-4180-bcec-bc814bc6113b',9,8,1,NULL,NULL,NULL,'2025-09-30 19:35:19','2025-10-01 04:50:19',2),(496,100000,'MKFTXJYSMG6YGA7B01GR2_2','2025-09-30','stock',NULL,13,'a000febd-8835-4759-a276-2748c96ddfeb',9,8,1,'August 2025',NULL,NULL,'2025-09-30 19:42:22','2025-10-01 04:50:03',2),(497,100000,'MKFTXJYSMG6YGA7B01GR2_3','2025-09-30','stock',NULL,13,'a000feed-6d1c-4349-a34f-58db0fbf29f4',9,8,1,'September 2025',NULL,NULL,'2025-09-30 19:42:54','2025-10-01 04:49:48',2),(498,15000,'MKFTXJYSMG6YGA7B01GR2_4','2025-09-30','fee',NULL,13,'a000ff23-9823-4e21-bdb4-1f3825db9068',9,8,1,'August 2025',NULL,NULL,'2025-09-30 19:43:29','2025-10-01 04:49:37',2),(499,15000,'MKFTXJYSMG6YGA7B01GR2_5','2025-09-30','fee',NULL,13,'a000ff4f-db82-4e25-be76-9c4ee395b214',9,8,1,'September 2025',NULL,NULL,'2025-09-30 19:43:58','2025-10-01 04:49:10',2),(500,500,'MKFTXJYSMG6YGA7B01GR2_6','2025-09-30','stock penalty',NULL,13,'a0010032-19b3-469b-ae47-b4aa2de5e2f9',9,8,1,'June 2025',NULL,NULL,'2025-09-30 19:46:26','2025-10-01 04:49:29',2),(501,31500,'MKFTXJYSMG6YGA7B01GR2_7','2025-09-30','stock penalty',NULL,13,'a0010078-afd2-47cf-b980-7e832c87fa93',9,8,1,'July 2025',NULL,NULL,'2025-09-30 19:47:13','2025-10-01 04:49:20',2),(502,31500,'MKFTXJYSMG6YGA7B01GR2_8','2025-09-30','fee penalty',NULL,13,'a00100ba-d049-4f77-a155-018e9fd519d2',9,8,1,'July 2025',NULL,NULL,'2025-09-30 19:47:56','2025-10-01 04:49:02',2),(503,42000,'MKFTXJYSMG6YGA7B01GR2_9','2025-09-30','fee penalty',NULL,13,'a00100e6-8233-4efc-8704-e4e07517f98f',9,8,1,'August 2025',NULL,NULL,'2025-09-30 19:48:25','2025-10-01 04:48:55',2),(504,2160000,'MKFTYAB6MG7I1VM601QID','2025-10-01','loan',54,13,'a001c0a4-7b68-49a6-89a6-8ca918b14933',9,8,1,NULL,NULL,NULL,'2025-10-01 04:44:34','2025-10-01 04:47:12',2),(505,50000,'101AGD225274M05C','2025-10-01','stock',NULL,10,'a00273c9-259a-42a8-920c-726c33957474',6,8,1,'August 2025',NULL,NULL,'2025-10-01 13:05:29','2025-10-01 14:24:23',2),(506,50000,'101AGD225274M05C-1','2025-10-01','stock',NULL,10,'a002740f-b43b-4233-8f83-608b1b321c8b',6,8,1,'September 2025',NULL,NULL,'2025-10-01 13:06:15','2025-10-01 14:24:16',2),(507,15000,'101AGD225274M05C -2','2025-10-01','fee',NULL,10,'a002743f-da3e-4fd8-82ab-806fdf3f8ab1',6,8,1,'August 2025',NULL,NULL,'2025-10-01 13:06:47','2025-10-01 14:24:10',2),(508,15000,'101AGD225274M05C-3','2025-10-01','fee',NULL,10,'a0027472-708f-490e-8cb5-1487da866a76',6,8,1,'September 2025',NULL,NULL,'2025-10-01 13:07:20','2025-10-01 14:24:02',2),(509,500000,'MKFTYAA9MG87419M01IXU','2025-10-01','stock',NULL,11,'a002bc82-20c9-4a11-9ae0-fdd8e8c98cf9',7,8,1,'October 2025',NULL,NULL,'2025-10-01 16:28:50','2025-10-01 16:33:07',2),(510,50000,'101AGD225275G6VT_1','2025-10-02','stock',NULL,8,'a004f2c4-76d8-401d-a243-e9b6a9d7d155',4,8,1,'September 2025',NULL,NULL,'2025-10-02 18:52:12','2025-10-02 19:16:08',2),(511,15000,'101AGD225275G6VT_2','2025-10-02','fee',NULL,8,'a004f2f7-5a9a-4e5d-8139-6d8f572a1d86',4,8,1,'September 2025',NULL,NULL,'2025-10-02 18:52:46','2025-10-02 19:15:56',2),(512,1050000,'MKFTYAA9MGB173FP010AH','2025-10-03','loan',56,1,'a006b9c7-b6e4-4192-bbd7-b4632c97ddf4',1,8,1,NULL,NULL,NULL,'2025-10-03 16:04:31','2025-10-03 16:12:22',2),(513,200000,'101TPFT252836746','2025-10-10','stock',NULL,1,'a0142f4c-6e89-4777-ae1b-3b078fcf973c',1,8,1,'October 2025',NULL,NULL,'2025-10-10 08:38:53','2025-10-10 10:20:17',2),(514,15000,'101TPFT252836746-1','2025-10-10','fee',NULL,1,'a0142f87-82fa-449d-b774-c6058cf6f8be',1,8,1,'October 2025',NULL,NULL,'2025-10-10 08:39:32','2025-10-10 10:20:22',2),(515,226800,'MKFT1090SMGORU0I25B4DOP','2025-10-13','loan',41,9,'a01a1107-6dee-4e4d-afd1-4fc09ca055d6',5,8,1,NULL,NULL,NULL,'2025-10-13 06:49:12','2025-10-13 06:51:55',2),(516,115000,'101TPFT25289A58K','2025-10-16','stock',NULL,12,'a020a582-cb76-4e4e-bde7-fd698fb749c0',8,8,1,'October 2025',NULL,NULL,'2025-10-16 13:19:22','2025-10-16 13:20:16',2),(517,15000,'101TPFT25289A58K-1','2025-10-16','fee',NULL,12,'a020a5b6-d3c8-41d6-a5ee-d223da6b7726',8,8,1,'October 2025',NULL,NULL,'2025-10-16 13:19:56','2025-10-16 13:20:10',2),(518,216000,'MKFT117PHMHONPRMH01K1L-1','2025-10-21','loan',55,11,'a02accc6-bcfc-4315-8800-72ebbf1276f6',7,8,1,NULL,NULL,NULL,'2025-10-21 14:27:26','2025-10-21 14:35:00',2),(519,210000,'MKFT117PHMHONPRMH01K1L-2','2025-10-21','loan',59,11,'a02acd42-3949-4d81-8021-9b8743215db3',7,8,1,NULL,NULL,NULL,'2025-10-21 14:28:47','2025-10-21 14:34:51',2),(520,200000,'MKFT117PHMHONPRMH01K1L-3','2025-10-21','stock',NULL,11,'a02acd9d-95e3-4bbd-ba41-c7da41fbcbc5',7,8,1,'October 2025',NULL,NULL,'2025-10-21 14:29:47','2025-10-21 14:34:42',2),(521,15000,'MKFT117PHMHONPRMH01K1L-4','2025-10-21','fee',NULL,11,'a02acdcc-4ac7-445d-a097-50a4a1e81b99',7,8,1,'October 2025',NULL,NULL,'2025-10-21 14:30:17','2025-10-21 14:34:33',2),(522,175000,'101TPFT252977330','2025-10-24','loan',51,1,'a0305038-05c8-40e4-9467-797915593109',1,8,1,NULL,NULL,NULL,'2025-10-24 08:14:07','2025-10-24 08:23:36',2),(523,15000,'19a6e0f157fa4a85','2025-11-10','fee',NULL,10,'a052fe71-deda-4b04-a103-3e39309295be',6,8,1,'November 2025',NULL,NULL,'2025-11-10 13:59:26','2025-11-11 07:29:09',2),(524,500000,'19a6e0f157fa4a85 -1','2025-11-10','loan',48,10,'a052ff08-0c99-4185-a2a5-a0a52ca97f83',6,8,1,NULL,NULL,NULL,'2025-11-10 14:01:04','2025-11-11 07:28:45',2),(525,15000,'19a6e0f157fa4a85 -2','2025-11-10','fee',NULL,10,'a0530050-fa84-4228-a1d3-e7ae63b99de2',6,8,1,'July 2025',NULL,NULL,'2025-11-10 14:04:40','2025-11-11 07:29:03',2),(526,245000,'19a6e0f157fa4a85-3','2025-11-10','stock',NULL,10,'a05300c1-4b9c-4a67-8b46-61e581a29e30',6,8,1,'November 2025',NULL,NULL,'2025-11-10 14:05:53','2025-11-11 07:28:57',2),(527,489200,'19a7705cc141b991','2025-11-12','loan',51,1,'a0567e98-4982-44f6-aac7-ae9aa35ae37f',1,8,1,NULL,NULL,NULL,'2025-11-12 07:45:15','2025-11-12 07:48:37',2),(528,50000,'101AGD225316E691_1','2025-11-12','stock',NULL,8,'a057714f-746d-4915-861f-8a7b42f67561',4,8,1,'October 2025',NULL,NULL,'2025-11-12 19:03:56','2025-11-12 19:07:13',2),(529,15000,'101AGD225316E691_2','2025-11-12','fee',NULL,8,'a0577179-e9df-4a47-a955-d22090cec014',4,8,1,'October 2025',NULL,NULL,'2025-11-12 19:04:24','2025-11-12 19:07:04',2),(530,15000,'101AGD225316E691_3','2025-11-12','fee penalty',NULL,8,'a05771ad-0ebf-4fe9-b2f8-de908cf9b1de',4,8,1,'October 2025',NULL,NULL,'2025-11-12 19:04:57','2025-11-12 19:06:50',2),(531,15000,'101AGD225316E691_4','2025-11-12','stock penalty',NULL,8,'a05771cc-5ba6-4ca6-ae54-fe0becf45dfe',4,8,1,'October 2025',NULL,NULL,'2025-11-12 19:05:18','2025-11-12 19:06:35',2),(532,1050000,'19a83bae83e9cbf7','2025-11-14','loan',62,1,'a05b792e-4a37-4fdd-87ef-52e2604569dc',1,8,1,NULL,NULL,NULL,'2025-11-14 19:09:15','2025-11-14 19:23:30',2),(533,100000,'410FTM2253240012','2025-11-20','stock',NULL,12,'a066d0cb-fcc7-4759-aacd-16c46b071f74',8,8,1,'November 2025',NULL,NULL,'2025-11-20 10:28:21','2025-11-20 10:29:06',2),(534,15000,'410FTM2253240012-1','2025-11-20','fee',NULL,12,'a066d0f8-1d1e-4781-9eab-f88e238f1458',8,8,1,'November 2025',NULL,NULL,'2025-11-20 10:28:50','2025-11-20 10:29:01',2),(535,200000,'101TPFT25327BOZN','2025-11-23','stock',NULL,1,'a06db06b-cf47-470f-ad43-b3a86706d569',1,8,2,'November 2025','wrong entry','2025-11-24 09:20:04','2025-11-23 20:28:37','2025-11-24 06:20:04',2),(536,15000,'101TPFT25327BOZN-1','2025-11-23','fee',NULL,1,'a06db09d-6134-4a4d-bf9e-22e41d304470',1,8,2,'November 2025','wrong entry','2025-11-24 09:19:02','2025-11-23 20:29:09','2025-11-24 06:19:02',2),(537,216000,'MKFT11HSDMICK5Q5PR98FT0-1','2025-11-24','loan',55,11,'a06e3c6d-fea4-42e5-a05f-63dd7637a7cf',7,8,1,NULL,NULL,NULL,'2025-11-24 03:00:06','2025-11-24 06:20:10',2),(538,200000,'MKFT11HSDMICK5Q5PR98FT0-2','2025-11-24','stock',NULL,11,'a06e3dc9-50cb-441b-ab1b-2080c8732f3d',7,8,1,'November 2025',NULL,NULL,'2025-11-24 03:03:54','2025-11-24 06:20:22',2),(539,15000,'MKFT11HSDMICK5Q5PR98FT0-3','2025-11-24','fee',NULL,11,'a06e3e44-27e9-4f43-9348-eccc44a0bd0d',7,8,1,'November 2025',NULL,NULL,'2025-11-24 03:05:15','2025-11-24 06:20:17',2),(540,200000,'101TPFT25327BOZN-2','2025-11-23','stock',NULL,1,'a06e8f98-eee0-4012-8304-f58168c19837',1,8,1,'November 2025',NULL,NULL,'2025-11-24 06:52:40','2025-11-24 07:14:23',2),(541,15000,'101TPFT25327BOZN-3','2025-11-23','fee',NULL,1,'a06e8fbc-58ac-4555-ab45-442caa90c88a',1,8,1,'November 2025',NULL,NULL,'2025-11-24 06:53:03','2025-11-24 07:14:18',2),(542,210000,'MKFT11KMNMIK5D8P401L0M','2025-11-29','loan',63,11,'a078ebe0-a659-4068-8e81-f5ec2ea80c42',7,8,1,NULL,NULL,NULL,'2025-11-29 10:28:58','2025-11-29 10:39:55',2),(543,50000,'19adfe4ee0a8eb80_1','2025-12-02','stock',NULL,8,'a07faefb-8a66-446d-bf7b-fdf644fd4b90',4,8,1,'November 2025',NULL,NULL,'2025-12-02 19:09:30','2025-12-03 05:19:10',2),(544,15000,'19adfe4ee0a8eb80_2','2025-12-02','fee',NULL,8,'a07faf29-25a6-4fb7-acb1-179646b59047',4,8,1,'November 2025',NULL,NULL,'2025-12-02 19:10:00','2025-12-03 05:19:02',2),(545,50000,'MKFT11MJUMIQ8W5A801IIK-1','2025-12-03','stock',NULL,9,'a0818184-448b-4e57-b073-011b791d5da9',5,8,1,'October 2025',NULL,NULL,'2025-12-03 16:54:01','2025-12-03 17:06:17',2),(546,50000,'MKFT11MJUMIQ8W5A801IIK-2','2025-12-03','stock',NULL,9,'a08181bf-3b68-4a4e-940c-e8de4557133d',5,8,1,'November 2025',NULL,NULL,'2025-12-03 16:54:40','2025-12-03 17:06:10',2),(547,15000,'MKFT11MJUMIQ8W5A801IIK-3','2025-12-03','fee',NULL,9,'a08181f2-0a41-40b6-b38c-a12ede471d32',5,8,1,'October 2025',NULL,NULL,'2025-12-03 16:55:13','2025-12-03 17:06:01',2),(548,15000,'MKFT11MJUMIQ8W5A801IIK-4','2025-12-03','fee',NULL,9,'a081822f-0184-47e9-ae26-20eb69404a00',5,8,1,'November 2025',NULL,NULL,'2025-12-03 16:55:53','2025-12-14 10:09:43',2),(549,43500,'MKFT11MJUMIQ8W5A801IIK-5','2025-12-03','fee penalty',NULL,9,'a08182ab-7a5c-4e71-8b82-74fe1757b36f',5,8,1,'October 2025',NULL,NULL,'2025-12-03 16:57:15','2025-12-03 17:05:51',2),(550,43500,'MKFT11MJUMIQ8W5A801IIK-6','2025-12-03','stock penalty',NULL,9,'a08182e3-7083-4118-b00a-3393274ff0a8',5,8,1,'October 2025',NULL,NULL,'2025-12-03 16:57:51','2025-12-03 17:05:43',2),(551,1500,'MKFT11MJUMIQ8W5A801IIK-7','2025-12-03','fee penalty',NULL,9,'a0818323-c132-49d5-8961-84fc6ed71a2d',5,8,1,'November 2025',NULL,NULL,'2025-12-03 16:58:33','2025-12-03 17:05:34',2),(552,1500,'MKFT11MJUMIQ8W5A801IIK-8','2025-12-03','stock penalty',NULL,9,'a0818359-03cd-4060-9d38-2bcab6e5d5d9',5,8,1,'November 2025',NULL,NULL,'2025-12-03 16:59:08','2025-12-03 17:05:20',2),(553,1102500,'MKFT11PL8MJ5GP0JO01VPN','2025-12-14','loan',61,9,'a096edc2-274b-438b-bac4-110fb65eb005',5,8,1,NULL,NULL,NULL,'2025-12-14 08:29:04','2025-12-14 10:09:36',2),(554,2000000,'MKFT11QG4MJB564LD01EFX','2025-12-18','loan',60,9,'a09eec92-fd4b-4e88-961e-28a9b854f7a1',5,8,1,NULL,NULL,NULL,'2025-12-18 07:52:23','2025-12-18 07:58:13',2),(555,268000,'MKFT11QG4MJB5N6VE01GZM','2025-12-18','loan',60,9,'a09ef189-e139-4964-bf1d-0313fc6b26aa',5,8,1,NULL,NULL,NULL,'2025-12-18 08:06:16','2025-12-18 08:29:46',2),(556,15000,'TID:MP251220.2207.V36631','2025-12-20','fee',NULL,10,'a0a3e4f5-e741-47d6-a9d3-3fe2da1c37bb',6,8,1,'December 2025',NULL,NULL,'2025-12-20 19:10:14','2025-12-20 20:57:51',2);
/*!40000 ALTER TABLE `payment_requests` ENABLE KEYS */;
UNLOCK TABLES;

--
-- Table structure for table `payments`
--

DROP TABLE IF EXISTS `payments`;
/*!40101 SET @saved_cs_client     = @@character_set_client */;
/*!40101 SET character_set_client = utf8 */;
CREATE TABLE `payments` (
  `id` int(11) NOT NULL AUTO_INCREMENT,
  `member_id` int(11) NOT NULL,
  `amount` float NOT NULL,
  `payment_reference` varchar(100) NOT NULL,
  `added_by` int(11) NOT NULL,
  `uuid` varchar(100) DEFAULT NULL,
  `payment_date` date DEFAULT NULL,
  `payment_type` varchar(30) DEFAULT NULL,
  `payment_for_month` varchar(30) DEFAULT NULL,
  `loan_contract_id` int(11) DEFAULT NULL,
  `created_at` timestamp NOT NULL DEFAULT current_timestamp(),
  `updated_at` timestamp NOT NULL DEFAULT current_timestamp() ON UPDATE current_timestamp(),
  `financial_year_id` int(11) NOT NULL DEFAULT 1,
  PRIMARY KEY (`id`)
) ENGINE=InnoDB AUTO_INCREMENT=535 DEFAULT CHARSET=utf8mb3 COLLATE=utf8mb3_general_ci;
/*!40101 SET character_set_client = @saved_cs_client */;

--
-- Dumping data for table `payments`
--

LOCK TABLES `payments` WRITE;
/*!40000 ALTER TABLE `payments` DISABLE KEYS */;
INSERT INTO `payments` VALUES (2,1,185000,'101AGD224031B202-1',8,'9b3969ce-834a-4100-a130-f292e6db24e5','2024-01-31','stock','January 2024',NULL,'2024-01-31 13:48:25','2024-01-31 13:48:25',1),(3,8,50000,'101AGD124031A258',8,'9b3987d3-f052-4410-9395-3c40faf3b697','2024-01-31','stock','January 2024',NULL,'2024-01-31 15:12:22','2024-01-31 15:12:22',1),(4,8,15000,'101AGD124031A2BG',8,'9b398833-fb90-49d5-a4b9-677eac8a2ba7','2024-01-31','fee','January 2024',NULL,'2024-01-31 15:13:25','2024-01-31 15:13:25',1),(5,9,85000,'MKFT0J3KLS1XOT9E0343C-2',8,'9b39c591-5fd4-480d-a1a6-709dfa3e52f6','2024-01-31','stock','January 2024',NULL,'2024-01-31 18:05:00','2024-01-31 18:05:00',1),(6,9,15000,'MKFT0J3KLS1XOT9E0343C-1',8,'9b39c59e-542f-4d75-a47a-0e32adefdd3d','2024-01-31','fee','January 2024',NULL,'2024-01-31 18:05:09','2024-01-31 18:05:09',1),(7,12,15000,'410FTM2240310014-2',8,'9b39c7a1-9744-4be1-a0a8-c364d868b36a','2024-01-31','fee','January 2024',NULL,'2024-01-31 18:10:46','2024-01-31 18:10:46',1),(8,12,100000,'410FTM2240310014-1',8,'9b39c7b2-9ddf-45b3-8f42-d29ebf254aca','2024-01-31','stock','January 2024',NULL,'2024-01-31 18:10:58','2024-01-31 18:10:58',1),(9,11,15000,'211FTM2240310631-2',8,'9b39c7de-a046-49a4-8bdd-f74974f30f99','2024-01-31','fee','January 2024',NULL,'2024-01-31 18:11:26','2024-01-31 18:11:26',1),(10,11,50000,'211FTM2240310631-1',8,'9b39c7ed-cf8e-4249-b89b-525fef1e832b','2024-01-31','stock','January 2024',NULL,'2024-01-31 18:11:36','2024-01-31 18:11:36',1),(11,10,15000,'101AGD224032D6ML',8,'9b3bde8d-7ee9-4214-b432-2cd3d53a4e35','2024-02-01','fee','January 2024',NULL,'2024-02-01 22:06:31','2024-02-01 22:06:31',1),(12,10,100000,'18D61113A929E948',8,'9b3bdf3b-dffb-43a6-b186-e68b508e798c','2024-01-31','stock','January 2024',NULL,'2024-02-01 22:08:26','2024-02-01 22:08:26',1),(13,12,15000,'410FTM2240400510-2',8,'9b4ba981-94a4-45c5-abad-c94bb080d56f','2024-02-09','fee','February 2024',NULL,'2024-02-09 18:31:26','2024-02-09 18:31:26',1),(14,12,140000,'410FTM2240400510-1',8,'9b4ba9be-e697-4c33-8f90-f363faffe369','2024-02-09','stock','February 2024',NULL,'2024-02-09 18:32:07','2024-02-09 18:32:07',1),(15,8,250000,'101AGD224046C1DC',8,'9b5815ee-39a8-459f-8fc9-89551991894b','2024-02-15','stock','February 2024',NULL,'2024-02-15 22:44:33','2024-02-15 22:44:33',1),(16,1,15000,'101AGD2240589395-2',8,'9b6f4648-4788-4f19-b7a9-cd38e7569e20','2024-02-27','fee','February 2024',NULL,'2024-02-27 11:23:48','2024-02-27 11:23:48',1),(17,1,200000,'101AGD2240589395-1',8,'9b6f4654-ec41-4b2d-816c-881c286120ba','2024-02-27','stock','February 2024',NULL,'2024-02-27 11:23:56','2024-02-27 11:23:56',1),(18,9,15000,'206FTM2240580048',8,'9b6fc9b9-b0d7-4ca5-8070-07bebbef4064','2024-02-27','fee','February 2024',NULL,'2024-02-27 17:31:20','2024-02-27 17:31:20',1),(19,9,85000,'206FTM2240580048-2',8,'9b6fc9d3-0dce-4e4c-8ee2-1ad3bfcb8c00','2024-02-27','stock','February 2024',NULL,'2024-02-27 17:31:37','2024-02-27 17:31:37',1),(20,10,100000,'101AGD224058C1T1',8,'9b6fc9fb-384d-421c-a8bd-39747044bea9','2024-02-27','stock','February 2024',NULL,'2024-02-27 17:32:03','2024-02-27 17:32:03',1),(21,10,15000,'101AGD224058C1T1-2',8,'9b6fd5ad-729b-4b77-95de-e0ded0bcdc2d','2024-02-27','fee','February 2024',NULL,'2024-02-27 18:04:45','2024-02-27 18:04:45',1),(22,11,72000,'211FTM2240620588-3',8,'9b781098-5ae4-4920-90d1-8767a2b4f350','2024-03-02','loan',NULL,1,'2024-03-02 20:16:08','2024-03-02 20:16:08',1),(23,11,50000,'211FTM2240620588-2',8,'9b7810b6-0fb5-44f0-b842-f38343415e25','2024-03-02','stock','February 2024',NULL,'2024-03-02 20:16:27','2024-03-02 20:16:27',1),(24,11,15000,'211FTM2240620588-1',8,'9b7810c9-bd0a-4784-91a6-53f96f3a1e42','2024-03-02','fee','February 2024',NULL,'2024-03-02 20:16:40','2024-03-02 20:16:40',1),(25,10,735000,'101AGD324060B07T',8,'9b7b363a-d693-4f5d-a87f-1e069b66f773','2024-02-29','loan',NULL,2,'2024-03-04 09:48:51','2024-03-04 09:48:51',1),(26,8,15000,'101AGD124059C1JO',8,'9b7b38a5-1d28-4b7b-9b27-3a634829a2b0','2024-02-28','fee','February 2024',NULL,'2024-03-04 09:55:36','2024-03-04 09:55:36',1),(27,10,500000,'101AGD224064C53V',8,'9b7d3595-bac9-48a8-aa2e-044e86617592','2024-03-04','stock','March 2024',NULL,'2024-03-05 09:38:42','2024-03-05 09:38:42',1),(28,9,630000,'MKFT0PT6LTTSX7FS01E2W',8,'9b95d446-9cdb-4544-bf5a-13d950a99a0e','2024-03-16','loan',NULL,4,'2024-03-17 15:22:18','2024-03-17 15:22:18',1),(29,8,495000,'101AGD22407902rw',8,'9b9a8bb9-946f-4510-88b4-4f31b39ae511','2024-03-19','loan',NULL,3,'2024-03-19 23:38:34','2024-03-19 23:38:34',1),(30,9,85000,'MKFT0PT6LU2H0ZSHAI6TDJ-2',8,'9ba18058-f6d9-4ae7-ba5e-0eeaaad7514b','2024-03-22','stock','March 2024',NULL,'2024-03-23 10:37:33','2024-03-23 10:37:33',1),(31,9,15000,'MKFT0PT6LU2H0ZSHAI6TDJ-1',8,'9ba18068-c7a9-4324-a527-a5fc6642dec1','2024-03-22','fee','March 2024',NULL,'2024-03-23 10:37:43','2024-03-23 10:37:43',1),(32,11,72000,'MKFTOQOULU6IGPB301BG1-3',8,'9ba67728-c19a-4790-9056-f9fc2efa6139','2024-03-25','loan',NULL,1,'2024-03-25 21:51:00','2024-03-25 21:51:00',1),(33,11,15000,'MKFTOQOULU6IGPB301BG1-2',8,'9ba67738-2da3-4629-a669-f07b23232675','2024-03-25','fee','March 2024',NULL,'2024-03-25 21:51:10','2024-03-25 21:51:10',1),(34,11,50000,'MKFTOQOULU6IGPB301BG1-1',8,'9ba6774c-40ad-4898-8c4c-c22af755e479','2024-03-25','stock','March 2024',NULL,'2024-03-25 21:51:23','2024-03-25 21:51:23',1),(35,12,15000,'MKFT0Q30LU7AG926122MWW - 2',8,'9ba678fd-d616-4133-9939-1533f76803fd','2024-03-25','fee','March 2024',NULL,'2024-03-25 21:56:07','2024-03-25 21:56:07',1),(36,12,85000,'MKFT0Q30LU7AG926122MWW -1',8,'9ba6790a-9456-4eb6-903a-4cbd4e9c5d84','2024-03-25','stock','March 2024',NULL,'2024-03-25 21:56:16','2024-03-25 21:56:16',1),(37,10,15000,'101AGD1240867111',8,'9ba7fc91-37ad-4d5f-97b8-e12eeee7b3d9','2024-03-26','fee','March',NULL,'2024-03-26 15:59:52','2024-03-26 15:59:52',1),(47,1,15000,'18E935BOF5620A6A-2',8,'9bb23cdf-7c76-4a24-9416-6740fdbb9109','2024-03-31','fee','March 2024',NULL,'2024-03-31 18:17:57','2024-03-31 18:17:57',1),(48,1,200000,'18E935BOF5620A6A-1',8,'9bb23cf4-964b-48aa-99bf-759ddc5f3fd6','2024-03-31','stock','March 2024',NULL,'2024-03-31 18:18:11','2024-03-31 18:18:11',1),(49,8,15000,'101AGD1240918294',8,'9bb2713a-3ec4-4dde-aae2-c2e36a00ac1e','2024-03-31','fee','March 2024',NULL,'2024-03-31 20:44:21','2024-03-31 20:44:21',1),(50,8,50000,'101AGD1240918273',8,'9bb2714b-e5b4-4c1d-af27-242461dfeb76','2024-03-31','stock','March 2024',NULL,'2024-03-31 20:44:32','2024-03-31 20:44:32',1),(51,8,650000,'101AGD324097A0R5',8,'9bbe0312-6034-430a-9f02-9481fa9c3e90','2024-04-06','stock','April 2024',NULL,'2024-04-06 14:46:16','2024-04-06 14:46:16',1),(52,8,477000,'101AGD224097B3JT',8,'9bbe0347-058c-43d3-b12a-2ebcbab963b7','2024-04-06','loan',NULL,3,'2024-04-06 14:46:50','2024-04-06 14:46:50',1),(53,12,15000,'101AG224099G2ER-2',8,'9bc296df-ccc3-479d-8872-a0a2383a0704','2024-04-08','fee','April 2024',NULL,'2024-04-08 21:22:52','2024-04-08 21:22:52',1),(54,12,135000,'101AG224099G2ER-1',8,'9bc296eb-09c0-4411-8a7b-cee5067cf21c','2024-04-08','stock','April 2024',NULL,'2024-04-08 21:22:59','2024-04-08 21:22:59',1),(55,1,15000,'18EBEEB47D0DBB9F-2',8,'9bc297d2-0bba-458b-b222-c9313a5b3b4a','2024-04-08','fee','April 2024',NULL,'2024-04-08 21:25:30','2024-04-08 21:25:30',1),(56,1,215000,'18EBEEB47D0DBB9F-1',8,'9bc297df-730d-4b21-b657-0f3926770a39','2024-04-08','stock','April 2024',NULL,'2024-04-08 21:25:39','2024-04-08 21:25:39',1),(57,13,661500,'101AGD324082A2OR-R1',8,'9bca8c1a-ecb0-4c61-847c-c37ae221f56e','2024-03-22','loan',NULL,8,'2024-04-12 20:19:22','2024-04-12 20:19:22',1),(58,13,578340,'101AGD324082A2OR-R2',8,'9bca8d87-5c9c-40a3-a119-f2e6bc3a4718','2024-03-22','loan',NULL,9,'2024-04-12 20:23:21','2024-04-12 20:23:21',1),(59,13,50000,'225FTM2241030585',8,'9bcaa1fb-e6f4-44df-be61-392e4d80d316','2024-04-12','stock','March 2024',NULL,'2024-04-12 21:20:33','2024-04-12 21:20:33',1),(60,13,50000,'225FTM2241030584-R1',8,'9bcaa213-36d3-4c25-9fcc-26a4539edf7d','2024-04-12','stock','February 2024',NULL,'2024-04-12 21:20:48','2024-04-12 21:20:48',1),(61,13,81000,'101AGD324082A2OR-R3',8,'9bcaa234-d1a5-44b2-808d-f8f184f7cacb','2024-03-22','fee penalty','March 2024',NULL,'2024-04-12 21:21:10','2024-04-12 21:21:10',1),(62,13,77160,'101AGD324082A2OR-R8',8,'9bcaa24b-98f9-45bb-855a-238e0db5f568','2024-03-22','stock','January 2024',NULL,'2024-04-12 21:21:25','2024-04-12 21:21:25',1),(63,13,15000,'101AGD324082A2OR-R7',8,'9bcaa25d-11e5-437a-87c3-7e60ddaf5456','2024-03-22','fee','March 2024',NULL,'2024-04-12 21:21:37','2024-04-12 21:21:37',1),(64,13,15000,'101AGD324082A2OR-R6',8,'9bcaa270-ca78-4cf6-897b-a4903b5d028c','2024-03-22','fee','February 2024',NULL,'2024-04-12 21:21:49','2024-04-12 21:21:49',1),(65,13,15000,'101AGD324082A2OR-R5',8,'9bcaa282-a5f7-491c-8c10-5c47c6245460','2024-03-22','fee','January 2024',NULL,'2024-04-12 21:22:01','2024-04-12 21:22:01',1),(66,13,81000,'101AGD324082A2OR-R4',8,'9bcaa293-9671-42f6-84ac-9c0c2a3a1a37','2024-03-22','stock penalty','March 2024',NULL,'2024-04-12 21:22:12','2024-04-12 21:22:12',1),(67,1,15000,'101AGD224031B202-2',8,'9b3969c3-f41d-49df-af5e-04e449cc0dcd','2024-01-31','fee','January 2024',NULL,'2024-01-31 16:48:18','2024-01-31 16:48:18',1),(68,10,144000,'994195745867',8,'9bd6d1bf-4bb3-4402-9050-7c1527dc85f4','2024-04-18','loan',NULL,5,'2024-04-18 22:44:02','2024-04-18 22:44:02',1),(69,8,15000,'101AGD124118A38P',8,'9be9f006-0096-4bd7-8b37-a56703cbfc24','2024-04-27','fee','April 2024',NULL,'2024-04-28 10:49:26','2024-04-28 10:49:26',1),(70,8,50000,'101AGD124118A32Q_',8,'9be9f014-2f5f-405a-8c29-97a19f5ba486','2024-04-27','stock','May 2024',NULL,'2024-04-28 10:49:35','2024-04-28 10:49:35',1),(71,9,50000,'101AGD124118A3HS',8,'9bee38b0-2cf0-4f36-a318-e5bae83a98ec','2024-04-27','stock','April 2024',NULL,'2024-04-30 13:55:55','2024-04-30 13:55:55',1),(72,10,15000,'101AGD224121E5W8 - 1',8,'9beec752-c8ed-47a1-a10b-56951fb9be4a','2024-04-30','fee','April 2024',NULL,'2024-04-30 20:34:46','2024-04-30 20:34:46',1),(73,10,85000,'101AGD224121E5W8',8,'9beec75d-5f8a-4f0a-961a-e25fb849cfda','2024-04-30','stock','April 2024',NULL,'2024-04-30 20:34:53','2024-04-30 20:34:53',1),(74,9,15000,'MKFT0RGRLVOXN78K01KD6',8,'9bf1ff35-c80e-408f-8189-8196f42500df','2024-05-02','fee','April 2024',NULL,'2024-05-02 10:58:31','2024-05-02 10:58:31',1),(75,11,50000,'MKFTORGPLVVO4YLLO11QF-2',8,'9bfaab55-3e78-434e-86b9-edea50dfb81b','2024-05-06','stock','April 2024',NULL,'2024-05-06 18:26:26','2024-05-06 18:26:26',1),(76,11,6000,'MKFTORGPLVVO4YLLO11QF-5',8,'9bfaab84-2ff4-43fd-bf2a-da8a1698da69','2024-05-06','stock penalty','April 2024',NULL,'2024-05-06 18:26:56','2024-05-06 18:26:56',1),(77,11,6000,'MKFTORGPLVVO4YLLO11QF-4',8,'9bfaab95-bcfb-4232-ba82-f62bb771bbfb','2024-05-06','fee penalty','April 2024',NULL,'2024-05-06 18:27:08','2024-05-06 18:27:08',1),(78,11,72000,'MKFTORGPLVVO4YLLO11QF-1',8,'9bfaaba3-aeef-4a18-90e8-2e85d2c50ef3','2024-05-06','loan',NULL,1,'2024-05-06 18:27:17','2024-05-06 18:27:17',1),(79,8,410000,'101AGD224127E0IF',8,'9bfac7e4-bbd9-4509-84c9-ce62691a63b7','2024-05-06','loan',NULL,6,'2024-05-06 19:46:17','2024-05-06 19:46:17',1),(80,11,15000,'MKFTORGPLVVO4YLLO11QF-3',8,'9bfac87e-b616-4524-8449-1c0d3683abc5','2024-05-06','fee','April 2024',NULL,'2024-05-06 19:47:58','2024-05-21 10:10:27',1),(81,9,55000,'101AGD224131C34Y',8,'9c04537c-d051-4b58-9fca-20e07e92e56f','2024-05-10','loan',NULL,7,'2024-05-11 13:39:04','2024-05-11 13:39:04',1),(82,12,15000,'410FTM2241370004-2',8,'9c12cc34-d88c-4f0d-8c9e-aa0bb1be230e','2024-05-16','fee','May 2024',NULL,'2024-05-18 18:18:13','2024-05-18 18:18:13',1),(83,12,100000,'410FTM2241370004-1',8,'9c12cc3f-a03d-40ea-8e68-9fee86df8768','2024-05-16','stock','May 2024',NULL,'2024-05-18 18:18:20','2024-05-18 18:18:20',1),(84,10,144000,'101AGD224139B7DU',8,'9c12d1ba-9d3b-482d-a84e-3a0c8dde3ae2','2024-05-18','loan',NULL,5,'2024-05-18 18:33:40','2024-05-18 18:33:40',1),(85,1,15000,'18F96A09FDAC827-2',8,'9c185a9d-ae7f-420e-a55c-a861868e6f28','2024-05-20','fee','May 2024',NULL,'2024-05-21 12:35:34','2024-05-21 12:35:34',1),(86,1,200000,'18F96A09FDAC827-1',8,'9c185aa8-5040-45c0-bd78-7db27d0976c6','2024-05-20','stock','May 2024',NULL,'2024-05-21 12:35:41','2024-05-21 12:35:41',1),(87,11,15000,'MKFTORGPLVVO4YLLO11QF-5',11,'9b3969c3-f41d-49df-af5e-04e449cc0dcd890','2024-05-06','fee','May 2024',NULL,'2024-05-06 16:48:18','2024-05-21 10:07:18',1),(88,11,1050000,'MKFTORP2LWLVTI3Q01F8Z',8,'9c206e69-1c47-4d66-8b7a-49073e7cf5bc','2024-05-25','loan',NULL,12,'2024-05-25 12:57:32','2024-05-25 12:57:32',1),(89,13,1000000,'MKFT0RXKLWI7CH4901J8X_R6 & MKFT0RXKLWI7YS9O01FX_R1',8,'9c206e92-72cd-4c90-917f-89da05c4d5e1','2024-05-22','loan',NULL,10,'2024-05-25 12:57:59','2024-05-25 12:57:59',1),(90,13,9180,'MKFT0RZKLWI8EPRF6T45WY_R1',8,'9c206f46-b87e-4735-8d1e-62b496131738','2024-05-22','loan',NULL,9,'2024-05-25 12:59:57','2024-05-25 12:59:57',1),(91,13,183600,'MKFT0RXKLWI7CH4901J8X_R9',8,'9c206f4d-80d1-4eff-a662-908a86f2656a','2024-05-22','loan',NULL,9,'2024-05-25 13:00:02','2024-05-25 13:00:02',1),(92,13,183600,'MKFT0RXKLWI7CH4901J8X_R8',8,'9c206f54-a77f-4ac1-b0ad-1ba6ed7ecfbc','2024-05-22','loan',NULL,9,'2024-05-25 13:00:07','2024-05-25 13:00:07',1),(93,13,183600,'MKFT0RXKLWI7CH4901J8X_R7',8,'9c206f5b-3b8d-4aa7-a331-cfedb3ae716c','2024-05-22','loan',NULL,9,'2024-05-25 13:00:11','2024-05-25 13:00:11',1),(94,13,52000,'MKFT0RXKLWI820YQ01GGZ_R1',8,'9c206f61-dfa5-4df3-ae04-886bf59b78fa','2024-05-22','loan',NULL,10,'2024-05-25 13:00:15','2024-05-25 13:00:15',1),(95,13,30000,'MKFT0RXKLWI7CH4901J8X_R4',8,'9c206f68-d60f-4652-99cf-1360a2c39a8e','2024-05-22','stock penalty','April 2024',NULL,'2024-05-25 13:00:20','2024-05-25 13:00:20',1),(96,13,50000,'MKFT0RXKLWI7CH4901J8X_R3',8,'9c206f72-24cc-42ac-88f4-186ea6895b40','2024-05-22','stock','April 2024',NULL,'2024-05-25 13:00:26','2024-05-25 13:00:26',1),(97,13,30000,'MKFT0RXKLWI7CH4901J8X_R2',8,'9c206f79-a144-4b10-8b70-fdd80121343d','2024-05-22','fee penalty','April 2024',NULL,'2024-05-25 13:00:31','2024-05-25 13:00:31',1),(98,13,15000,'MKFT0RXKLWI7CH4901J8X_R1',8,'9c206f80-1c7a-46ec-81a2-b71fd9448b31','2024-05-22','fee','April 2024',NULL,'2024-05-25 13:00:35','2024-05-25 13:00:35',1),(99,12,126000,'410FTM2241460022',8,'9c24776d-27e4-4af6-82f6-804ca698df5a','2024-05-25','loan',NULL,11,'2024-05-27 13:06:03','2024-05-27 13:06:03',1),(100,13,4500,'MKFT0RP2LWOPVO84Q947AC_1',8,'9c2477e7-ef07-4de9-bb2e-2471d1afcc17','2024-05-27','stock penalty','April 2024',NULL,'2024-05-27 13:07:24','2024-05-27 13:07:24',1),(101,13,4500,'MKFT0RP2LWOPVO84Q947AC_2',8,'9c2477ee-bb8a-45b7-8987-9baa97880c50','2024-05-27','fee penalty','April 2024',NULL,'2024-05-27 13:07:28','2024-05-27 13:07:28',1),(102,13,100000,'MKFT0RP2LWOQ79U901OH2_1',8,'9c2477f4-c64b-40aa-a8ed-c17196c9fab2','2024-05-27','stock','May 2024',NULL,'2024-05-27 13:07:32','2024-05-27 13:07:32',1),(103,13,30000,'MKFT0RP2LWOQ79U901OH2_2',8,'9c2477fa-1255-49e3-9b13-1a1aa38abe89','2024-05-27','fee','May 2024',NULL,'2024-05-27 13:07:36','2024-05-27 13:07:36',1),(104,10,100000,'101AGD224148DOAQ',8,'9c250671-330d-4f24-80aa-47687f763df7','2024-05-27','stock','May 2024',NULL,'2024-05-27 19:45:58','2024-05-27 19:45:58',1),(105,10,576000,'101AGD324148B1TS',8,'9c25067e-3a2a-4518-ba6b-36c42a530ed6','2024-05-27','loan',NULL,5,'2024-05-27 19:46:06','2024-05-27 19:46:06',1),(106,8,15000,'101AGD124152c2ZD',8,'9c2d082f-7f7d-4644-bb53-524c50e622e0','2024-05-31','fee','May 2024',NULL,'2024-05-31 19:17:27','2024-05-31 19:17:27',1),(107,9,50000,'MKFT0RP2LWYOTQLV01ODY-2',8,'9c32a4d1-dff0-4c6c-8667-34b80d45489b','2024-06-03','stock','May 2024',NULL,'2024-06-03 14:14:35','2024-06-03 14:14:35',1),(108,9,15000,'MKFT0RP2LWYOTQLV01ODY-1',8,'9c32a4d8-f7e1-481b-b02d-9d5593df42f4','2024-06-03','fee','June 2024',NULL,'2024-06-03 14:14:39','2024-06-03 14:14:39',1),(109,9,54000,'MKFT00EJLX9895OV013MT',8,'9c44e545-f859-4d08-9570-c9a5418696d3','2024-05-10','loan',NULL,7,'2024-06-12 15:59:42','2024-06-12 15:59:42',1),(110,9,107000,'MKFT057ILXDAO75O01KWE',8,'9c471021-fde8-413b-9f31-5915debd62dc','2024-06-13','loan',NULL,7,'2024-06-13 17:51:12','2024-06-13 17:51:12',1),(111,10,15000,'101AGD124165B6GI',8,'9c4726fa-80cb-4359-b966-b06fd8a788cc','2024-06-13','fee','May 2024',NULL,'2024-06-13 18:55:05','2024-06-13 18:55:05',1),(112,10,16500,'101AGD124165B6GI-1',8,'9c47270e-f8bc-4096-9c52-4b3449aec7b8','2024-06-13','fee penalty','May 2024',NULL,'2024-06-13 18:55:19','2024-06-13 18:55:19',1),(113,12,15000,'410FTM2241710507-2',8,'9c531f65-6936-4b85-877e-7954b71abac1','2024-06-19','fee','June 2024',NULL,'2024-06-19 17:43:49','2024-06-19 17:43:49',1),(114,12,85000,'410FTM2241710507-1',8,'9c531f73-192e-4f61-be47-84ac3282076e','2024-06-19','stock','June 2024',NULL,'2024-06-19 17:43:58','2024-06-19 17:43:58',1),(115,1,15000,'0719044DE7544AIIL-2',8,'9c5eb53b-1b30-499c-ad79-1a6c5cbeeee7','2024-06-25','fee','June 2024',NULL,'2024-06-25 11:56:54','2024-06-25 11:56:54',1),(116,1,100000,'0719044DE7544AIIL-1',8,'9c5eb543-ff14-40b5-ab37-761fe1e05a76','2024-06-25','stock','June 2024',NULL,'2024-06-25 11:56:59','2024-06-25 11:56:59',1),(117,9,15000,'MKFT0T4MLXVXTPS701EOD-2',8,'9c613ee6-bf08-4b20-8e12-245433b7a821','2024-06-26','fee','June 2024',NULL,'2024-06-26 18:13:30','2024-06-26 18:13:30',1),(118,9,85000,'MKFT0T4MLXVXTPS701EOD-1',8,'9c613ef7-770e-4b3f-9f01-6b80e7021eba','2024-06-26','stock','June 2024',NULL,'2024-06-26 18:13:41','2024-06-26 18:13:41',1),(119,11,15000,'MKFTOT4MLXW9F34N01QAY',8,'9c61a680-31d1-4f46-a020-b2a8e338fe6e','2024-06-26','fee','June 2024',NULL,'2024-06-26 23:03:11','2024-06-26 23:03:11',1),(120,11,62500,'MKFTOT5RLXW9AFDKCK45W4-2',8,'9c61a68f-caea-4950-ba8e-a5b47648e46d','2024-06-26','stock','June 2024',NULL,'2024-06-26 23:03:22','2024-06-26 23:03:22',1),(121,11,37500,'MKFTOT5RLXW9AFDKCK45W4-1',8,'9c61a69e-0f4a-4eda-aaf4-0cae4b767fab','2024-06-26','stock penalty','May 2024',NULL,'2024-06-26 23:03:31','2024-06-26 23:03:31',1),(122,12,126000,'410FTM2241800523',8,'9c654ecc-2bad-42bd-a767-0dc98b5c30d3','2024-06-28','loan',NULL,11,'2024-06-28 18:41:16','2024-06-28 18:41:16',1),(123,10,70000,'101AGD324182A5Q5-1',8,'9c698efd-e512-45ef-bda5-5863c046f9c4','2024-06-30','stock','June 2024',NULL,'2024-06-30 21:24:05','2024-06-30 21:24:05',1),(124,10,468000,'101AGD324182A5Q5',8,'9c698f0c-d668-40f9-83d1-898b71c1bb5a','2024-06-30','loan',NULL,13,'2024-06-30 21:24:14','2024-06-30 21:24:14',1),(125,13,15000,'MKFT0T98LY1XWAAB01JF1_2',8,'9c69c17f-f8ef-4041-a1ae-f091ccd8b35e','2024-06-30','fee','June 2024',NULL,'2024-06-30 23:45:18','2024-06-30 23:45:18',1),(126,13,50000,'MKFT0T98LY1XWAAB01JF1_1',8,'9c69c18e-b830-4db4-b270-1065ff95674c','2024-06-30','stock','June 2024',NULL,'2024-06-30 23:45:28','2024-06-30 23:45:28',1),(127,12,1102500,'410FTM4241850502',8,'9c6f6b8d-729e-491a-bfd8-cfd029f5eb22','2024-07-03','loan',NULL,14,'2024-07-03 19:19:57','2024-07-03 19:19:57',1),(128,8,15000,'MKFT0T9TLY4Q79R201CXM_',8,'9c74cf6f-fc1e-4dd0-8a59-61a28c5c1007','2024-07-02','fee','June 2024',NULL,'2024-07-06 11:38:23','2024-07-06 11:38:23',1),(129,8,50000,'MKFT0T9TLY4Q79R201CXM',8,'9c74cf79-591e-4557-8e15-829a078aa8b9','2024-07-02','stock','June 2024',NULL,'2024-07-06 11:38:29','2024-07-06 11:38:29',1),(130,9,1500,'MKFT0X30LYLKV09S01I3G-1',8,'9c854e81-24ee-4c2b-9116-29cd3d733e20','2024-07-14','stock penalty','May 2024',NULL,'2024-07-14 16:26:56','2024-07-14 16:26:56',1),(131,9,1500,'MKFT0X30LYLKV09S01I3G',8,'9c854e89-98b2-4e8b-927e-9688938cbd64','2024-07-14','fee penalty','May 2024',NULL,'2024-07-14 16:27:02','2024-07-14 16:27:02',1),(132,13,1000,'MKFT0X30LYLQ5G9F01BGH_1',8,'9c858228-167b-4307-be29-f34c25f2dd8f','2024-07-14','loan',NULL,10,'2024-07-14 18:51:22','2024-07-14 18:51:22',1),(133,13,50200,'MKFT0RXKLWI7CH4901J8X_10',8,'9c858231-c07a-444f-993f-22221d2df427','2024-05-22','loan',NULL,10,'2024-07-14 18:51:28','2024-07-14 18:51:28',1),(134,10,15000,'101AGD124200A4DP',8,'9c8dcddf-4ae2-4abd-8885-57689a06174f','2024-07-18','fee','June 2024',NULL,'2024-07-18 21:49:42','2024-07-18 21:49:42',1),(135,11,126000,'MKFTOXLLLYYLXR8501DCO-2',8,'9c98cbbb-ae8c-4b74-8502-ef070e876766','2024-07-23','loan',NULL,17,'2024-07-24 08:57:50','2024-07-24 08:57:50',1),(136,11,15000,'MKFTOXLLLYYLXR8501DCO-4',8,'9c98cbc5-7ec3-4126-a94d-051fa96eb17c','2024-07-23','fee','July 2024',NULL,'2024-07-24 08:57:56','2024-07-24 08:57:56',1),(137,11,50000,'MKFTOXLLLYYLXR8501DCO-3',8,'9c98cbec-c905-4d85-86c2-053d652eed8f','2024-07-23','stock','July 2024',NULL,'2024-07-24 08:58:22','2024-07-24 08:58:22',1),(138,9,368000,'MKFT0XLLLYZPHOCY01ATE',8,'9c992f65-a38b-413b-9448-fb03a607ae96','2024-07-24','loan',NULL,15,'2024-07-24 13:36:31','2024-07-24 13:36:31',1),(139,8,50000,'101AGD224211A5EF_1',8,'9ca3b91a-899e-418e-b737-ec2dfa9f7c92','2024-07-29','stock','July 2024',NULL,'2024-07-29 19:19:51','2024-07-29 19:19:51',1),(140,8,6000,'101AGD224211A5EF_3',8,'9ca3b922-0175-4d94-a17b-f15db7526ccb','2024-07-29','fee penalty','July 2024',NULL,'2024-07-29 19:19:56','2024-07-29 19:19:56',1),(141,8,15000,'101AGD224211A5EF_2',8,'9ca3b928-1421-4472-9421-64966bf06fa2','2024-07-29','fee','July 2024',NULL,'2024-07-29 19:20:00','2024-07-29 19:20:00',1),(142,12,50000,'410FTM2242120011 - 1',8,'9ca59826-1950-4072-a59f-f6bee07766af','2024-07-30','stock','July 2024',NULL,'2024-07-30 17:39:21','2024-07-30 17:39:21',1),(143,12,15000,'410FTM2242120011 - 2',8,'9ca5982c-927f-4f83-809f-8b89dfa84f68','2024-07-30','fee','July 2024',NULL,'2024-07-30 17:39:25','2024-07-30 17:39:25',1),(144,12,126000,'410FTM2242120011 - 3',8,'9ca59837-f9e6-4dd8-98fb-54e70040ffb2','2024-07-30','loan',NULL,11,'2024-07-30 17:39:33','2024-07-30 17:39:33',1),(145,9,85000,'MKFT0XO7LZ9JMO36014UB-2',8,'9ca70f7f-adcf-4baa-9e84-a6c1856ef286','2024-07-31','stock','July 2024',NULL,'2024-07-31 11:08:54','2024-07-31 11:08:54',1),(146,9,15000,'MKFT0XO7LZ9JMO36014UB-1',8,'9ca70f86-f8e1-4180-82cf-d85226397737','2024-07-31','fee','July 2024',NULL,'2024-07-31 11:08:59','2024-07-31 11:08:59',1),(147,10,468000,'101AGD324213B3ES',8,'9ca7d8a9-a90b-41a6-96b5-8c70ee8e06d0','2024-07-31','loan',NULL,13,'2024-07-31 20:31:24','2024-07-31 20:31:24',1),(148,10,100000,'101AGD324213B3ES-1',8,'9ca7d8b5-88fd-4954-ac0e-de83499e1533','2024-07-31','stock','July 2024',NULL,'2024-07-31 20:31:32','2024-07-31 20:31:32',1),(149,10,15000,'101AGD324213B3ES-2',8,'9ca7d8c3-3b9f-440e-8d04-644b17a07289','2024-07-31','fee','July 2024',NULL,'2024-07-31 20:31:41','2024-07-31 20:31:41',1),(150,13,100000,'MKFT0XMVLZA6HS7AFW726C_2',8,'9ca7f845-e94f-44f4-a805-c1bfee54f9dc','2024-07-31','stock','July 2024',NULL,'2024-07-31 21:59:48','2024-07-31 21:59:48',1),(151,13,15000,'MKFT0XMVLZA6HS7AFW726C_1',8,'9ca7f853-eeb5-4bfc-b31f-c1cff3b317ff','2024-07-31','fee','July 2024',NULL,'2024-07-31 21:59:57','2024-07-31 21:59:57',1),(152,1,200000,'1910DACO2AB89A5B',8,'9ca96e49-bf0e-4cfb-b599-4afe4dfb66a2','2024-08-01','stock','July 2024',NULL,'2024-08-01 15:25:37','2024-08-01 15:25:37',1),(153,1,15000,'1910DACO2AB89A5B-1',8,'9ca96e59-c69e-4772-96b3-cffa46016bc4','2024-08-01','fee','July 2024',NULL,'2024-08-01 15:25:47','2024-08-01 15:25:47',1),(154,10,400000,'101AGD224215C4T2',8,'9cad376d-35c4-4850-8c8d-84862bbac9d0','2024-08-02','stock','August 2024',NULL,'2024-08-03 12:35:31','2024-08-03 12:35:31',1),(155,9,85000,'MKFT0XW8M04Z8ST301C5J-2',8,'9cd34d7b-e8f3-4590-b634-90851267e1d9','2024-08-22','stock','August 2024',NULL,'2024-08-22 10:58:39','2024-08-22 10:58:39',1),(156,9,15000,'MKFT0XW8M04Z8ST301C5J-1',8,'9cd34d8f-fd33-4708-badd-9b61d37063a8','2024-08-22','fee','August 2024',NULL,'2024-08-22 10:58:53','2024-08-22 10:58:53',1),(157,9,300000,'MKFT0JXW9M04Z2CAB01B5A',8,'9cd34ee2-4d85-4e99-b3d9-dd20680d5178','2024-08-22','loan',NULL,15,'2024-08-22 11:02:34','2024-08-22 11:02:34',1),(158,11,126000,'MKFTOXW8M07WZ29G01J1R-2',8,'9cd8380b-8f79-45c1-a82e-d865f63145f4','2024-08-24','loan',NULL,17,'2024-08-24 21:37:51','2024-08-24 21:37:51',1),(159,11,50000,'MKFTOXW8M07WZ29G01J1R-4',8,'9cd8381c-d466-43e0-aa51-b4308a48d5af','2024-08-24','stock','August 2024',NULL,'2024-08-24 21:38:02','2024-08-24 21:38:02',1),(160,11,15000,'MKFTOXW8M07WZ29G01J1R-3',8,'9cd8382c-d5b4-482b-ae15-6f4a84516f0a','2024-08-24','fee','August 2024',NULL,'2024-08-24 21:38:13','2024-08-24 21:38:13',1),(161,11,525000,'MKFTOXW8M07WZ29G01J1R-1',8,'9cd83838-3509-4a4a-a4c5-8a7e32884d97','2024-08-24','loan',NULL,18,'2024-08-24 21:38:20','2024-08-24 21:38:20',1),(162,1,15000,'247AGPS242395E7V-1',8,'9cdb33dd-7916-406f-a82d-1fd834c98639','2024-08-26','fee','August 2024',NULL,'2024-08-26 09:13:39','2024-08-26 09:13:39',1),(163,1,200000,'247AGPS242395E7V',8,'9cdb33e8-e019-4b0a-8823-ca7f3a37e586','2024-08-26','stock','August 2024',NULL,'2024-08-26 09:13:46','2024-08-26 09:13:46',1),(164,12,126000,'410FTM2242390017-3',8,'9cddb01c-3a74-49cb-8a0b-b6aa0a9bb9d3','2024-08-26','loan',NULL,11,'2024-08-27 14:52:43','2024-08-27 14:52:43',1),(165,12,15000,'410FTM2242390017-2',8,'9cddb026-5b96-44ec-8cca-004bf9bc8733','2024-08-26','fee','August 2024',NULL,'2024-08-27 14:52:50','2024-08-27 14:52:50',1),(166,12,50000,'410FTM2242390017-1',8,'9cddb031-c3a6-496e-81f6-fa42b6187c80','2024-08-26','stock','August 2024',NULL,'2024-08-27 14:52:57','2024-08-27 14:52:57',1),(167,8,15000,'191a84ddcc427864_2',8,'9ce7efbf-e957-4eea-805a-b368cbcf84e7','2024-08-31','fee','August 2024',NULL,'2024-09-01 17:08:57','2024-09-01 17:08:57',1),(168,8,50000,'191a84ddcc427864_1',8,'9ce7efd1-c057-42ce-87a0-617c5a5f94bf','2024-08-31','stock','August 2024',NULL,'2024-09-01 17:09:08','2024-09-01 17:09:08',1),(169,10,15000,'101AGD224245C00R -1',8,'9ce83384-b7e0-4b1b-9974-4155256da450','2024-09-01','fee','August 2024',NULL,'2024-09-01 20:18:26','2024-09-01 20:18:26',1),(170,10,468000,'101AGD224245C00R',8,'9ce83391-d08f-47e3-9d3e-17ec53011eed','2024-09-01','loan',NULL,13,'2024-09-01 20:18:35','2024-09-01 20:18:35',1),(171,13,106000,'MKFT0XW7M0QDUUA301KQK_1',8,'9cf16e32-9867-4df7-82bf-65695bb8b417','2024-09-06','stock','August 2024',NULL,'2024-09-06 10:24:58','2024-09-06 10:24:58',1),(172,13,15000,'MKFT0XW7M0QDTKCY01FRE_1',8,'9cf16e5f-c37a-463e-9246-87910eec6242','2024-09-06','fee','August 2024',NULL,'2024-09-06 10:25:28','2024-09-06 10:25:28',1),(173,13,6000,'MKFT0XW7M0QDTKCY01FRE_2',8,'9cf16e6c-a0e5-494d-a23b-9deb381280a9','2024-09-06','fee penalty','August 2024',NULL,'2024-09-06 10:25:36','2024-09-06 10:25:36',1),(174,10,210000,'MKFT0Y97M0XVGLS001DKL',8,'9cfc2047-80a3-4f2f-b8bb-40107c255df6','2024-09-11','loan',NULL,20,'2024-09-11 18:01:12','2024-09-11 18:01:12',1),(175,13,6000,'MKFT0XW7M0QDUUA301KQK_3',8,'9cfc20ac-95e8-49d4-b8c9-513cd0965ba3','2024-09-06','stock penalty','August 2024',NULL,'2024-09-11 18:02:18','2024-09-11 18:02:18',1),(176,9,34000,'MKFT0XW9M1I0FQEA01I49-1',8,'9d1859d1-adae-44cd-8d06-d80f272897c6','2024-09-25','loan',NULL,15,'2024-09-25 18:45:16','2024-09-25 18:45:16',1),(177,9,50000,'MKFT0XW9M1I0FQEA01I49-2',8,'9d1859e0-8081-4dcc-b3b5-dde8e1ecf167','2024-09-25','stock','September 2024',NULL,'2024-09-25 18:45:26','2024-09-25 18:45:26',1),(178,9,15000,'MKFT0XW9M1I0FQEA01I49-3',8,'9d1859ee-12d9-4677-9da6-f7e40aca50eb','2024-09-25','fee','September 2024',NULL,'2024-09-25 18:45:35','2024-09-25 18:45:35',1),(179,11,126000,'MKFTOZVQM115UOBJ01NOD-1',8,'9d1891b5-97de-4482-928f-caa1a4f11fb1','2024-09-25','loan',NULL,17,'2024-09-25 21:21:33','2024-09-25 21:21:33',1),(180,11,50000,'MKFTOZVQM115UOBJ01NOD-3',8,'9d1891d1-2ca2-4690-8995-13a7ec27249f','2024-09-25','stock','September 2024',NULL,'2024-09-25 21:21:51','2024-09-25 21:21:51',1),(181,11,15000,'MKFTOZVQM115UOBJ01NOD-2',8,'9d1891e2-9a36-46fe-bc8e-ae26c0864ebe','2024-09-25','fee','September 2024',NULL,'2024-09-25 21:22:03','2024-09-25 21:22:03',1),(182,1,15000,'1922CCEB6EB26A6B-1',8,'9d1992fc-746e-41eb-87a0-e17ec60780a0','2024-09-26','fee','September 2024',NULL,'2024-09-26 09:20:57','2024-09-26 09:20:57',1),(183,1,500000,'1922CCEB6EB26A6B',8,'9d19930a-355d-4009-a76f-084e671b14e6','2024-09-26','stock','September 2024',NULL,'2024-09-26 09:21:06','2024-09-26 09:21:06',1),(184,12,15000,'410FTM2242710010-3',8,'9d1bd163-c2ac-4478-9407-0e350aafa368','2024-09-27','fee','September 2024',NULL,'2024-09-27 12:07:06','2024-09-27 12:07:06',1),(185,12,50000,'410FTM2242710010-2',8,'9d1bd17a-d7de-43f8-b0d5-2134991228ef','2024-09-27','stock','September 2024',NULL,'2024-09-27 12:07:21','2024-09-27 12:07:21',1),(186,12,126000,'410FTM2242710010 -1',8,'9d1bd186-d38f-44cd-af71-dd1045e6b42c','2024-09-27','loan',NULL,11,'2024-09-27 12:07:29','2024-09-27 12:07:29',1),(187,10,468000,'101AGD324275B5EI',8,'9d24b7b2-d893-4ff9-bef6-61f7334c3ffd','2024-10-01','loan',NULL,13,'2024-10-01 22:17:43','2024-10-01 22:17:43',1),(188,10,15000,'101AGD324275B5EI-2',8,'9d24b7c4-5f3a-4db4-9bd9-a0ad8f7591d8','2024-10-01','fee','September 2024',NULL,'2024-10-01 22:17:54','2024-10-01 22:17:54',1),(189,10,50000,'101AGD324275B5EI -1',8,'9d24b7cf-ca58-4218-ae68-dc5fa2c6a045','2024-10-01','stock','September 2024',NULL,'2024-10-01 22:18:02','2024-10-01 22:18:02',1),(190,13,1500,'MKFT104VM1TEMTCE48399R_4',8,'9d289b54-a03c-4e0b-8fcc-f0e5c43ad2d8','2024-10-03','fee penalty','September 2024',NULL,'2024-10-03 20:41:42','2024-10-03 20:41:42',1),(191,13,15000,'MKFT104VM1TEMTCE48399R_3',8,'9d289b6b-6efe-41f1-b17f-25c238c83b44','2024-10-03','fee','September 2024',NULL,'2024-10-03 20:41:57','2024-10-03 20:41:57',1),(192,13,1500,'MKFT104VM1TEMTCE48399R_2',8,'9d289b79-2f2b-43c4-a522-0d6d74c705bd','2024-10-03','stock penalty','September 2024',NULL,'2024-10-03 20:42:06','2024-10-03 20:42:06',1),(193,13,120000,'MKFT104VM1TEMTCE48399R_1',8,'9d289b89-b6f6-4c68-92b6-5c4633f457bc','2024-10-03','stock','September 2024',NULL,'2024-10-03 20:42:17','2024-10-03 20:42:17',1),(194,9,52500,'MKFT104VM1YXZOBC01H0P-2',8,'9d309cab-e79b-4164-aa76-6ce72a378a07','2024-10-07','loan',NULL,19,'2024-10-07 20:12:05','2024-10-07 20:12:05',1),(195,9,1050000,'MKFT104VM1YXZOBC01H0P-1',8,'9d309cbd-0ce2-438f-9f1e-852ec4eeb28e','2024-10-07','loan',NULL,19,'2024-10-07 20:12:16','2024-10-07 20:12:16',1),(196,8,50000,'101AGD224283E1R2_1',8,'9d358da7-67f8-44c2-b1f0-c13378e8ec9d','2024-10-09','stock','September 2024',NULL,'2024-10-10 07:09:13','2024-10-10 07:09:13',1),(197,8,16500,'101AGD224283E1R2_2',8,'9d358dbd-fb63-4a0b-bde6-5c495bcaaf80','2024-10-09','stock penalty','September 2024',NULL,'2024-10-10 07:09:28','2024-10-10 07:09:28',1),(198,8,15000,'101AGD224283E1R2_3',8,'9d358dbe-fba8-4494-a353-ea2044c43d34','2024-10-09','fee','September 2024',NULL,'2024-10-10 07:09:29','2024-10-10 07:09:29',1),(199,8,8500,'101AGD224283E1R2_4',8,'9d358dd4-6584-4f86-8e53-4f1f4fde843d','2024-10-09','fee penalty','September 2024',NULL,'2024-10-10 07:09:43','2024-10-10 07:09:43',1),(200,1,100000,'192BDF8D5CF748E6-2',8,'9d5242d2-3f32-414b-9ddc-bef66929f2fe','2024-10-24','loan',NULL,24,'2024-10-24 18:38:59','2024-10-24 18:38:59',1),(201,1,15000,'192BDF8D5CF748E6-1',8,'9d5242d9-b187-4cc4-b0d1-87604ffc8784','2024-10-24','fee','October 2024',NULL,'2024-10-24 18:39:04','2024-10-24 18:39:04',1),(202,1,100000,'192BDF8D5CF748E6',8,'9d5242e1-11d9-48c4-a9b6-7eab619d7700','2024-10-24','stock','October 2024',NULL,'2024-10-24 18:39:09','2024-10-24 18:39:09',1),(203,11,15000,'MKFT104VM20HJKIRQ7JA2M-3',8,'9d541eb4-6721-42a4-af62-949caab93c33','2024-10-25','fee','October 2024',NULL,'2024-10-25 16:49:39','2024-10-25 16:49:39',1),(204,11,50000,'MKFT104VM20HJKIRQ7JA2M-2',8,'9d541ebc-91e2-40e1-9f15-49b3a6824257','2024-10-25','stock','October 2024',NULL,'2024-10-25 16:49:44','2024-10-25 16:49:44',1),(205,11,210000,'MKFT104VM20HJKIRQ7JA2M-1',8,'9d541ec7-8f9c-4751-8ed9-0b36dbfc82fa','2024-10-25','loan',NULL,23,'2024-10-25 16:49:52','2024-10-25 16:49:52',1),(206,12,15000,'410FTM2243000024-1',8,'9d56ddec-07ae-4c50-9fc6-7a7c6468b2cc','2024-10-26','fee','October 2024',NULL,'2024-10-27 01:35:59','2024-10-27 01:35:59',1),(207,12,50000,'410FTM2243000024-2',8,'9d56de02-386d-43cd-8cee-56dc28095f40','2024-10-26','stock','October 2024',NULL,'2024-10-27 01:36:14','2024-10-27 01:36:14',1),(208,12,126000,'410FTM2243000024-3',8,'9d56de0e-9b3b-447a-acd8-2930f6605336','2024-10-26','loan',NULL,11,'2024-10-27 01:36:22','2024-10-27 01:36:22',1),(209,13,1080000,'MKFT10DWM2XO3ZQQ01D1W_R3',8,'9d61d509-d632-4037-a205-f73566ee5249','2024-10-31','loan',NULL,22,'2024-11-01 12:25:15','2024-11-01 12:25:15',1),(210,13,105000,'MKFT10DWM2X03ZQQ01D1W_R2',8,'9d61d514-287e-456b-8efd-3eba2b3194ac','2024-10-31','stock','October 2024',NULL,'2024-11-01 12:25:22','2024-11-01 12:25:22',1),(211,13,15000,'MKFT10DWM2XO3ZQQ01D1W_R1',8,'9d61d51d-6fba-4b83-a10e-29196e2b011f','2024-10-31','fee','October 2024',NULL,'2024-11-01 12:25:28','2024-11-01 12:25:28',1),(212,8,3500,'101AGD224306E34R_3',8,'9d62fc54-1e6c-4c77-a8e6-b55c725622f6','2024-11-01','fee penalty','October 2024',NULL,'2024-11-02 02:10:57','2024-11-02 02:10:57',1),(213,8,50000,'101AGD224306E34R',8,'9d62fc64-b9d3-44a9-8150-db3a655b50fd','2024-11-01','stock','October 2024',NULL,'2024-11-02 02:11:08','2024-11-02 02:11:08',1),(214,8,1500,'101AGD224306E34R_2',8,'9d62fc72-332a-4fb5-ac9d-97720c8358e4','2024-11-01','stock penalty','October 2024',NULL,'2024-11-02 02:11:16','2024-11-02 02:11:16',1),(215,8,15000,'101AGD224306E34R_1',8,'9d62fc80-cf57-4251-a7e2-86798d21df97','2024-11-01','fee','October 2024',NULL,'2024-11-02 02:11:26','2024-11-02 02:11:26',1),(216,10,15000,'101AGD2243087756-1',8,'9d669fd0-05ec-401b-a0e6-726e0b898f5f','2024-11-03','fee','October 2024',NULL,'2024-11-03 22:35:34','2024-11-03 22:35:34',1),(217,10,100000,'101AGD2243087756',8,'9d669fdc-e4d4-40f9-ac45-1b51f416a59e','2024-11-03','stock','October 2024',NULL,'2024-11-03 22:35:42','2024-11-03 22:35:42',1),(218,9,234000,'MKFT104VM3CQ2IKS1SY4NR8-1',8,'9d76402f-2db6-460e-ab0b-327314bf3040','2024-11-11','loan',NULL,15,'2024-11-11 17:01:25','2024-11-11 17:01:25',1),(219,9,15000,'MKFT104VM3CQ2IKS1SY4NR8-3',8,'9d76403a-7cce-4250-bdad-ab49cbf1ae46','2024-11-11','fee','October 2024',NULL,'2024-11-11 17:01:32','2024-11-11 17:01:32',1),(220,9,50000,'MKFT104VM3CQ2IKS1SY4NR8-2.2',8,'9d764043-6a8f-48a5-baf3-43a51e8101ce','2024-11-11','stock','October 2024',NULL,'2024-11-11 17:01:38','2024-11-11 17:01:38',1),(221,9,13500,'MKFT104VM3CQB40NQ7JAEX-2',8,'9d764051-8446-494a-b9b1-ee4ec2351e41','2024-11-11','stock penalty','October 2024',NULL,'2024-11-11 17:01:47','2024-11-11 17:01:47',1),(222,9,13500,'MKFT104VM3CQB40NQ7JAEX-1',8,'9d76405a-a769-4bf7-9966-b7ad8ca949bb','2024-11-11','fee penalty','October 2024',NULL,'2024-11-11 17:01:53','2024-11-11 17:01:53',1),(223,9,100000,'MKFT140TM3RUNEU501NRG',8,'9d8c062a-2af2-44e5-94ab-e9d524200e45','2024-11-22','loan',NULL,15,'2024-11-22 12:47:24','2024-11-22 12:47:24',1),(224,9,1102500,'MKFT14OSM3SZIU5X01FPK',8,'9d8d239d-7208-4aac-9c14-4b1775efbaa4','2024-11-22','loan',NULL,25,'2024-11-23 02:05:34','2024-11-23 02:05:34',1),(225,1,453500,'19371440D6C68A8E-1',8,'9d984b9a-b121-4c1a-a284-9c625e8c9aee','2024-11-28','loan',NULL,24,'2024-11-28 15:11:30','2024-11-28 15:11:30',1),(226,1,100000,'19371440D6C68A8E-2',8,'9d984ba4-0c68-4a7a-8092-761ddd8566d4','2024-11-28','stock','November 2024',NULL,'2024-11-28 15:11:36','2024-11-28 15:11:36',1),(227,1,15000,'19371440D6C68A8E-3',8,'9d984bae-e3eb-4298-8a9b-ea2c1acf30b7','2024-11-28','fee','November 2024',NULL,'2024-11-28 15:11:43','2024-11-28 15:11:43',1),(228,10,55000,'101AGD324336A42M-4',8,'9d9f640a-94ed-4d95-9f99-31ff44cb3223','2024-12-01','stock','November 2024',NULL,'2024-12-02 03:50:37','2024-12-02 03:50:37',1),(229,10,15000,'101AGD324336A42M-1',8,'9d9f641a-b61c-46b7-b9b8-a4d565d9afe4','2024-12-01','fee','November 2024',NULL,'2024-12-02 03:50:48','2024-12-02 03:50:48',1),(230,10,468000,'101AGD324336A42M -2',8,'9d9f6427-add3-4db5-91dc-2e7a2f61c77c','2024-12-01','loan',NULL,13,'2024-12-02 03:50:56','2024-12-02 03:50:56',1),(231,8,15000,'101AGD224336C40D_1',8,'9d9f6c26-3cc1-4447-8fbf-e2a7a16b08ac','2024-12-01','fee','December 2024',NULL,'2024-12-02 04:13:18','2024-12-02 04:13:18',1),(232,8,50000,'101AGD224336C40D',8,'9d9f6c38-67ad-4dd8-9e79-5bb3cdf0defe','2024-12-01','stock','November 2024',NULL,'2024-12-02 04:13:29','2024-12-02 04:13:29',1),(233,9,4500,'MKFT15FYM4B5O1RFID9OE-2',8,'9da6dc40-5834-4bb9-a82b-a2e03eeed4be','2024-12-05','fee penalty','November 2024',NULL,'2024-12-05 20:57:33','2024-12-05 20:57:33',1),(234,9,15000,'MKFT15FYM4B5O1RFID9OE-1',8,'9da6dc47-2c03-4d11-8d7d-c6ed0cfe22ee','2024-12-05','fee','November 2024',NULL,'2024-12-05 20:57:37','2024-12-05 20:57:37',1),(235,12,9000,'410FTM2243430503-3',8,'9dacc269-2c38-4d8b-8736-f8a5c9cf0292','2024-12-08','fee penalty','November 2024',NULL,'2024-12-08 19:20:16','2024-12-08 19:20:16',1),(236,12,15000,'410FTM2243430503-2',8,'9dacc272-326f-4278-a3e9-b36053f284c3','2024-12-08','fee','November 2024',NULL,'2024-12-08 19:20:22','2024-12-08 19:20:22',1),(237,12,9000,'410FTM2243430503-1',8,'9dacc27e-487c-432f-8eea-14e8000950c6','2024-12-08','stock penalty','November 2024',NULL,'2024-12-08 19:20:29','2024-12-08 19:20:29',1),(238,12,50000,'410FTM2243430503',8,'9dacc28b-398e-4838-ae5b-a2f4040626d4','2024-12-08','stock','November 2024',NULL,'2024-12-08 19:20:38','2024-12-08 19:20:38',1),(239,11,525000,'MKFT15GTM4HONJXJ9OD2MY',8,'9daef873-d623-48d9-8f0c-9f426963dd02','2024-12-09','loan',NULL,27,'2024-12-09 21:43:02','2024-12-09 21:43:02',1),(240,9,12000,'MKFT15FYM4I5E6HKFIDIL2-2',8,'9db09242-f8fe-45c5-be07-057d7ef07f2c','2024-12-10','stock penalty','November 2024',NULL,'2024-12-10 16:48:56','2024-12-10 16:48:56',1),(241,9,379700,'MKFT15FYM4I58ZY0FICSSJ',8,'9db09276-17c8-4c87-b4b4-973aef7d57cc','2024-12-10','loan',NULL,15,'2024-12-10 16:49:30','2024-12-10 16:49:30',1),(242,9,50000,'MKFT15FYM4I5E6HKFIDIL2-1',8,'9db09286-a455-44f0-91ec-e8bee7aeae2b','2024-12-10','stock','November 2024',NULL,'2024-12-10 16:49:41','2024-12-10 16:49:41',1),(243,9,11700,'MKFT15GTM4I5ZF8Q01FFN',8,'9db0956c-9f15-4fc0-ab63-804aa19ed2e8','2024-12-10','loan',NULL,15,'2024-12-10 16:57:47','2024-12-10 16:57:47',1),(244,10,700000,'101AGD324345B5GK',8,'9db138c0-8527-4bf4-b232-dc191d1d144e','2024-12-10','loan',NULL,21,'2024-12-11 00:34:29','2024-12-11 00:34:29',1),(245,11,16500,'MKFT187UM4M7QIA601IVJ-2',8,'9db65c38-2d13-4654-b8ad-fce77702bd1e','2024-12-13','stock penalty','November 2024',NULL,'2024-12-13 13:52:47','2024-12-13 13:52:47',1),(246,11,16500,'MKFT187UM4M7QIA601IVJ-1',8,'9db65c40-f146-440b-b8c7-923f7d0f0a22','2024-12-13','fee penalty','November 2024',NULL,'2024-12-13 13:52:53','2024-12-13 13:52:53',1),(247,1,500000,'193DE4C718B21903',8,'9dc2dcb7-b3df-44b2-b0c8-9b0f339e666d','2024-12-19','loan',NULL,28,'2024-12-19 19:02:02','2024-12-19 19:02:02',1),(248,1,550000,'MKFT187UM4XZKO7Z01KTR',8,'9dc70ef2-b6dd-4446-9686-d936e9379725','2024-12-21','loan',NULL,28,'2024-12-21 21:05:48','2024-12-21 21:05:48',1),(249,13,28500,'MKFT187VM4Y38VT501BXL_6',8,'9dc70f08-7692-45a1-b5ee-41b68855c792','2024-12-21','fee penalty','November 2024',NULL,'2024-12-21 21:06:02','2024-12-21 21:06:02',1),(250,13,15000,'MKFT187VM4Y38VT501BXL_5',8,'9dc70f0f-41f6-4afe-9eff-e98c3d57c76b','2024-12-21','fee','November 2024',NULL,'2024-12-21 21:06:07','2024-12-21 21:06:07',1),(251,13,28500,'MKFT187VM4Y38VT501BXL_4',8,'9dc70f17-a259-44cf-83c6-9dc22d8ca600','2024-12-21','stock penalty','November 2024',NULL,'2024-12-21 21:06:12','2024-12-21 21:06:12',1),(252,13,100000,'MKFT187VM4Y38VT501BXL_3',8,'9dc70f2c-55ec-4305-8aad-e8533cdf8f4e','2024-12-21','stock','November 2024',NULL,'2024-12-21 21:06:26','2024-12-21 21:06:26',1),(253,13,882000,'MKFT187VM4Y38VT501BXL_2',8,'9dc70f35-a8a0-4c64-9c34-794177c1e68b','2024-12-21','loan',NULL,26,'2024-12-21 21:06:32','2024-12-21 21:06:32',1),(254,13,1134000,'MKFT187VM4Y38VT501BXL_1',8,'9dc70f3e-238f-4e0b-b9ff-9657c75eae39','2024-12-21','loan',NULL,22,'2024-12-21 21:06:37','2024-12-21 21:06:37',1),(255,10,25500,'MP241221.1649X66944',8,'9dc737ec-d90a-4293-a149-37fe85b0f89d','2024-12-21','fee penalty','November 2024',NULL,'2024-12-21 23:00:23','2024-12-21 23:00:23',1),(256,10,1500,'MP241221.1649X66944-1',8,'9dc737f4-d0d1-415e-881b-4c448c11c302','2024-12-21','stock penalty','October 2024',NULL,'2024-12-21 23:00:28','2024-12-21 23:00:28',1),(257,12,1102500,'closing year USK',8,'9dc75637-9d3e-4046-bc2b-9bd8f70a1129','2024-12-21','loan',NULL,16,'2024-12-22 00:25:05','2024-12-22 00:25:05',1),(258,10,71750,'Closing 24',8,'9dc75652-81f3-4815-9a3b-845949c5d110','2024-12-21','loan',NULL,21,'2024-12-22 00:25:23','2024-12-22 00:25:23',1),(259,10,538200,'Closing -24',8,'9dc756bb-8eb4-4930-8adb-98c239100780','2024-12-21','loan',NULL,13,'2024-12-22 00:26:31','2024-12-22 00:26:31',1),(260,8,2971750,'Closing Year - Noel',8,'9dc756e7-6a05-495f-af6d-48ea4a62c640','2024-12-21','loan',NULL,6,'2024-12-22 00:27:00','2024-12-22 00:27:00',1),(261,9,1050000,'CLOSING-OLD-LOANS',8,'9dc75838-f9c1-41a6-85f1-457c81048f7e','2024-12-21','loan',NULL,29,'2024-12-22 00:30:41','2024-12-22 00:30:41',1),(262,10,23400,'Closing: 24',8,'9dc7585b-8d7f-4cd5-ad71-e77f6085207c','2024-12-21','loan',NULL,13,'2024-12-22 00:31:04','2024-12-22 00:31:04',1),(263,1,9000,'1944517DDA16490C-1',8,'9deb0678-a228-424a-a86c-eac02bdfffc4','2025-01-08','fee penalty','December 2024',NULL,'2025-01-08 18:11:54','2025-01-08 18:11:54',2),(264,1,15000,'1944517DDA16490C',8,'9deb0686-1ce6-4e56-98b7-dc5e46a659ea','2025-01-08','fee','December 2024',NULL,'2025-01-08 18:12:03','2025-01-08 18:12:03',2),(265,9,9000,'MKFT18UBM5O0OWCI2GNDVT-4',8,'9deb845b-cda9-4b98-a564-4723466c9ec7','2025-01-08','stock penalty','December 2024',NULL,'2025-01-09 00:03:54','2025-01-09 00:03:54',2),(266,9,9000,'MKFT18UBM5O0OWCI2GNDVT-3',8,'9deb8474-7af7-497a-aac3-b991b8cdecec','2025-01-08','fee penalty','December 2024',NULL,'2025-01-09 00:04:11','2025-01-09 00:04:11',2),(267,9,15000,'MKFT18UBM5O0OWCI2GNDVT-2',8,'9deb8487-8af1-4022-b154-8d62e1c1ca46','2025-01-08','fee','December 2024',NULL,'2025-01-09 00:04:23','2025-01-09 00:04:23',2),(268,9,50000,'MKFT18UBM5O0OWCI2GNDVT-1',8,'9deb8492-7e7d-4f6f-91d1-c6ec28669c04','2025-01-08','stock','December 2024',NULL,'2025-01-09 00:04:30','2025-01-09 00:04:30',2),(269,8,15000,'101AGD225008E20E_4',8,'9debd84c-ddf6-4328-adf6-2a1c4e24e8b6','2025-01-08','fee','December 2024',NULL,'2025-01-09 03:58:37','2025-01-09 03:58:37',2),(270,8,50000,'101AGD225008E20E_3',8,'9debd85f-2977-4a32-8f21-645c218af815','2025-01-08','stock','December 2024',NULL,'2025-01-09 03:58:49','2025-01-09 03:58:49',2),(271,8,9000,'101AGD225008E20E_2',8,'9debd873-24e9-4cc6-89c8-b5cb635cbb27','2025-01-08','stock penalty','December 2024',NULL,'2025-01-09 03:59:03','2025-01-09 03:59:03',2),(272,8,9000,'101AGD225008E20E_1',8,'9debd889-27f3-4eb1-a934-040074ec9e23','2025-01-08','fee penalty','December 2024',NULL,'2025-01-09 03:59:17','2025-01-09 03:59:17',2),(273,1,50000,'1944747e51958b27',8,'9debdb4d-bd15-48e7-8e62-812f7f720fc9','2025-01-08','stock','December 2024',NULL,'2025-01-09 04:07:01','2025-01-09 04:07:01',2),(274,1,9000,'1944747e51958b27-1',8,'9debdb6d-2172-45a9-8ace-a25c383bdb1c','2025-01-08','stock penalty','December 2024',NULL,'2025-01-09 04:07:22','2025-01-09 04:07:22',2),(275,10,15000,'101AGD325011C104',8,'9df32b57-ad64-47a3-b39a-3fa1f698ad2d','2025-01-11','fee','December 2024',NULL,'2025-01-12 19:21:37','2025-01-12 19:21:37',2),(276,10,15000,'101AGD325011C104-1',8,'9df32b69-128f-4355-ad0e-54ba8a0e6099','2025-01-11','fee','January 2025',NULL,'2025-01-12 19:21:49','2025-01-12 19:21:49',2),(277,10,15000,'101AGD325011C104-2',8,'9df32b76-f49d-4043-9155-52016c4b3dda','2025-01-11','fee','February 2025',NULL,'2025-01-12 19:21:58','2025-01-12 19:21:58',2),(278,10,15000,'101AGD325011C104-4',8,'9df32b86-47ad-4d2f-999d-630fd2c9b98c','2025-01-11','fee','March 2025',NULL,'2025-01-12 19:22:08','2025-01-12 19:22:08',2),(279,10,15000,'101AGD325011C104-5',8,'9df32b98-421c-4a1d-aef5-fc75b037d0de','2025-01-11','fee','April 2025',NULL,'2025-01-12 19:22:20','2025-01-12 19:22:20',2),(280,10,15000,'101AGD325011C104-6',8,'9df32ba8-8a47-46bf-afea-703598cd8915','2025-01-11','fee','May 2025',NULL,'2025-01-12 19:22:30','2025-01-12 19:22:30',2),(281,10,15000,'101AGD325011C104-3',8,'9df32bb4-2638-4ad2-8886-52c3f42445d3','2025-01-11','fee','June 2025',NULL,'2025-01-12 19:22:38','2025-01-12 19:22:38',2),(282,10,100000,'101AGD325011C104-7',8,'9df32bc6-decf-4376-a097-0a0ff903a782','2025-01-11','stock','December 2024',NULL,'2025-01-12 19:22:50','2025-01-12 19:22:50',2),(283,10,395000,'101AGD325011C104-8',8,'9df32bd7-65ab-47b0-8781-2fde56d1233a','2025-01-11','stock','January 2025',NULL,'2025-01-12 19:23:01','2025-01-12 19:23:01',2),(284,1,15000,'194B1358E3C91A8D-1',8,'9e153e88-46c0-436a-9936-8c41321df4d0','2025-01-29','fee','January 2025',NULL,'2025-01-29 10:53:26','2025-01-29 10:53:26',2),(285,1,300000,'194B1358E3C91A8D',8,'9e153e8f-a067-4b76-83af-1b7d22d9d908','2025-01-29','stock','January 2025',NULL,'2025-01-29 10:53:31','2025-01-29 10:53:31',2),(286,12,15000,'410FTM2250300017-6',8,'9e180d69-e1df-4854-acb6-5df1b75c565a','2025-01-30','fee','January 2025',NULL,'2025-01-30 20:23:34','2025-01-30 20:23:34',2),(287,12,100000,'410FTM2250300017-5',8,'9e180d75-9dfb-4180-b815-ea9c1733ebd4','2025-01-30','stock','January 2025',NULL,'2025-01-30 20:23:42','2025-01-30 20:23:42',2),(288,12,50000,'410FTM2250300017-4',8,'9e180d81-f384-4e2e-83c2-b38f97583d9e','2025-01-30','stock','December 2024',NULL,'2025-01-30 20:23:50','2025-01-30 20:23:50',2),(289,12,15000,'410FTM2250300017-3',8,'9e180d8d-eb13-4952-8fe3-4965796cf4a9','2025-01-30','fee','December 2024',NULL,'2025-01-30 20:23:58','2025-01-30 20:23:58',2),(290,12,42000,'410FTM2250300017-2',8,'9e180d98-f253-4276-bee4-47f7d8e2d61e','2025-01-30','fee penalty','December 2024',NULL,'2025-01-30 20:24:05','2025-01-30 20:24:05',2),(291,12,42000,'410FTM2250300017 -1',8,'9e180da4-20b0-49c9-8a4d-f3f3c889ca92','2025-01-30','stock penalty','December 2024',NULL,'2025-01-30 20:24:12','2025-01-30 20:24:12',2),(292,9,50000,'MKFT1OXVM6L4EI8T01EWI-2',8,'9e1b0d7b-0635-4992-9a79-cb0c7fa0e18c','2025-01-31','stock','January 2025',NULL,'2025-02-01 08:11:14','2025-02-01 08:11:14',2),(293,9,15000,'MKFT1OXVM6L4EI8T01EWI-1',8,'9e1b0d91-1d4e-49ed-a600-c9ffb46b2249','2025-01-31','fee','January 2025',NULL,'2025-02-01 08:11:29','2025-02-01 08:11:29',2),(294,11,50000,'MKFT1OXVM6M9HFMM01AE8-4',8,'9e1bbd38-3866-4edc-8385-2e6e4ae42985','2025-02-01','stock','January 2025',NULL,'2025-02-01 16:22:38','2025-02-01 16:22:38',2),(295,11,15000,'MKFT1OXVM6M9HFMM01AE8-3',8,'9e1bbd46-abe6-4a2b-a08f-d793ae3202cc','2025-02-01','fee','January 2025',NULL,'2025-02-01 16:22:48','2025-02-01 16:22:48',2),(296,11,45000,'MKFT1OXVM6M9HFMM01AE8-6',8,'9e1be896-b17d-41a3-9f0f-5c8432d7fd1a','2025-02-01','stock penalty','December 2024',NULL,'2025-02-01 18:23:54','2025-02-01 18:23:54',2),(297,8,50000,'101AGD225033C226_2',8,'9e1dece4-ee49-4ac9-850b-a63f19570285','2025-02-02','stock','January 2025',NULL,'2025-02-02 18:27:36','2025-02-02 18:27:36',2),(298,8,15000,'101AGD225033C226_1',8,'9e1decff-30d6-4ded-a156-f865f6419ed6','2025-02-02','fee','January 2025',NULL,'2025-02-02 18:27:53','2025-02-02 18:27:53',2),(299,11,1000000,'MKFT1POCM6UWLTFB0187V-1',8,'9e27e498-6519-41d1-981c-353f96fd474d','2025-02-07','stock','February 2025',NULL,'2025-02-07 17:22:41','2025-02-07 17:22:41',2),(300,11,45000,'MKFT1OXVM6M9HFMM01AE8-5',8,'9e27e546-9285-4429-b2b3-c7e5948b4e27','2025-02-01','fee penalty','December 2024',NULL,'2025-02-07 17:24:35','2025-02-07 17:24:35',2),(301,1,15000,'195378DC4BDFA847-1',8,'9e49bab3-c8be-4704-84a6-125c3b023eb8','2025-02-24','fee','February 2025',NULL,'2025-02-24 13:03:41','2025-02-24 13:03:41',2),(302,1,300000,'195378DC4BDFA847',8,'9e49bac0-c64e-4a71-a468-31d822cb8f41','2025-02-24','stock','February 2025',NULL,'2025-02-24 13:03:49','2025-02-24 13:03:49',2),(303,11,15000,'MKFT1U61M7IYXYOJF77DPD',8,'9e4a6fd6-ae0d-4a43-a433-3f9b8a072d2f','2025-02-24','fee','February 2025',NULL,'2025-02-24 21:30:11','2025-02-24 21:30:11',2),(304,10,324000,'101AGD225057B2JF',8,'9e4dda2b-e80c-4f41-99d0-6aff2ea44850','2025-02-26','loan',NULL,34,'2025-02-26 14:14:59','2025-02-26 14:14:59',2),(305,12,15000,'410FTM2250580516 - 2',8,'9e503266-e6e3-47cc-b0bd-c44fb73f2bdd','2025-02-27','fee','February 2025',NULL,'2025-02-27 18:13:21','2025-02-27 18:13:21',2),(306,12,100000,'410FTM2250580516 - 1',8,'9e50326d-56e3-4f33-aaee-dd5cfd731602','2025-02-27','stock','February 2025',NULL,'2025-02-27 18:13:25','2025-02-27 18:13:25',2),(307,8,50000,'101AGD22506E20NQ_1',8,'9e5a7219-4a46-4a72-829b-48ad6cb2c788','2025-03-04','stock','February 2025',NULL,'2025-03-04 20:29:45','2025-03-04 20:29:45',2),(308,8,3000,'101AGD22506E20NQ_4',8,'9e5a722a-557e-40ee-81a7-4a092f0f10b6','2025-03-04','stock penalty','February 2025',NULL,'2025-03-04 20:29:56','2025-03-04 20:29:56',2),(309,8,3000,'101AGD22506E20NQ_3',8,'9e5a7238-71d6-43ac-bda3-aa73bc0b60f1','2025-03-04','fee','February 2025',NULL,'2025-03-04 20:30:05','2025-03-04 20:30:05',2),(310,8,15000,'101AGD22506E20NQ_2',8,'9e5a7246-dc7d-431a-92cf-f727ff06b680','2025-03-04','fee','February 2025',NULL,'2025-03-04 20:30:14','2025-03-04 20:30:14',2),(311,9,6000,'MKFT1UG3M7WXF7C7014ZZ-4',8,'9e5d9eaa-d7b1-482d-a71b-790145150110','2025-03-06','stock penalty','February 2025',NULL,'2025-03-06 10:21:51','2025-03-06 10:21:51',2),(312,9,6000,'MKFT1UG3M7WXF7C7014ZZ-3',8,'9e5d9eb8-5975-436e-be03-c5ff7f53b28e','2025-03-06','fee penalty','February 2025',NULL,'2025-03-06 10:22:00','2025-03-06 10:22:00',2),(313,9,15000,'MKFT1UG3M7WXF7C7014ZZ-2',8,'9e5d9ec1-8e42-488b-8a7f-1f11c411fd87','2025-03-06','fee','February 2025',NULL,'2025-03-06 10:22:06','2025-03-06 10:22:06',2),(314,9,50000,'MKFT1UG3M7WXF7C7014ZZ-1',8,'9e5d9ecd-c4bb-4b00-91e4-c2d526705972','2025-03-06','stock','February 2025',NULL,'2025-03-06 10:22:14','2025-03-06 10:22:14',2),(315,10,50000,'101AGD225073A0B8-1',8,'9e6e101b-a609-45bc-924c-928e9f4871ea','2025-03-14','stock','March 2025',NULL,'2025-03-14 14:32:18','2025-03-14 14:32:18',2),(316,10,50000,'101AGD225073A0B8',8,'9e6e1029-6f5a-445b-84c3-c7a4ac59091e','2025-03-14','stock','February 2025',NULL,'2025-03-14 14:32:27','2025-03-14 14:32:27',2),(317,9,1050000,'MKFT1XL5M8HEDSP537AYVB-1',8,'9e7a3b74-344d-45b1-89f4-7eb12bfad911','2025-03-20','loan',NULL,30,'2025-03-20 15:43:26','2025-03-20 15:43:26',2),(318,9,52500,'MKFT1XL5M8HEDSP537AYVB-2',8,'9e7a3b7c-4b05-4a23-8efe-bb0e1a9c8b7d','2025-03-20','loan',NULL,30,'2025-03-20 15:43:32','2025-03-20 15:43:32',2),(319,11,15000,'MKFT1XLNM8L8WMT5P11ZLF-3',8,'9e7fb54c-cc0f-4a4c-883b-bf64e2942fdd','2025-03-23','fee','March 2025',NULL,'2025-03-23 09:03:17','2025-03-23 09:03:17',2),(320,11,200000,'MKFT1XLNM8L8WMT5P11ZLF-2',8,'9e7fb55c-d14e-4a83-b4ba-e57bfabb64e3','2025-03-23','stock','March 2025',NULL,'2025-03-23 09:03:27','2025-03-23 09:03:27',2),(321,11,252000,'MKFT1XLNM8L8WMT5P11ZLF-1',8,'9e7fb56e-ec66-411c-82dc-f120ab5a5adc','2025-03-23','loan',NULL,33,'2025-03-23 09:03:39','2025-03-23 09:03:39',2),(322,12,15000,'410FTM2250880013 - 2',8,'9e8c1f3c-63f9-487c-bac4-97568a432f9c','2025-03-29','fee','March 2025',NULL,'2025-03-29 13:09:26','2025-03-29 13:09:26',2),(323,12,85000,'410FTM2250880013- 1',8,'9e8c1f45-9972-44bd-afad-afb0dd7caf12','2025-03-29','stock','March 2025',NULL,'2025-03-29 13:09:32','2025-03-29 13:09:32',2),(324,9,15000,'MKFT1ZZYM8WZL2IJ01LNO-2',8,'9e902e0a-8668-4345-b80e-820f781848c3','2025-03-31','fee','March 2025',NULL,'2025-03-31 12:34:09','2025-03-31 12:34:09',2),(325,9,85000,'MKFT1ZZYM8WZL2IJ01LNO-1',8,'9e902e17-6ae3-4339-a880-e89a6599c150','2025-03-31','stock','March 2025',NULL,'2025-03-31 12:34:17','2025-03-31 12:34:17',2),(326,1,144000,'EC102523866708-2',8,'9e94575b-7f25-4641-972a-28f6ed36c8b5','2025-04-02','loan',NULL,36,'2025-04-02 14:12:59','2025-04-02 14:12:59',2),(327,1,15000,'EC102523866708-1',8,'9e94576b-417a-4062-a2d1-2ff8f48f63ff','2025-04-02','fee','March 2025',NULL,'2025-04-02 14:13:09','2025-04-02 14:13:09',2),(328,1,150000,'EC102523866708',8,'9e94577b-842a-4718-b2c1-eaa80ace9a59','2025-04-02','stock','March 2025',NULL,'2025-04-02 14:13:20','2025-04-02 14:13:20',2),(329,10,144000,'101AGD225094A3W7',8,'9e981fb3-4d4d-43f4-b475-33bc4eb47cb1','2025-04-04','loan',NULL,35,'2025-04-04 11:20:40','2025-04-04 11:20:40',2),(330,8,6000,'101AGD225094E79J_4',8,'9e98ec67-cc5f-4bfd-a3f5-2b87fbc6a1b7','2025-04-04','fee','March 2025',NULL,'2025-04-04 20:53:04','2025-04-04 20:53:04',2),(331,8,3000,'101AGD225094E79J_3',8,'9e98ec75-df72-4f7b-83fe-bd05b2957318','2025-04-04','stock','March 2025',NULL,'2025-04-04 20:53:13','2025-04-04 20:53:13',2),(332,8,15000,'101AGD225094E79J_2',8,'9e98ec83-1fb7-4009-8472-da8655a1dd4d','2025-04-04','fee','March 2025',NULL,'2025-04-04 20:53:22','2025-04-04 20:53:22',2),(333,8,50000,'101AGD225094E79J_1_1',8,'9e98ec90-097d-4e1c-b738-b984d00ca637','2025-04-04','stock','March 2025',NULL,'2025-04-04 20:53:30','2025-04-04 20:53:30',2),(334,11,500000,'19630FABDF0C489E',8,'9eac1e92-434d-4a0f-aa55-7e803388c073','2025-04-14','stock','April 2025',NULL,'2025-04-14 09:54:04','2025-04-14 09:54:04',2),(335,1,15000,'101AGD225109A6P6-1',8,'9eb66f7d-b22a-4690-b65c-ea839eb192f4','2025-04-19','fee','April 2025',NULL,'2025-04-19 12:58:37','2025-04-19 12:58:37',2),(336,1,285000,'101AGD225109A6P6',8,'9eb66f8c-8f80-4929-8f52-61472306bf9f','2025-04-19','stock','April 2025',NULL,'2025-04-19 12:58:47','2025-04-19 12:58:47',2),(337,11,15000,'MKFT3KH6M9055W3B01BWA-3',8,'9eb66fc6-bec1-4318-9e32-f7da557d358e','2025-04-19','fee','April 2025',NULL,'2025-04-19 12:59:25','2025-04-19 12:59:25',2),(338,11,200000,'MKFT3KH6M9055W3B01BWA-2',8,'9eb66fd6-74c9-4a01-a07a-b34cc4722482','2025-04-19','stock','April 2025',NULL,'2025-04-19 12:59:35','2025-04-19 12:59:35',2),(339,11,252000,'MKFT3KH6M9055W3B01BWA-1',8,'9eb66fe4-7a8a-48e0-9a56-602e811c2ecc','2025-04-19','loan',NULL,33,'2025-04-19 12:59:44','2025-04-19 12:59:44',2),(340,1,288000,'101AGD225115ALF3',8,'9ec238f9-0619-4877-a6ba-7dd919e56a77','2025-04-25','loan',NULL,36,'2025-04-25 09:36:06','2025-04-25 09:36:06',2),(341,13,45000,'MKFT3WXZM9YKAGTC01HUU_11',8,'9ec51fd5-39e7-4271-a6db-9f4d05fef542','2025-04-26','fee penalty','December 2024',NULL,'2025-04-26 20:13:18','2025-04-26 20:13:18',2),(342,13,36000,'MKFT3WXZM9YKAGTC01HUU_18',8,'9ec51fe5-a0d5-4bd7-97d5-1575d6dcc891','2025-04-26','stock penalty','March 2025',NULL,'2025-04-26 20:13:28','2025-04-26 20:13:28',2),(343,13,40500,'MKFT3WXZM9YKAGTC01HUU_17',8,'9ec51fef-7e80-4110-bc29-6f71e97d02c1','2025-04-26','stock penalty','February 2025',NULL,'2025-04-26 20:13:35','2025-04-26 20:13:35',2),(344,13,40500,'MKFT3WXZM9YKAGTC01HUU_16',8,'9ec51ff8-73b6-4ea5-a1ce-6454a0df029c','2025-04-26','stock penalty','January 2025',NULL,'2025-04-26 20:13:41','2025-04-26 20:13:41',2),(345,13,45000,'MKFT3WXZM9YKAGTC01HUU_15',8,'9ec52000-f442-40bd-bf60-7ebd48ace5b9','2025-04-26','stock penalty','December 2024',NULL,'2025-04-26 20:13:46','2025-04-26 20:13:46',2),(346,13,36000,'MKFT3WXZM9YKAGTC01HUU_14',8,'9ec52009-7f6f-4b0a-8e86-a80e5475ae66','2025-04-26','fee penalty','March 2025',NULL,'2025-04-26 20:13:52','2025-04-26 20:13:52',2),(347,13,40500,'MKFT3WXZM9YKAGTC01HUU_13',8,'9ec52014-2dc8-496e-b2a6-024fd9108801','2025-04-26','fee penalty','February 2025',NULL,'2025-04-26 20:13:59','2025-04-26 20:13:59',2),(348,13,40500,'MKFT3WXZM9YKAGTC01HUU_12',8,'9ec52037-2ee6-4819-9246-cb840fe9db92','2025-04-26','fee penalty','January 2025',NULL,'2025-04-26 20:14:22','2025-04-26 20:14:22',2),(349,13,15000,'MKFT3WXZM9YKAGTC01HUU_10',8,'9ec5203f-bdc3-4a73-a1e8-78bb66a145d8','2025-04-26','fee','April 2025',NULL,'2025-04-26 20:14:27','2025-04-26 20:14:27',2),(350,13,15000,'MKFT3WXZM9YKAGTC01HUU_9',8,'9ec52049-82c7-4d46-a635-34d514402f86','2025-04-26','fee','March 2025',NULL,'2025-04-26 20:14:34','2025-04-26 20:14:34',2),(351,13,15000,'MKFT3WXZM9YKAGTC01HUU_8',8,'9ec52053-84b4-4145-ade0-ce6bdeba95e6','2025-04-26','stock','February 2025',NULL,'2025-04-26 20:14:40','2025-04-26 20:14:40',2),(352,13,15000,'MKFT3WXZM9YKAGTC01HUU_7',8,'9ec5205d-7ddd-4f1c-8b19-497305e1c6cf','2025-04-26','stock','January 2025',NULL,'2025-04-26 20:14:47','2025-04-26 20:14:47',2),(353,13,15000,'MKFT3WXZM9YKAGTC01HUU_6',8,'9ec52065-ef6b-4945-8d64-19475ff4ada0','2025-04-26','fee','December 2024',NULL,'2025-04-26 20:14:52','2025-04-26 20:14:52',2),(354,13,100000,'MKFT3WXZM9YKAGTC01HUU_5',8,'9ec52077-eaa1-4cad-a682-12be85bd6334','2025-04-26','stock','April 2025',NULL,'2025-04-26 20:15:04','2025-04-26 20:15:04',2),(355,13,100000,'MKFT3WXZM9YKAGTC01HUU_4',8,'9ec52089-f0c7-4f72-86af-7f02eac7ce70','2025-04-26','stock','March 2025',NULL,'2025-04-26 20:15:16','2025-04-26 20:15:16',2),(356,13,100000,'MKFT3WXZM9YKAGTC01HUU_3',8,'9ec52096-887d-4f09-b00b-916adaa477e1','2025-04-26','stock','February 2025',NULL,'2025-04-26 20:15:24','2025-04-26 20:15:24',2),(357,13,100000,'MKFT3WXZM9YKAGTC01HUU_2',8,'9ec520b3-b7df-467c-b393-e4026d039ace','2025-04-26','stock','January 2025',NULL,'2025-04-26 20:15:43','2025-04-26 20:15:43',2),(358,13,100000,'MKFT3WXZM9YKAGTC01HUU_1',8,'9ec520bc-feb1-4b60-88f7-d3666ef6b594','2025-04-26','stock','December 2024',NULL,'2025-04-26 20:15:50','2025-04-26 20:15:50',2),(359,12,15000,'410FTM2251160514 -1',8,'9ec7ec95-b689-4745-89c9-bf76ac789f70','2025-04-26','fee','April 2025',NULL,'2025-04-28 05:37:29','2025-04-28 05:37:29',2),(360,12,100000,'410FTM2251160514',8,'9ec7ec9d-86c8-48ea-ab71-0595e383a9ef','2025-04-26','stock','April 2025',NULL,'2025-04-28 05:37:34','2025-04-28 05:37:34',2),(361,9,50000,'MKFT4C6JMA3TZLWM0187O-1',8,'9ecc7f6e-88d1-478c-8621-e24a1269a6b5','2025-04-30','stock','April 2025',NULL,'2025-04-30 12:11:24','2025-04-30 12:11:24',2),(362,9,15000,'MKFT4C6JMA3TZLWM0187O-2',8,'9ecc7f79-db73-4662-8356-ed8bd0c3201a','2025-04-30','fee','April 2025',NULL,'2025-04-30 12:11:32','2025-04-30 12:11:32',2),(363,9,1102500,'MKFT4C6JMA81FDSO018LA',8,'9ed26ba1-702b-4a50-bd46-cd3c91247f49','2025-05-03','loan',NULL,37,'2025-05-03 10:51:00','2025-05-03 10:51:00',2),(364,8,3000,'1969b4c8e847aa81_4',8,'9ed4add3-2b82-4677-9dee-043233632af1','2025-05-04','stock penalty','April 2024',NULL,'2025-05-04 13:47:45','2025-05-04 13:47:45',2),(365,8,3000,'1969b4c8e847aa81_3',8,'9ed4ade3-5d36-45ab-a11a-55f4f1b99d81','2025-05-04','fee','April 2025',NULL,'2025-05-04 13:47:56','2025-05-04 13:47:56',2),(366,8,15000,'1969b4c8e847aa81_2',8,'9ed4adf6-58cf-40bf-982d-de6f56fee597','2025-05-04','fee','April 2025',NULL,'2025-05-04 13:48:08','2025-05-04 13:48:08',2),(367,8,50000,'1969b4c8e847aa81_1',8,'9ed4ae02-a530-489d-b72e-6aba0f649b9f','2025-05-04','stock','April 2025',NULL,'2025-05-04 13:48:16','2025-05-04 13:48:16',2),(368,13,3000,'MKFT49OPMA9NDIO3LM2RQV_4',8,'9ed4bd29-03b8-4d22-b826-b63667734e32','2025-05-04','fee penalty','January 2025',NULL,'2025-05-04 14:30:38','2025-05-04 14:30:38',2),(369,13,3000,'MKFT49OPMA9NDIO3LM2RQV_3',8,'9ed4bd33-e788-4973-b0b6-490604027db7','2025-05-04','fee penalty','February 2025',NULL,'2025-05-04 14:30:45','2025-05-04 14:30:45',2),(370,13,15000,'MKFT49OPMA9NDIO3LM2RQV_2',8,'9ed4bd3f-932b-488f-a614-9d7d27d47357','2025-05-04','fee','January 2025',NULL,'2025-05-04 14:30:53','2025-05-04 14:30:53',2),(371,13,15000,'MKFT49OPMA9NDIO3LM2RQV_1',8,'9ed4bd4c-31cf-4172-b7e0-f8b474d6fe44','2025-05-04','fee','February 2025',NULL,'2025-05-04 14:31:01','2025-05-04 14:31:01',2),(372,8,3000,'225FTM1251240018_4',8,'9ed4d51b-28e9-4815-ab09-0f604ca7fd2f','2025-05-04','stock penalty','April 2025',NULL,'2025-05-04 15:37:35','2025-05-04 15:37:35',2),(373,8,3000,'225FTM1251240018_3',8,'9ed4d536-0fc3-4e6c-b064-2c589a62b3cb','2025-05-04','fee penalty','April 2025',NULL,'2025-05-04 15:37:53','2025-05-04 15:37:53',2),(374,8,3000,'225FTM1251240018_2',8,'9ed4d543-884c-4c3c-9cbc-321aa5cfb5f4','2025-05-04','fee penalty','March 2025',NULL,'2025-05-04 15:38:02','2025-05-04 15:38:02',2),(375,8,3000,'225FTM1251240018_1',8,'9ed4d54f-4da4-4aca-9798-406e0f387353','2025-05-04','fee penalty','February 2025',NULL,'2025-05-04 15:38:09','2025-05-04 15:38:10',2),(376,9,135000,'MKFT4C6JMAARRM7Z5YWNIS-1',8,'9ed646a7-1571-4fda-91c5-ea752c569d21','2025-05-05','stock','May 2025',NULL,'2025-05-05 08:50:55','2025-05-05 08:50:55',2),(377,9,15000,'MKFT4C6JMAARRM7Z5YWNIS-2',8,'9ed64710-8abd-4afd-a28f-cbe487e5ef36','2025-05-05','fee','May 2025',NULL,'2025-05-05 08:52:04','2025-05-05 08:52:04',2),(378,11,1000000,'MKFT5ETSMAL3171001WAO',8,'9ee4e598-2d31-401a-91fb-75986ec8f1b8','2025-05-12','stock','May 2025',NULL,'2025-05-12 15:16:56','2025-05-12 15:16:56',2),(379,1,500000,'196D2F7C42574BC8',8,'9eea6fcf-ece4-44a5-822e-4b4e8d9ec7b8','2025-05-15','stock','May 2025',NULL,'2025-05-15 09:22:34','2025-05-15 09:22:34',2),(380,1,500000,'196CF5DA3943B97B',8,'9eea6fda-b31d-4808-8247-5a6e34774efd','2025-05-14','loan',NULL,38,'2025-05-15 09:22:41','2025-05-15 09:22:41',2),(381,11,277200,'MKFT7JTYMAZLSFYK01HT8-3',8,'9ef93c80-28ca-4788-8f20-98e62e8ba1ee','2025-05-22','loan',NULL,33,'2025-05-22 17:56:30','2025-05-22 17:56:30',2),(382,11,15000,'MKFT7JTYMAZLSFYK01HT8-2',8,'9ef93d4b-f49e-4e82-aa76-b06a73c631d7','2025-05-22','fee','May 2025',NULL,'2025-05-22 17:58:44','2025-05-22 17:58:44',2),(383,11,200000,'MKFT7JTYMAZLSFYK01HT8-1',8,'9ef93d59-3b66-4752-956e-4a56c947d025','2025-05-22','stock','May 2025',NULL,'2025-05-22 17:58:53','2025-05-22 17:58:53',2),(384,11,12600,'MKFT5ETSMAZMK4S7NV84JV',8,'9ef944b5-68f1-4e06-a52c-1f351aed41b7','2025-05-22','loan',NULL,33,'2025-05-22 18:19:27','2025-05-22 18:19:27',2),(385,8,747834,'101AGD325143B6SV_1',8,'9efb420b-60fd-46da-8eaa-8b07c61c76b7','2025-05-23','stock','May 2025',NULL,'2025-05-23 18:03:40','2025-05-23 18:03:40',2),(386,8,1014170,'101AGD325143B6SV',8,'9efb4219-64fe-442b-b6d2-b6b3fa47a0fe','2025-05-23','loan',NULL,32,'2025-05-23 18:03:49','2025-05-23 18:03:49',2),(387,12,15000,'410FTM2251460029-2',8,'9f0100c1-94be-4c91-9474-013a222e1481','2025-05-26','fee','May 2025',NULL,'2025-05-26 14:36:04','2025-05-26 14:36:04',2),(388,12,100000,'410FTM2251460029',8,'9f0100ca-2dbd-4a74-9e95-fa6722752a4e','2025-05-26','stock','May 2025',NULL,'2025-05-26 14:36:10','2025-05-26 14:36:10',2),(389,1,15000,'197318406995c9cb',8,'9f0f66f0-87e3-4ecf-b859-955d9f712302','2025-06-02','fee','May 2025',NULL,'2025-06-02 18:23:23','2025-06-02 18:23:23',2),(390,1,15000,'1974488accac3877-1',8,'9f176540-d324-45bf-b4cc-3d91a1d24eca','2025-06-06','fee','June 2025',NULL,'2025-06-06 17:45:18','2025-06-06 17:45:18',2),(391,1,415000,'1974488accac3877',8,'9f176552-32ec-495b-a087-34cc0af70faa','2025-06-06','stock','June 2025',NULL,'2025-06-06 17:45:29','2025-06-06 17:45:29',2),(392,8,3000,'101AGD125162D7FP',8,'9f21a198-c2f7-4f28-9d36-101842963ad3','2025-06-11','fee','May 2025',NULL,'2025-06-11 19:52:18','2025-06-11 19:52:18',2),(393,11,1050000,'1976d184cle4cadb',8,'9f26f2fb-4575-46ce-bd6e-c5b1fbf9116b','2025-06-14','loan',NULL,42,'2025-06-14 11:19:01','2025-06-14 11:19:01',2),(394,10,109000,'101AGD325171A53J-6',8,'9f33425e-a4ab-49c3-9a19-9df88dd6fb16','2025-06-20','stock','June 2025',NULL,'2025-06-20 13:10:56','2025-06-20 13:10:56',2),(395,10,50000,'101AGD325171A53J-5',8,'9f33426c-3c36-4898-9578-36c1778efaeb','2025-06-20','stock','May 2025',NULL,'2025-06-20 13:11:05','2025-06-20 13:11:05',2),(396,10,50000,'101AGD325171A53J-4',8,'9f33427a-3320-4016-b813-c8df3e22bf81','2025-06-20','stock','April 2025',NULL,'2025-06-20 13:11:14','2025-06-20 13:11:14',2),(397,10,141000,'101AGD325171A53J-2',8,'9f334287-2ae5-4aa3-b677-2387b592f932','2025-06-20','stock penalty','May 2025',NULL,'2025-06-20 13:11:23','2025-06-20 13:11:23',2),(398,10,16500,'101AGD325171A53J-3',8,'9f334297-ede1-49b6-b59b-b4d676af93bf','2025-06-20','fee penalty','June 2025',NULL,'2025-06-20 13:11:34','2025-06-20 13:11:34',2),(399,10,302400,'101AGD325171A53J-1',8,'9f3342b3-9add-424f-a17d-fe82fe14e932','2025-06-20','loan',NULL,35,'2025-06-20 13:11:52','2025-06-20 13:11:52',2),(400,10,330750,'101AGD325171A53J',8,'9f3342db-3d99-4c29-8d83-2d74b37ae1f3','2025-06-20','loan',NULL,40,'2025-06-20 13:12:18','2025-06-20 13:12:18',2),(401,10,439200,'101AGD225176c5F3',8,'9f3dbce0-9ee0-46d6-abd6-5fb56bf94c63','2025-06-25','loan',NULL,35,'2025-06-25 18:11:46','2025-06-25 18:11:46',2),(402,9,238140,'MKFTEGLMMCG3YPQM01VZQ',8,'9f433584-4db0-4207-aaed-98cfbbcbde03','2025-06-28','loan',NULL,41,'2025-06-28 11:28:14','2025-06-28 11:28:14',2),(403,12,15000,'410FTM2251780031-2',8,'9f433865-f496-4ae0-9b13-1bd3f5eed8fc','2025-06-27','fee','June 2025',NULL,'2025-06-28 11:36:18','2025-06-28 11:36:18',2),(404,12,85000,'410FTM2251780031',8,'9f433876-76eb-45fe-a2b2-ca91af809d18','2025-06-27','stock','June 2025',NULL,'2025-06-28 11:36:29','2025-06-28 11:36:29',2),(405,11,15000,'MKFTCKM8MCGDOR7R01KLN',8,'9f439502-57cd-4465-a315-399aba736c57','2025-06-28','fee','December 2024',NULL,'2025-06-28 15:55:15','2025-06-28 15:55:15',2),(406,12,37500,'410FTM2251800514',8,'9f456c40-1e3d-4e24-ba5f-93cbf35545c0','2025-01-31','fee penalty','January 2025',NULL,'2025-06-29 13:52:57','2025-06-29 13:52:57',2),(407,12,37500,'410FTM2251800514-2',8,'9f456c4f-4c33-423f-805b-23fe7ff8cd97','2025-01-31','stock penalty','January 2025',NULL,'2025-06-29 13:53:06','2025-06-29 13:53:06',2),(408,9,1050000,'MKFTFBBXMCJ4H25301OKS',8,'9f476439-6a38-4f3d-a272-ee7404c15880','2025-06-30','loan',NULL,44,'2025-06-30 13:22:09','2025-06-30 13:22:09',2),(409,11,50000,'MKFTEGLMMCKRYFS3HZDAS-2',8,'9f49b6ce-6633-48ef-b37d-384abe1b0dac','2025-07-01','stock','June 2025',NULL,'2025-07-01 17:04:44','2025-07-01 17:04:44',2),(410,11,15000,'MKFTEGLMMCKRYFS3HZDAS-1',8,'9f49b6db-d574-49c2-9827-836b741f3028','2025-07-01','fee','June 2025',NULL,'2025-07-01 17:04:52','2025-07-01 17:04:52',2),(411,8,540000,'309FTM3251820006_1',8,'9f49ef67-6654-4868-bf3c-e19aa69b9bb2','2025-07-01','loan',NULL,43,'2025-07-01 19:42:59','2025-07-01 19:42:59',2),(412,8,50000,'309FTM3251820006_5',8,'9f49ef7a-82da-498f-9fa1-e1a81bcfb22b','2025-07-01','stock','June 2025',NULL,'2025-07-01 19:43:12','2025-07-01 19:43:12',2),(413,8,15000,'309FTM3251820006_4',8,'9f49ef8f-a285-4e24-aada-d033af38b8c6','2025-07-01','fee','June 2025',NULL,'2025-07-01 19:43:25','2025-07-01 19:43:25',2),(414,11,150000,'MKFTEGLMMCLIAMO301OLQ',8,'9f4ac9f8-4984-4e35-900b-0b80d7aee0d6','2025-07-02','stock','July 2025',NULL,'2025-07-02 05:54:08','2025-07-02 05:54:08',2),(415,9,200000,'MKFTFHOVMCLPU51B3NCKIM-1',8,'9f4b1c7d-73ea-455d-bb7a-3a5347051e57','2025-07-02','stock','June 2025',NULL,'2025-07-02 09:44:53','2025-07-02 09:44:53',2),(416,9,15000,'MKFTFHOVMCLPU51B3NCKIM-2',8,'9f4b1c84-2969-4051-a8f6-dcbe293ed8ad','2025-07-02','fee','June 2025',NULL,'2025-07-02 09:44:57','2025-07-02 09:44:57',2),(417,11,1050000,'MKFTIS2IMDEVF9MJ01LCC',8,'9f74193f-5f67-457a-9888-bb16bd87f992','2025-07-22','loan',NULL,45,'2025-07-22 18:44:46','2025-07-22 18:44:46',2),(418,11,200000,'MKFTIS2HMDFVWQQE5A6EUV-1',8,'9f759344-593c-465b-8276-1643bd3859e6','2025-07-23','stock','July 2025',NULL,'2025-07-23 12:21:47','2025-07-23 12:21:47',2),(419,11,15000,'MKFTIS2HMDFVWQQE5A6EUV-2',8,'9f75934b-c6a7-44c4-92c4-ffa29aa143a5','2025-07-23','fee','July 2025',NULL,'2025-07-23 12:21:52','2025-07-23 12:21:52',2),(420,1,15000,'1983cf980cc4e857-1',8,'9f77e83d-cd77-4f8b-837b-44828a765377','2025-07-24','fee','July 2025',NULL,'2025-07-24 16:11:02','2025-07-24 16:11:02',2),(421,1,200000,'1983cf980cc4e857',8,'9f77e84f-0993-4ec3-b7e6-56fd55586fb7','2025-07-24','stock','July 2025',NULL,'2025-07-24 16:11:14','2025-07-24 16:11:14',2),(422,9,15000,'MKFTIS2EMDPMRPP8GZI8P3-2',8,'9f83709a-c607-4ad2-ae69-4b706c387334','2025-07-30','fee','July 2025',NULL,'2025-07-30 09:46:27','2025-07-30 09:46:27',2),(423,9,100000,'MKFTIS2EMDPMRPP8GZI8P3-1',8,'9f8370a9-8b4b-4626-995d-f471cad51918','2025-07-30','stock','July 2025',NULL,'2025-07-30 09:46:36','2025-07-30 09:46:36',2),(424,12,15000,'410FTM2252110509-1',8,'9f837279-39ac-4413-8fa9-ccc52d8bfb8d','2025-07-30','fee','July 2025',NULL,'2025-07-30 09:51:40','2025-07-30 09:51:40',2),(425,12,100000,'410FTM2252110509',8,'9f837280-983c-453a-85e0-06c8892f11c4','2025-07-30','stock','July 2025',NULL,'2025-07-30 09:51:45','2025-07-30 09:51:45',2),(426,13,85000,'APCTZ180270247911744_8',8,'9f83cab2-6587-4582-8732-bf8298663189','2025-07-30','stock penalty','July 2025',NULL,'2025-07-30 13:58:22','2025-07-30 13:58:22',2),(427,13,85500,'APCTZ180270247911744_7',8,'9f83cad6-22cc-4db2-a97a-3f0f5db5a63c','2025-07-30','fee penalty','June 2025',NULL,'2025-07-30 13:58:45','2025-07-30 13:58:45',2),(428,13,15000,'APCTZ180270247911744_6',8,'9f83cadc-fb4e-4291-9ba4-335353675bc3','2025-07-30','fee','July 2025',NULL,'2025-07-30 13:58:50','2025-07-30 13:58:50',2),(429,13,15000,'APCTZ180270247911744_5',8,'9f83cae3-b61b-48b1-ba9f-210e07ade0d7','2025-07-30','fee','June 2025',NULL,'2025-07-30 13:58:54','2025-07-30 13:58:54',2),(430,13,100000,'APCTZ180270247911744_4',8,'9f83caea-d006-47b9-a5a0-dd03ad38342c','2025-07-30','stock','July 2025',NULL,'2025-07-30 13:58:59','2025-07-30 13:58:59',2),(431,13,100000,'APCTZ180270247911744_3',8,'9f83caf1-a8d3-463c-be04-a6ed48e68c49','2025-07-30','stock','June 2025',NULL,'2025-07-30 13:59:03','2025-07-30 13:59:03',2),(432,13,27000,'APCTZ180270247911744_2',8,'9f83caf8-7d0d-4d75-ae0d-1c151e8501ef','2025-07-30','loan',NULL,39,'2025-07-30 13:59:08','2025-07-30 13:59:08',2),(433,13,270000,'APCTZ180270247911744_1',8,'9f83cb04-6ca7-4392-bc7a-f5a2563632a5','2025-07-30','loan',NULL,39,'2025-07-30 13:59:15','2025-07-30 13:59:15',2),(434,13,270000,'APCTZ180270247911744',8,'9f83cb0c-36b6-472c-8523-a82954c7c826','2025-07-30','loan',NULL,39,'2025-07-30 13:59:21','2025-07-30 13:59:21',2),(435,8,15000,'MKFTI2EMDPQZRONJJGYD6_1',8,'9f883a94-839d-41e7-8682-d0dc5ea4f515','2025-07-30','fee','July 2025',NULL,'2025-08-01 18:54:31','2025-08-01 18:54:31',2),(436,8,50000,'MKFTI2EMDPQZRONJJGYD6',8,'9f883aa3-673b-47a6-80af-48a19ac77a90','2025-07-30','stock','July 2025',NULL,'2025-08-01 18:54:41','2025-08-01 18:54:41',2),(437,9,1102500,'MKFTMTEEME3ZTBEK01FPX',8,'9f977505-0c47-43eb-be46-82213b7fd8c7','2025-08-09','loan',NULL,47,'2025-08-09 08:35:21','2025-08-09 08:35:21',2),(438,9,226800,'MKFTMU6XME3ZDA6801TBV',8,'9f977512-e88b-43ed-8155-9f0d779a6209','2025-08-09','loan',NULL,41,'2025-08-09 08:35:30','2025-08-09 08:35:30',2),(439,1,602500,'198ada3bec3aea83',8,'9fa419b7-5352-4af2-bd8a-15d5e099f4ec','2025-08-15','loan',NULL,38,'2025-08-15 15:25:48','2025-08-15 15:25:49',2),(440,9,230000,'MKFTPC0QMEMUNTKK01QOW',8,'9fb20c8f-696a-4b29-8df3-3f71702c6db8','2025-08-22','loan',NULL,41,'2025-08-22 13:50:37','2025-08-22 13:50:37',2),(441,1,15000,'198d6324249798a7-1',8,'9fb3b11a-8490-4655-9098-03c0b626af24','2025-08-23','fee','August 2025',NULL,'2025-08-23 09:26:32','2025-08-23 09:26:32',2),(442,1,200000,'198d6324249798a7',8,'9fb3b183-20f4-4702-8b30-4ff3c6e74df8','2025-08-23','stock','August 2025',NULL,'2025-08-23 09:27:41','2025-08-23 09:27:41',2),(443,9,85000,'MKFTPGY7MENUKBMW01IK4-2',8,'9fb3b84d-57f6-4443-92d6-b50503dea6c2','2025-08-23','stock','August 2025',NULL,'2025-08-23 09:46:40','2025-08-23 09:46:40',2),(444,9,15000,'MKFTPGY7MENUKBMW01IK4-1',8,'9fb3b860-f36b-48a8-b4e5-5277c895ca3c','2025-08-23','fee','August 2025',NULL,'2025-08-23 09:46:53','2025-08-23 09:46:53',2),(445,9,20000,'MKFTPGY7MENUHDMZ01SAZ',8,'9fb3b871-e6e2-4923-83e2-0e96c5001570','2025-08-23','loan',NULL,41,'2025-08-23 09:47:04','2025-08-23 09:47:04',2),(446,11,420000,'MKFTPGY7MENTC9W56E06XR-1',8,'9fb3b8d2-92f6-4db3-af76-3bff96b883c1','2025-08-23','loan',NULL,50,'2025-08-23 09:48:07','2025-08-23 09:48:07',2),(447,11,15000,'MKFTPGY7MENTC9W56E06XR-3',8,'9fb3b8ea-f678-4507-80d0-6d89a477b4bf','2025-08-23','fee','August 2025',NULL,'2025-08-23 09:48:23','2025-08-23 09:48:23',2),(448,11,200000,'MKFTPGY7MENTC9W56E06XR-2',8,'9fb3b8fc-fc29-4055-8f9d-e67b9cbb1009','2025-08-23','stock','August 2025',NULL,'2025-08-23 09:48:35','2025-08-23 09:48:35',2),(449,13,100000,'MKFTQ0WYMEO6M7FX01SCP_1',8,'9fb3e537-306e-49d9-9a84-0553d5d5f893','2025-08-23','stock','July 2025',NULL,'2025-08-23 11:52:15','2025-08-23 11:52:15',2),(450,13,1093500,'MKFTQ0WYMEO6M7FX01SCP_5',8,'9fb3e543-498d-41eb-bd33-5c4579eb7eb1','2025-08-23','loan',NULL,39,'2025-08-23 11:52:23','2025-08-23 11:52:23',2),(451,13,13500,'MKFTQ0WYMEO6M7FX01SCP_6',8,'9fb3e54f-b4ed-4041-a424-f87b44d861fc','2025-08-23','loan',NULL,39,'2025-08-23 11:52:31','2025-08-23 11:52:31',2),(452,13,15000,'MKFTQ0WYMEO6M7FX01SCP_4',8,'9fb3e55c-6351-40ab-8966-48662eb856ba','2025-08-23','fee','August 2025',NULL,'2025-08-23 11:52:39','2025-08-23 11:52:40',2),(453,13,200000,'MKFTQ0WYMEO6M7FX01SCP_2',8,'9fb3e5ca-0a51-440a-bad5-a5f33b0b2b73','2025-08-23','stock','August 2025',NULL,'2025-08-23 11:53:51','2025-08-23 11:53:51',2),(454,13,15000,'MKFTQ0WYMEO6M7FX01SCP_3',8,'9fb3e5da-258d-4595-baa2-190f29502fc4','2025-08-23','fee','July 2025',NULL,'2025-08-23 11:54:02','2025-08-23 11:54:02',2),(455,10,50000,'198dcd1931a9bbc8',8,'9fbba1cb-155a-4c4b-9096-0bccc0f5e24e','2025-08-24','stock','July 2025',NULL,'2025-08-27 08:10:21','2025-08-27 08:10:21',2),(456,12,15000,'410FTM2252390008-1',8,'9fbba1d2-a790-4010-b476-30a8059ba373','2025-08-27','fee','August 2025',NULL,'2025-08-27 08:10:26','2025-08-27 08:10:26',2),(457,12,135000,'410FTM2252390008',8,'9fbba1da-4178-4126-ae65-bc520e717779','2025-08-27','stock','August 2025',NULL,'2025-08-27 08:10:31','2025-08-27 08:10:31',2),(458,9,226280,'MKFTSRTAMF6ZFB1001N04',8,'9fce863c-c9cf-4411-b9e0-1e9c005dbd83','2025-09-05','loan',NULL,41,'2025-09-05 17:34:02','2025-09-05 17:34:02',2),(459,8,10500,'1992daba05a0dbd9_4',8,'9fd6103b-00e9-4b51-8951-75e2484bc30a','2025-09-09','stock penalty','August 2025',NULL,'2025-09-09 11:30:41','2025-09-09 11:30:41',2),(460,8,10500,'1992daba05a0dbd9_3',8,'9fd61044-6cfc-4957-9f05-cd270c92df9c','2025-09-09','fee penalty','August 2025',NULL,'2025-09-09 11:30:47','2025-09-09 11:30:47',2),(461,8,15000,'1992daba05a0dbd9_2',8,'9fd6104d-eb88-4208-92d1-0ce3977519c7','2025-09-09','fee','August 2025',NULL,'2025-09-09 11:30:53','2025-09-09 11:30:53',2),(462,8,50000,'1992daba05a0dbd9_1',8,'9fd61058-1977-47e2-8bb8-7d8fd36e6d61','2025-09-09','stock','August 2025',NULL,'2025-09-09 11:31:00','2025-09-09 11:31:00',2),(463,12,15000,'101TPFT252551934-1',8,'9fdba356-7b25-4d4b-8231-cace6a7da06d','2025-09-12','fee','September 2025',NULL,'2025-09-12 06:01:10','2025-09-12 06:01:10',2),(464,12,135000,'101TPFT252551934',8,'9fdba35f-1492-446c-84b9-3338744724bb','2025-09-12','stock','September 2025',NULL,'2025-09-12 06:01:15','2025-09-12 06:01:15',2),(465,9,1050000,'MKFTUHDDMFJKMYLX01B8I',8,'9fe0122b-9ac1-4c59-a8ba-aaccb8164a29','2025-09-14','loan',NULL,53,'2025-09-14 10:54:23','2025-09-14 10:54:23',2),(466,11,210000,'MKFTWWGKMFXZM7XZ01XT9-2',8,'9ff46b58-10d2-4b73-bda6-bd11e3cd12ff','2025-09-24','loan',NULL,57,'2025-09-24 13:40:17','2025-09-24 13:40:17',2),(467,11,15000,'MKFTWWGKMFXZM7XZ01XT9-4',8,'9ff46b63-aef0-4e38-ae0e-74d08e29c3e3','2025-09-24','fee','September 2025',NULL,'2025-09-24 13:40:25','2025-09-24 13:40:25',2),(468,11,200000,'MKFTWWGKMFXZM7XZ01XT9-3',8,'9ff46b6c-db15-46c4-a9cd-a218afd9b20d','2025-09-24','stock','September 2025',NULL,'2025-09-24 13:40:31','2025-09-24 13:40:31',2),(469,11,216000,'MKFTWWGKMFXZM7XZ01XT9-5',8,'9ff46c99-920d-4184-b144-70f35be06498','2025-09-24','loan',NULL,55,'2025-09-24 13:43:48','2025-09-24 13:43:48',2),(470,1,15000,'1997ff6d902bfba3-1',8,'9ff60a3c-2226-4a21-b21f-53c0d59ba09a','2025-09-25','fee','September 2025',NULL,'2025-09-25 09:00:24','2025-09-25 09:00:24',2),(471,1,200000,'1997ff6d902bfba3',8,'9ff60a44-870f-449a-b5bc-fd34ced038da','2025-09-25','stock','September 2025',NULL,'2025-09-25 09:00:30','2025-09-25 09:00:30',2),(472,9,15000,'MKFTXKWSMG4QLRTN01PBM-2',8,'9ffddf69-cf6e-4071-8d02-4dbef5cfa52c','2025-09-29','fee','September 2025',NULL,'2025-09-29 06:27:17','2025-09-29 06:27:17',2),(473,9,485000,'MKFTXKWSMG4QLRTN01PBM-1',8,'9ffddf77-9589-4250-8c8f-7bb3bb04e1a7','2025-09-29','stock','September 2025',NULL,'2025-09-29 06:27:26','2025-09-29 06:27:27',2),(474,9,226800,'MKFTXJYSMG4QHSN926JBMC',8,'9ffddf80-c5a1-42cf-a132-0cae80d9155d','2025-09-29','loan',NULL,41,'2025-09-29 06:27:33','2025-09-29 06:27:33',2),(475,13,2160000,'MKFTYAB6MG7I1VM601QID',8,'a001c195-69ce-4bef-b905-3640ba5045f4','2025-10-01','loan',NULL,54,'2025-10-01 04:47:12','2025-10-01 04:47:12',2),(476,13,42000,'MKFTXJYSMG6YGA7B01GR2_9',8,'a001c233-dfc6-4138-8788-6d12a64ff7df','2025-09-30','fee penalty','August 2025',NULL,'2025-10-01 04:48:55','2025-10-01 04:48:55',2),(477,13,31500,'MKFTXJYSMG6YGA7B01GR2_8',8,'a001c23d-cd31-45b8-842a-fd96e82a1a0d','2025-09-30','fee penalty','July 2025',NULL,'2025-10-01 04:49:02','2025-10-01 04:49:02',2),(478,13,15000,'MKFTXJYSMG6YGA7B01GR2_5',8,'a001c24a-b1d0-45c1-bf8e-7d615cf8df59','2025-09-30','fee','September 2025',NULL,'2025-10-01 04:49:10','2025-10-01 04:49:10',2),(479,13,31500,'MKFTXJYSMG6YGA7B01GR2_7',8,'a001c259-f567-4910-85a0-d7dca6556a52','2025-09-30','stock penalty','July 2025',NULL,'2025-10-01 04:49:20','2025-10-01 04:49:20',2),(480,13,500,'MKFTXJYSMG6YGA7B01GR2_6',8,'a001c267-bda8-4314-b2c9-1c499e69f189','2025-09-30','stock penalty','June 2025',NULL,'2025-10-01 04:49:29','2025-10-01 04:49:29',2),(481,13,15000,'MKFTXJYSMG6YGA7B01GR2_4',8,'a001c274-09e9-4635-8eba-006046bb9d2d','2025-09-30','fee','August 2025',NULL,'2025-10-01 04:49:37','2025-10-01 04:49:37',2),(482,13,100000,'MKFTXJYSMG6YGA7B01GR2_3',8,'a001c283-bdab-4f83-9a0a-eb1f4814e49b','2025-09-30','stock','September 2025',NULL,'2025-10-01 04:49:48','2025-10-01 04:49:48',2),(483,13,100000,'MKFTXJYSMG6YGA7B01GR2_2',8,'a001c29b-ac43-4c39-b7ae-da125176d657','2025-09-30','stock','August 2025',NULL,'2025-10-01 04:50:03','2025-10-01 04:50:03',2),(484,13,1102500,'MKFTXJYSMG6YGA7B01GR2_1',8,'a001c2b3-978e-4410-8e1f-f47f5e90626d','2025-09-30','loan',NULL,52,'2025-10-01 04:50:19','2025-10-01 04:50:19',2),(485,10,15000,'101AGD225274M05C-3',8,'a0028fe1-6cba-4f21-b736-0e33fe2736fd','2025-10-01','fee','September 2025',NULL,'2025-10-01 14:24:02','2025-10-01 14:24:02',2),(486,10,15000,'101AGD225274M05C -2',8,'a0028fec-4cf0-4923-a5e3-361d7800c525','2025-10-01','fee','August 2025',NULL,'2025-10-01 14:24:10','2025-10-01 14:24:10',2),(487,10,50000,'101AGD225274M05C-1',8,'a0028ff6-ae93-435d-b50a-71f2f60b1767','2025-10-01','stock','September 2025',NULL,'2025-10-01 14:24:16','2025-10-01 14:24:16',2),(488,10,50000,'101AGD225274M05C',8,'a0029000-3191-47dc-8795-c867bb341c53','2025-10-01','stock','August 2025',NULL,'2025-10-01 14:24:23','2025-10-01 14:24:23',2),(489,11,500000,'MKFTYAA9MG87419M01IXU',8,'a002be0a-2a93-4f70-aeec-d336566df9f6','2025-10-01','stock','October 2025',NULL,'2025-10-01 16:33:07','2025-10-01 16:33:07',2),(490,8,15000,'101AGD225275G6VT_2',8,'a004fb40-e576-4f37-b7f1-1f7d175f0fb7','2025-10-02','fee','September 2025',NULL,'2025-10-02 19:15:56','2025-10-02 19:15:56',2),(491,8,50000,'101AGD225275G6VT_1',8,'a004fb52-a83e-4960-a318-923d537ff998','2025-10-02','stock','September 2025',NULL,'2025-10-02 19:16:08','2025-10-02 19:16:08',2),(492,1,1050000,'MKFTYAA9MGB173FP010AH',8,'a006bc96-9f29-428e-9adb-092dfd9ec36b','2025-10-03','loan',NULL,56,'2025-10-03 16:12:22','2025-10-03 16:12:22',2),(493,1,200000,'101TPFT252836746',8,'a0145390-d332-4601-9493-e82bbf61520a','2025-10-10','stock','October 2025',NULL,'2025-10-10 10:20:17','2025-10-10 10:20:17',2),(494,1,15000,'101TPFT252836746-1',8,'a0145398-45e2-4099-b2ec-6a12ec3c2766','2025-10-10','fee','October 2025',NULL,'2025-10-10 10:20:22','2025-10-10 10:20:22',2),(495,9,226800,'MKFT1090SMGORU0I25B4DOP',8,'a01a1200-1573-4c92-ac5a-8a1157cf258a','2025-10-13','loan',NULL,41,'2025-10-13 06:51:55','2025-10-13 06:51:55',2),(496,12,15000,'101TPFT25289A58K-1',8,'a020a5cc-1b14-4afc-bec4-1ff130da33d6','2025-10-16','fee','October 2025',NULL,'2025-10-16 13:20:10','2025-10-16 13:20:10',2),(497,12,115000,'101TPFT25289A58K',8,'a020a5d6-0130-4112-b781-2cfe17e94201','2025-10-16','stock','October 2025',NULL,'2025-10-16 13:20:16','2025-10-16 13:20:16',2),(498,11,15000,'MKFT117PHMHONPRMH01K1L-4',8,'a02acf53-080c-40fb-b8c8-2bd19070a8a1','2025-10-21','fee','October 2025',NULL,'2025-10-21 14:34:33','2025-10-21 14:34:33',2),(499,11,200000,'MKFT117PHMHONPRMH01K1L-3',8,'a02acf5f-60f8-404f-b10f-287981298bcd','2025-10-21','stock','October 2025',NULL,'2025-10-21 14:34:42','2025-10-21 14:34:42',2),(500,11,210000,'MKFT117PHMHONPRMH01K1L-2',8,'a02acf6d-530a-43cf-ba29-a5f77a1764c5','2025-10-21','loan',NULL,59,'2025-10-21 14:34:51','2025-10-21 14:34:51',2),(501,11,216000,'MKFT117PHMHONPRMH01K1L-1',8,'a02acf7a-f4d9-4875-a30f-336702c902c1','2025-10-21','loan',NULL,55,'2025-10-21 14:35:00','2025-10-21 14:35:00',2),(502,1,175000,'101TPFT252977330',8,'a030539c-638a-4354-ac8b-90069f2dd51f','2025-10-24','loan',NULL,51,'2025-10-24 08:23:36','2025-10-24 08:23:36',2),(503,10,500000,'19a6e0f157fa4a85 -1',8,'a05475b5-4764-4b4b-a75e-0c10a3e21f35','2025-11-10','loan',NULL,48,'2025-11-11 07:28:45','2025-11-11 07:28:45',2),(504,10,245000,'19a6e0f157fa4a85-3',8,'a05475c7-a56f-47b5-88bb-1f9b61a332bb','2025-11-10','stock','November 2025',NULL,'2025-11-11 07:28:57','2025-11-11 07:28:57',2),(505,10,15000,'19a6e0f157fa4a85 -2',8,'a05475d0-8631-448a-9ff3-c552af025546','2025-11-10','fee','July 2025',NULL,'2025-11-11 07:29:02','2025-11-11 07:29:02',2),(506,10,15000,'19a6e0f157fa4a85',8,'a05475d9-f047-492c-87cb-7939ef420144','2025-11-10','fee','November 2025',NULL,'2025-11-11 07:29:09','2025-11-11 07:29:09',2),(507,1,489200,'19a7705cc141b991',8,'a0567fcc-5a1a-4831-aa5c-51c293693a8c','2025-11-12','loan',NULL,51,'2025-11-12 07:48:37','2025-11-12 07:48:37',2),(508,8,15000,'101AGD225316E691_4',8,'a0577242-c775-4952-a66d-e20460c08dfd','2025-11-12','stock penalty','October 2025',NULL,'2025-11-12 19:06:35','2025-11-12 19:06:35',2),(509,8,15000,'101AGD225316E691_3',8,'a0577259-28c8-475e-8005-9fd31bfaee52','2025-11-12','fee penalty','October 2025',NULL,'2025-11-12 19:06:50','2025-11-12 19:06:50',2),(510,8,15000,'101AGD225316E691_2',8,'a057726e-925c-4140-b6c2-477906d3dc62','2025-11-12','fee','October 2025',NULL,'2025-11-12 19:07:04','2025-11-12 19:07:04',2),(511,8,50000,'101AGD225316E691_1',8,'a057727c-f878-4761-8f6d-26fc446975fc','2025-11-12','stock','October 2025',NULL,'2025-11-12 19:07:13','2025-11-12 19:07:13',2),(512,1,1050000,'19a83bae83e9cbf7',8,'a05b7e47-8790-42b6-a09e-72aa45781518','2025-11-14','loan',NULL,62,'2025-11-14 19:23:30','2025-11-14 19:23:30',2),(513,12,15000,'410FTM2253240012-1',8,'a066d108-d1ca-4ef4-9a2a-1d4018ed15f9','2025-11-20','fee','November 2025',NULL,'2025-11-20 10:29:01','2025-11-20 10:29:01',2),(514,12,100000,'410FTM2253240012',8,'a066d110-5ea7-4af4-8710-8142dbe24726','2025-11-20','stock','November 2025',NULL,'2025-11-20 10:29:06','2025-11-20 10:29:06',2),(515,11,216000,'MKFT11HSDMICK5Q5PR98FT0-1',8,'a06e83fa-9690-4394-beae-9cc5dc5049e1','2025-11-24','loan',NULL,55,'2025-11-24 06:20:10','2025-11-24 06:20:10',2),(516,11,15000,'MKFT11HSDMICK5Q5PR98FT0-3',8,'a06e8403-fad4-4d6f-a715-e5ea632c0110','2025-11-24','fee','November 2025',NULL,'2025-11-24 06:20:17','2025-11-24 06:20:17',2),(517,11,200000,'MKFT11HSDMICK5Q5PR98FT0-2',8,'a06e840d-106a-429b-b1bd-ba54b2643343','2025-11-24','stock','November 2025',NULL,'2025-11-24 06:20:22','2025-11-24 06:20:22',2),(518,1,15000,'101TPFT25327BOZN-3',8,'a06e9755-8485-4348-9445-3f1dd8844e78','2025-11-23','fee','November 2025',NULL,'2025-11-24 07:14:18','2025-11-24 07:14:18',2),(519,1,200000,'101TPFT25327BOZN-2',8,'a06e975e-67f4-4d6d-a991-c754d36567ca','2025-11-23','stock','November 2025',NULL,'2025-11-24 07:14:23','2025-11-24 07:14:23',2),(520,11,210000,'MKFT11KMNMIK5D8P401L0M',8,'a078efca-c931-4753-8e6e-15faf91e9ba9','2025-11-29','loan',NULL,63,'2025-11-29 10:39:55','2025-11-29 10:39:55',2),(521,8,15000,'19adfe4ee0a8eb80_2',8,'a08088f8-92f9-4ebf-8d83-062f753620f8','2025-12-02','fee','November 2025',NULL,'2025-12-03 05:19:02','2025-12-03 05:19:02',2),(522,8,50000,'19adfe4ee0a8eb80_1',8,'a0808905-1e1d-477a-8a15-75f05280c9c7','2025-12-02','stock','November 2025',NULL,'2025-12-03 05:19:10','2025-12-03 05:19:10',2),(523,9,1500,'MKFT11MJUMIQ8W5A801IIK-8',8,'a0818590-4227-47e3-9027-0dfe37b8b5f0','2025-12-03','stock penalty','November 2025',NULL,'2025-12-03 17:05:20','2025-12-03 17:05:20',2),(524,9,1500,'MKFT11MJUMIQ8W5A801IIK-7',8,'a08185a5-7b7c-40ad-b772-6581e62130fd','2025-12-03','fee penalty','November 2025',NULL,'2025-12-03 17:05:34','2025-12-03 17:05:34',2),(525,9,43500,'MKFT11MJUMIQ8W5A801IIK-6',8,'a08185b3-643a-4f17-bd27-0f63032c49e4','2025-12-03','stock penalty','October 2025',NULL,'2025-12-03 17:05:43','2025-12-03 17:05:43',2),(526,9,43500,'MKFT11MJUMIQ8W5A801IIK-5',8,'a08185c0-03d3-4864-be4a-6bfc3ff73eb1','2025-12-03','fee penalty','October 2025',NULL,'2025-12-03 17:05:51','2025-12-03 17:05:51',2),(527,9,15000,'MKFT11MJUMIQ8W5A801IIK-3',8,'a08185ce-bad6-4317-baea-dd535a7e64e2','2025-12-03','fee','October 2025',NULL,'2025-12-03 17:06:01','2025-12-03 17:06:01',2),(528,9,50000,'MKFT11MJUMIQ8W5A801IIK-2',8,'a08185dc-1d65-49f4-8216-f4ce70494db0','2025-12-03','stock','November 2025',NULL,'2025-12-03 17:06:10','2025-12-03 17:06:10',2),(529,9,50000,'MKFT11MJUMIQ8W5A801IIK-1',8,'a08185e7-ca58-4e8f-bf2c-b7c64c59a104','2025-12-03','stock','October 2025',NULL,'2025-12-03 17:06:17','2025-12-03 17:06:17',2),(530,9,1102500,'MKFT11PL8MJ5GP0JO01VPN',8,'a09711b6-4aaf-4c32-9c4d-481c23d1c7fd','2025-12-14','loan',NULL,61,'2025-12-14 10:09:36','2025-12-14 10:09:36',2),(531,9,15000,'MKFT11MJUMIQ8W5A801IIK-4',8,'a09711c0-047d-4cc2-887b-8af39f2807b0','2025-12-03','fee','November 2025',NULL,'2025-12-14 10:09:43','2025-12-14 10:09:43',2),(532,9,2000000,'MKFT11QG4MJB564LD01EFX',8,'a09eeea9-b7d4-49b1-bede-07002079605a','2025-12-18','loan',NULL,60,'2025-12-18 07:58:13','2025-12-18 07:58:13',2),(533,9,268000,'MKFT11QG4MJB5N6VE01GZM',8,'a09ef9f1-ae28-490b-b02f-245d9a2dc67f','2025-12-18','loan',NULL,60,'2025-12-18 08:29:46','2025-12-18 08:29:46',2),(534,10,15000,'TID:MP251220.2207.V36631',8,'a0a40b71-f574-4971-b9c2-9d90a8aced99','2025-12-20','fee','December 2025',NULL,'2025-12-20 20:57:50','2025-12-20 20:57:50',2);
/*!40000 ALTER TABLE `payments` ENABLE KEYS */;
UNLOCK TABLES;

--
-- Table structure for table `payouts`
--

DROP TABLE IF EXISTS `payouts`;
/*!40101 SET @saved_cs_client     = @@character_set_client */;
/*!40101 SET character_set_client = utf8 */;
CREATE TABLE `payouts` (
  `id` int(11) NOT NULL AUTO_INCREMENT,
  `amount` float NOT NULL,
  `payment_reference` varchar(50) NOT NULL,
  `payment_date` date NOT NULL,
  `bank_account_no` varchar(50) NOT NULL,
  `created_by` int(11) NOT NULL,
  `updated_by` int(11) DEFAULT NULL,
  `uuid` varchar(100) NOT NULL,
  `member_id` int(11) NOT NULL,
  `loan_contract_id` int(11) NOT NULL,
  `created_at` timestamp NOT NULL DEFAULT current_timestamp(),
  `updated_at` timestamp NOT NULL DEFAULT current_timestamp(),
  `financial_year_id` int(11) NOT NULL DEFAULT 1,
  PRIMARY KEY (`id`)
) ENGINE=InnoDB AUTO_INCREMENT=64 DEFAULT CHARSET=utf8mb3 COLLATE=utf8mb3_general_ci;
/*!40101 SET character_set_client = @saved_cs_client */;

--
-- Dumping data for table `payouts`
--

LOCK TABLES `payouts` WRITE;
/*!40000 ALTER TABLE `payouts` DISABLE KEYS */;
INSERT INTO `payouts` VALUES (1,200000,'080257ED28A8','2024-02-08','21110016381',4,NULL,'9b49ad9d-eb8a-4768-96c9-6f737302d862',11,1,'2024-02-08 18:51:17','2024-02-08 18:51:17',1),(2,700000,'225IBFT240220511','2024-01-22','23610003247',8,NULL,'9b5fcbef-be42-458b-8906-cf32d8f6a7b0',10,2,'2024-02-19 18:44:16','2024-02-19 18:44:16',1),(3,900000,'225IBFT240500537','2024-02-19','20610003342',8,NULL,'9b6103ef-c0d9-4c1a-92c9-c4abe4787d62',8,3,'2024-02-20 09:16:41','2024-02-20 09:16:41',1),(4,600000,'225IBFT240720029','2024-03-12','20610003342',8,NULL,'9b8beb39-5d62-4495-a58e-f24727383d24',9,4,'2024-03-12 17:08:11','2024-03-12 17:08:11',1),(5,800000,'225IBFT240780021','2024-03-18','23610003247',8,NULL,'9b984f3c-e393-482f-9401-3e741067a080',10,5,'2024-03-18 20:57:47','2024-03-18 20:57:47',1),(6,3000000,'225IBOT240970504','2024-04-06','0152200245400',8,NULL,'9bbe292e-6475-4d94-b9d4-76f9aa6d9186',8,6,'2024-04-06 16:32:49','2024-04-06 16:32:49',1),(7,200000,'2251BFT241030549','2024-04-12','22510076620',8,NULL,'9bca6198-bb88-459f-9808-58d2f10fc1ca',9,7,'2024-04-12 18:20:30','2024-04-12 18:20:30',1),(8,600000,'225IBFT240130512 - 1','2024-01-13','22510027443',8,NULL,'9bca86ae-123a-4f2c-a066-e7b19fcc86aa',13,8,'2024-04-12 20:04:12','2024-04-12 20:04:12',1),(9,1020000,'225IBFT240130512 - 2','2024-01-01','22510027443',8,NULL,'9bca873c-ae16-4c84-975e-478713cb153f',13,9,'2024-04-12 20:05:45','2024-04-12 20:05:45',1),(10,1000000,'225IBFT241030054','2024-04-12','22510076620',8,NULL,'9bcaae57-f494-49b5-ae37-b50f1986347f',13,10,'2024-04-12 21:55:06','2024-04-12 21:55:06',1),(11,700000,'225IBFT241140507','2024-04-23','41010001876',8,NULL,'9bdfeabb-f21a-49d8-b531-c3701df1fdbf',12,11,'2024-04-23 11:16:21','2024-04-23 11:16:21',1),(12,1000000,'225IBFT241280568','2024-05-07','21110016381',8,NULL,'9bfcdc6c-5b72-4834-aa1c-97556abc64d7',11,12,'2024-05-07 20:35:21','2024-05-07 20:35:21',1),(13,2600000,'225IBFT241500520','2024-05-29','23610003247',8,NULL,'9c288972-a5e6-4356-856d-4fdd3ab2f031',10,13,'2024-05-29 13:39:46','2024-05-29 13:39:46',1),(14,1000000,'2251BFT241520075','2024-05-31','41010001876',8,NULL,'9c2d0c8c-9716-4819-ae80-a530e5a5485b',12,14,'2024-05-31 19:29:40','2024-05-31 19:29:40',1),(15,1300000,'225IBFT241860056','2024-07-04','20610003342',8,NULL,'9c74d182-c9fa-42f8-aa3a-1f43be3bc45b',9,15,'2024-07-06 11:44:11','2024-07-06 11:44:11',1),(16,1000000,'225IBFT241880526','2024-07-06','41010001876',8,NULL,'9c7ac3f0-79f4-46a7-99c6-f79c3322efef',12,16,'2024-07-09 10:41:12','2024-07-09 10:41:12',1),(17,350000,'225IBFT241880052','2024-07-06','21110016381',8,NULL,'9c7ac4b3-dddf-43ed-8298-9043e2100872',11,17,'2024-07-09 10:43:20','2024-07-09 10:43:20',1),(18,500000,'225IBFT242030520','2024-07-21','21110016381',8,NULL,'9c93457b-0356-49b8-8f8c-7d565804393c',11,18,'2024-07-21 15:03:18','2024-07-21 15:03:18',1),(19,1000000,'225IBFT242410026','2024-08-28','20610003342',8,NULL,'9cede2ab-7463-4d09-b27c-358ff3c442d5',9,19,'2024-09-04 16:07:20','2024-09-04 16:07:20',1),(20,200000,'225IBFT242240012','2024-08-11','23610003247',8,NULL,'9cede4c6-7e4b-49c6-a757-7beea7239927',10,20,'2024-09-04 16:13:13','2024-09-04 16:13:13',1),(21,700000,'225IBFT242610071','2024-09-17','2361003247',8,NULL,'9d0a1c9c-a7fb-4395-8983-12f9040e33c0',10,21,'2024-09-18 16:52:32','2024-09-18 16:52:32',1),(22,2000000,'225IBFT242770532','2024-10-03','22510027443',8,NULL,'9d31a5a8-0188-40f1-b5e5-3d9be4c96749',13,22,'2024-10-08 08:33:02','2024-10-08 08:33:02',1),(23,200000,'225IBFT242800513','2024-10-06','21110016381',8,NULL,'9d31a61a-2f25-4a85-b53e-139e75eee89e',11,23,'2024-10-08 08:34:16','2024-10-08 08:34:16',1),(24,500000,'225OPIB242841001','2024-10-10','0152784219300',8,NULL,'9d3ea6b8-abc6-4b8d-aaf8-13f1877925ee',1,24,'2024-10-15 00:41:46','2024-10-15 00:41:46',1),(25,1000000,'225IBFT242890557','2024-10-15','20610003342',8,NULL,'9d5242a4-048a-4cfc-bcfb-cd873c0ab7f6',9,25,'2024-10-24 18:38:29','2024-10-24 18:38:29',1),(26,800000,'0111C9BFF736','2024-11-01','22510027443',8,NULL,'9d6254ee-208b-4cfb-9adf-cbcc721dd0e7',13,26,'2024-11-01 18:22:52','2024-11-01 18:22:52',1),(27,500000,'225IBFT243220515','2024-11-17','21110016381',8,NULL,'9d82e4d9-8789-4b84-b269-f124064cf4b6',11,27,'2024-11-17 23:51:47','2024-11-17 23:51:47',1),(28,1000000,'225IBFT243310540','2024-11-26','223100444460',8,NULL,'9da6fcda-56b6-44fe-ae2b-c0a57e37735d',1,28,'2024-12-05 22:28:42','2024-12-05 22:28:42',1),(29,1000000,'225IBFT243310541','2024-11-26','20610003342',8,NULL,'9da6fd46-9d9b-47bd-be23-f327a7a67a64',9,29,'2024-12-05 22:29:53','2024-12-05 22:29:53',1),(30,1000000,'225IBFT250200508','2025-01-20','20610003342',8,NULL,'9e030f21-89e3-4998-95d7-1217654935fb',9,30,'2025-01-20 16:55:59','2025-01-20 16:55:59',2),(31,800000,'0102BFE7A35E','2025-02-01','41010001876',8,NULL,'9e1bba62-e626-49ae-94d6-091ce3280029',12,31,'2025-02-01 16:14:43','2025-02-01 16:14:43',2),(32,853674,'403FTM4250380047 - noel','2024-12-22','0152200245400',8,NULL,'9e2fde78-e41d-48c1-aca6-62736533684b',8,32,'2025-02-11 16:32:11','2025-02-11 16:32:11',2),(33,700000,'225IBFT250430517','2025-02-12','21110016381',8,NULL,'9e318ff0-215a-4430-aad1-2a23e8822be8',11,33,'2025-02-12 12:44:14','2025-02-12 12:44:14',2),(34,300000,'225IBOT250440512','2025-02-13','0152684078800',8,NULL,'9e33ec4b-c0b7-41c2-aad3-f2c574d2a5fb',10,34,'2025-02-13 16:54:09','2025-02-13 16:54:09',2),(35,800000,'225IBOT250570014','2025-02-26','0152684078800',8,NULL,'9e5031d7-cc0e-487f-ad48-7bbd9d440f8a',10,35,'2025-02-27 18:11:47','2025-02-27 18:11:47',2),(36,400000,'225IBOT250730523','2025-03-14','0152784219300',8,NULL,'9e77973a-6067-42f1-ad55-903655a4d4c4',1,36,'2025-03-19 08:12:34','2025-03-19 08:12:34',2),(37,1000000,'225IBFT250790526','2025-03-20','20610003342',8,NULL,'9e7a48a1-2e0c-4a3f-8fdf-0ccdfefa2bcd',9,37,'2025-03-20 16:20:17','2025-03-20 16:20:17',2),(38,1000000,'225IBOT251000020','2025-04-10','0152784219300',8,NULL,'9ea680f6-8f73-4561-bb61-843a1667ea62',1,38,'2025-04-11 14:54:14','2025-04-11 14:54:14',2),(39,1500000,'225IBFT251180502','2025-04-28','22510027443',8,NULL,'9ec7ee39-b08a-4baa-b187-ddde95f10872',13,39,'2025-04-28 05:42:04','2025-04-28 05:42:04',2),(40,300000,'225IBOT251020016','2025-04-12','0152684078800',8,NULL,'9ec7ee9a-f4b9-4e58-974c-be4e235fd0d9',10,40,'2025-04-28 05:43:08','2025-04-28 05:43:08',2),(41,1260000,'225IBFT251260011','2025-05-06','20610003342',8,NULL,'9ed88227-3df9-4614-9c5e-82e4082743ae',9,41,'2025-05-06 11:28:57','2025-05-06 11:28:57',2),(42,1000000,'225IBFT251440013','2025-05-26','21110016381',8,NULL,'9f01023a-8893-4e1b-a89a-be6862dfa8df',11,42,'2025-05-26 14:40:11','2025-05-26 14:40:11',2),(43,3000000,'225IBOT251430533','2025-05-23','0152743790800',8,NULL,'9f010312-e23b-43ca-a0d4-c39be9061927',8,43,'2025-05-26 14:42:33','2025-05-26 14:42:33',2),(44,1000000,'225IBFT251430010','2025-05-23','20610003342',8,NULL,'9f01037d-c075-4660-a8cd-f19563feb429',9,44,'2025-05-26 14:43:43','2025-05-26 14:43:43',2),(45,1000000,'225IBFT251730515','2025-06-22','21110016381',8,NULL,'9f454eb5-eaa5-47a5-aef2-0579a63e7190',11,45,'2025-06-29 12:30:21','2025-06-29 12:30:21',2),(46,460000,'225IBFT251800508','2025-06-29','21110016381',8,NULL,'9f457a92-05f5-4e38-9cf8-e80590cfe9a1',10,46,'2025-06-29 14:32:59','2025-06-29 14:32:59',2),(47,1000000,'225IBFT251870512','2025-07-06','20610003342',8,NULL,'9f576308-c6e3-49a9-8c3d-ac4046b238fe',9,47,'2025-07-08 12:12:04','2025-07-08 12:12:04',2),(48,1850000,'225IBFT251820527','2025-07-01','0152684078800',8,NULL,'9f5763c0-19c5-43d6-a486-f9b9cee00149',10,48,'2025-07-08 12:14:05','2025-07-08 12:14:05',2),(49,1000000,'225IBOT251910020','2025-07-10','0152743790800',8,NULL,'9f83256e-be74-4fdf-b715-694fd5d71268',8,49,'2025-07-30 06:16:15','2025-07-30 06:16:15',2),(50,400000,'225IBFT252110519','2025-07-30','21110016381',8,NULL,'9f834d08-1858-4369-8078-61adae15347a',11,50,'2025-07-30 08:06:59','2025-07-30 08:06:59',2),(51,600000,'225IBOT252240017','2025-08-12','0152784219300',8,NULL,'9f9dbf4d-99fd-4ad0-b27c-e6ba001e0ec3',1,51,'2025-08-12 11:38:02','2025-08-12 11:38:02',2),(52,1000000,'225IBFT252110553','2025-07-30','22510027443',8,NULL,'9f9dc056-911a-4c47-8b87-e783aae7cfbf',13,52,'2025-08-12 11:40:55','2025-08-12 11:40:55',2),(53,1000000,'225IBOT252280003','2025-08-15','0152743790800',8,NULL,'9fa575cf-65b4-4c41-b1b3-e03b1814f173',9,53,'2025-08-16 07:39:09','2025-08-16 07:39:09',2),(54,3000000,'225IBFT252350030','2025-08-23','22510027443',8,NULL,'9fb3fa5a-7216-4cca-90a8-4d5bbc7ebf3b',13,54,'2025-08-23 12:51:21','2025-08-23 12:51:21',2),(55,600000,'225IBFT252490038','2025-09-06','21110016381',8,NULL,'9fcfd63a-1bf2-4126-a190-fbc5f37f60d1',11,55,'2025-09-06 09:13:31','2025-09-06 09:13:31',2),(56,1000000,'225IBOT252480516','2025-09-05','0683130185',8,NULL,'9fcfd924-3c31-44f1-93fd-5e905c9f2ee3',1,56,'2025-09-06 09:21:40','2025-09-06 09:21:40',2),(57,200000,'225IBFT252570511','2025-09-14','21110016381',8,NULL,'9fe0606d-a4de-4b2a-b955-6729feb7eda6',11,57,'2025-09-14 14:33:12','2025-09-14 14:33:12',2),(58,1600000,'225IBFT252790515','2025-10-06','41010001876',8,NULL,'a00c4815-8a07-47df-9a81-a7d8504f6da2',12,58,'2025-10-06 10:21:34','2025-10-06 10:21:34',2),(59,200000,'225IBFT252790042','2025-10-06','21110016381',8,NULL,'a01454c8-ce6c-48e3-8ffe-2e329fe9ec4a',11,59,'2025-10-10 10:23:42','2025-10-10 10:23:42',2),(60,2000000,'225IBFT252860557','2025-10-13','20610003342',8,NULL,'a01acf13-fc55-4fb2-ba1f-80380053f00e',9,60,'2025-10-13 15:40:37','2025-10-13 15:40:37',2),(61,1000000,'225IBFT252870540','2025-10-14','20610003342',8,NULL,'a020a8a6-5dd6-4a3b-889b-1dcf7007c365',9,61,'2025-10-16 13:28:08','2025-10-16 13:28:08',2),(62,1000000,'225IBOT252890018','2025-10-16','0683130185',8,NULL,'a0223bf1-d5ab-493a-a21c-7c27b0278f4e',1,62,'2025-10-17 08:15:50','2025-10-17 08:15:50',2),(63,200000,'225IBFT252970027','2025-10-24','2111001681',8,NULL,'a06e85da-28f6-4ce4-bc22-01e46924e9e4',11,63,'2025-11-24 06:25:25','2025-11-24 06:25:25',2);
/*!40000 ALTER TABLE `payouts` ENABLE KEYS */;
UNLOCK TABLES;

--
-- Table structure for table `permission_categories`
--

DROP TABLE IF EXISTS `permission_categories`;
/*!40101 SET @saved_cs_client     = @@character_set_client */;
/*!40101 SET character_set_client = utf8 */;
CREATE TABLE `permission_categories` (
  `id` int(11) NOT NULL AUTO_INCREMENT,
  `name` text NOT NULL,
  `description` varchar(100) NOT NULL,
  `created_at` timestamp NOT NULL DEFAULT current_timestamp(),
  `updated_at` timestamp NOT NULL DEFAULT current_timestamp() ON UPDATE current_timestamp(),
  PRIMARY KEY (`id`)
) ENGINE=InnoDB AUTO_INCREMENT=3 DEFAULT CHARSET=utf8mb3 COLLATE=utf8mb3_general_ci;
/*!40101 SET character_set_client = @saved_cs_client */;

--
-- Dumping data for table `permission_categories`
--

LOCK TABLES `permission_categories` WRITE;
/*!40000 ALTER TABLE `permission_categories` DISABLE KEYS */;
INSERT INTO `permission_categories` VALUES (1,'User Permission','User Permissions','2023-02-22 19:51:35','2023-02-22 19:51:35'),(2,'Role Permission','Role Permissions','2023-02-22 19:51:35','2023-02-22 19:51:35');
/*!40000 ALTER TABLE `permission_categories` ENABLE KEYS */;
UNLOCK TABLES;

--
-- Table structure for table `permissions`
--

DROP TABLE IF EXISTS `permissions`;
/*!40101 SET @saved_cs_client     = @@character_set_client */;
/*!40101 SET character_set_client = utf8 */;
CREATE TABLE `permissions` (
  `id` bigint(20) unsigned NOT NULL AUTO_INCREMENT,
  `name` varchar(255) NOT NULL,
  `description` varchar(255) DEFAULT NULL,
  `guard_name` varchar(255) NOT NULL,
  `created_at` timestamp NULL DEFAULT NULL,
  `updated_at` timestamp NULL DEFAULT NULL,
  PRIMARY KEY (`id`),
  UNIQUE KEY `permissions_name_guard_name_unique` (`name`,`guard_name`)
) ENGINE=InnoDB AUTO_INCREMENT=3 DEFAULT CHARSET=utf8mb4 COLLATE=utf8mb4_unicode_ci;
/*!40101 SET character_set_client = @saved_cs_client */;

--
-- Dumping data for table `permissions`
--

LOCK TABLES `permissions` WRITE;
/*!40000 ALTER TABLE `permissions` DISABLE KEYS */;
INSERT INTO `permissions` VALUES (1,'Create Member','Ability to create member','Web','2024-01-23 04:18:35','2024-01-23 04:18:35'),(2,'Approve Payment','Ability to approve payment','Web','2024-01-23 04:18:55','2024-01-23 04:18:55');
/*!40000 ALTER TABLE `permissions` ENABLE KEYS */;
UNLOCK TABLES;

--
-- Table structure for table `personal_access_tokens`
--

DROP TABLE IF EXISTS `personal_access_tokens`;
/*!40101 SET @saved_cs_client     = @@character_set_client */;
/*!40101 SET character_set_client = utf8 */;
CREATE TABLE `personal_access_tokens` (
  `id` bigint(20) unsigned NOT NULL AUTO_INCREMENT,
  `tokenable_type` varchar(255) NOT NULL,
  `tokenable_id` bigint(20) unsigned NOT NULL,
  `name` varchar(255) NOT NULL,
  `token` varchar(64) NOT NULL,
  `abilities` text DEFAULT NULL,
  `last_used_at` timestamp NULL DEFAULT NULL,
  `expires_at` timestamp NULL DEFAULT NULL,
  `created_at` timestamp NULL DEFAULT NULL,
  `updated_at` timestamp NULL DEFAULT NULL,
  PRIMARY KEY (`id`),
  UNIQUE KEY `personal_access_tokens_token_unique` (`token`),
  KEY `personal_access_tokens_tokenable_type_tokenable_id_index` (`tokenable_type`,`tokenable_id`)
) ENGINE=InnoDB DEFAULT CHARSET=utf8mb4 COLLATE=utf8mb4_unicode_ci;
/*!40101 SET character_set_client = @saved_cs_client */;

--
-- Dumping data for table `personal_access_tokens`
--

LOCK TABLES `personal_access_tokens` WRITE;
/*!40000 ALTER TABLE `personal_access_tokens` DISABLE KEYS */;
/*!40000 ALTER TABLE `personal_access_tokens` ENABLE KEYS */;
UNLOCK TABLES;

--
-- Table structure for table `role_has_permissions`
--

DROP TABLE IF EXISTS `role_has_permissions`;
/*!40101 SET @saved_cs_client     = @@character_set_client */;
/*!40101 SET character_set_client = utf8 */;
CREATE TABLE `role_has_permissions` (
  `permission_id` bigint(20) unsigned NOT NULL,
  `role_id` bigint(20) unsigned NOT NULL,
  PRIMARY KEY (`permission_id`,`role_id`),
  KEY `role_has_permissions_role_id_foreign` (`role_id`)
) ENGINE=InnoDB DEFAULT CHARSET=utf8mb4 COLLATE=utf8mb4_unicode_ci;
/*!40101 SET character_set_client = @saved_cs_client */;

--
-- Dumping data for table `role_has_permissions`
--

LOCK TABLES `role_has_permissions` WRITE;
/*!40000 ALTER TABLE `role_has_permissions` DISABLE KEYS */;
/*!40000 ALTER TABLE `role_has_permissions` ENABLE KEYS */;
UNLOCK TABLES;

--
-- Table structure for table `roles`
--

DROP TABLE IF EXISTS `roles`;
/*!40101 SET @saved_cs_client     = @@character_set_client */;
/*!40101 SET character_set_client = utf8 */;
CREATE TABLE `roles` (
  `id` bigint(20) unsigned NOT NULL AUTO_INCREMENT,
  `name` varchar(255) NOT NULL,
  `description` varchar(100) DEFAULT NULL,
  `uuid` varchar(100) DEFAULT NULL,
  `guard_name` varchar(255) NOT NULL,
  `created_at` timestamp NULL DEFAULT NULL,
  `updated_at` timestamp NULL DEFAULT NULL,
  PRIMARY KEY (`id`),
  UNIQUE KEY `roles_name_guard_name_unique` (`name`,`guard_name`)
) ENGINE=InnoDB AUTO_INCREMENT=4 DEFAULT CHARSET=utf8mb4 COLLATE=utf8mb4_unicode_ci;
/*!40101 SET character_set_client = @saved_cs_client */;

--
-- Dumping data for table `roles`
--

LOCK TABLES `roles` WRITE;
/*!40000 ALTER TABLE `roles` DISABLE KEYS */;
INSERT INTO `roles` VALUES (1,'Super Admin',NULL,NULL,'web','2023-03-28 15:53:40','2023-03-28 15:53:40'),(2,'Admin',NULL,NULL,'web','2023-03-28 15:54:01','2023-03-28 15:54:01'),(3,'Member',NULL,NULL,'web','2023-03-28 17:11:51','2023-03-28 17:11:51');
/*!40000 ALTER TABLE `roles` ENABLE KEYS */;
UNLOCK TABLES;

--
-- Table structure for table `stock_past_due`
--

DROP TABLE IF EXISTS `stock_past_due`;
/*!40101 SET @saved_cs_client     = @@character_set_client */;
/*!40101 SET character_set_client = utf8 */;
CREATE TABLE `stock_past_due` (
  `id` int(11) NOT NULL AUTO_INCREMENT,
  `member_id` int(11) NOT NULL,
  `stock_for_month` varchar(100) NOT NULL,
  `past_due_days` int(11) NOT NULL DEFAULT 0,
  `penalty` float NOT NULL,
  `penalty_paid` float NOT NULL DEFAULT 0,
  `paid_status` tinyint(1) NOT NULL DEFAULT 0,
  `outstanding_amount` float NOT NULL DEFAULT 0,
  `current_balance` float NOT NULL DEFAULT 0,
  `last_paid_amount` float NOT NULL DEFAULT 0,
  `payment_id` int(11) DEFAULT NULL,
  `uuid` varchar(100) NOT NULL,
  `created_at` timestamp NOT NULL DEFAULT current_timestamp(),
  `updated_at` timestamp NOT NULL DEFAULT current_timestamp() ON UPDATE current_timestamp(),
  `financial_year_id` int(11) NOT NULL DEFAULT 1,
  PRIMARY KEY (`id`)
) ENGINE=InnoDB AUTO_INCREMENT=65 DEFAULT CHARSET=utf8mb3 COLLATE=utf8mb3_general_ci;
/*!40101 SET character_set_client = @saved_cs_client */;

--
-- Dumping data for table `stock_past_due`
--

LOCK TABLES `stock_past_due` WRITE;
/*!40000 ALTER TABLE `stock_past_due` DISABLE KEYS */;
INSERT INTO `stock_past_due` VALUES (2,13,'January 2024',28,42000,42000,1,0,42000,81000,66,'9b785ee0-94c7-46d6-a0fa-bee78fc06745','2024-02-03 11:35:01','2024-04-12 21:22:12',1),(3,13,'February 2024',26,39000,39000,1,0,39000,39000,66,'9baaaa90-b865-4233-8ed3-c20d7b3c626c','2024-03-03 23:55:01','2024-04-12 21:22:12',1),(6,11,'April 2024',4,6000,6000,1,0,6000,6000,76,'9bf91ef0-8496-448a-ba00-f18e6a5facb7','2024-05-01 23:58:04','2024-05-06 18:26:56',1),(7,13,'April 2024',23,34500,34500,1,0,34500,4500,100,'9c1f57a4-70d8-493c-ab26-6430eaf3d95d','2024-05-01 23:58:04','2024-05-27 13:07:24',1),(8,9,'May 2024',1,1500,1500,1,0,1500,1500,130,'9c31727e-d14a-42c2-b258-0d5264159fe1','2024-06-01 23:58:04','2024-07-14 16:26:56',1),(9,11,'May 2024',25,37500,37500,1,0,37500,37500,121,'9c61a2a6-bb62-4c27-a41f-5279ce04aa8f','2024-06-01 23:58:04','2024-06-26 23:03:31',1),(10,8,'June 2024',4,6000,6000,1,0,6000,16500,197,'9c73d4f9-4b34-4b6f-8c41-08be28a1ad45','2024-07-02 23:58:03','2024-10-10 07:09:28',1),(11,13,'August 2024',4,6000,6000,1,0,6000,6000,175,'9cf08dff-1aab-4fd1-945a-fbf2474e285e','2024-09-02 23:58:04','2024-09-11 18:02:18',1),(12,8,'September 2024',8,12000,12000,1,0,12000,1500,214,'9d34f374-021c-4064-bb22-2050ca246205','2024-10-02 23:58:02','2024-11-02 02:11:16',1),(13,13,'September 2024',1,1500,1500,1,0,1500,1500,192,'9d26de8f-ab5f-42f2-9823-589bb5e04bc0','2024-10-02 23:58:02','2024-10-03 20:42:06',1),(14,9,'October 2024',9,13500,13500,1,0,13500,13500,221,'9d7552f4-3b75-4fe8-abff-6c0667e40841','2024-11-03 04:58:01','2024-11-11 17:01:47',1),(15,10,'October 2024',1,1500,1500,1,0,1500,1500,256,'9d653b10-5c3a-48bf-b2e4-12ff8ae4a41b','2024-11-03 04:58:01','2024-12-21 23:00:28',1),(16,9,'November 2024',29,43500,12000,1,31500,12000,12000,240,'9dd9e826-5922-4ea8-96ad-7a017fe0ebf9','2024-12-03 05:58:05','2024-12-31 05:58:02',1),(17,12,'November 2024',29,43500,9000,1,34500,9000,9000,237,'9dd9e826-6fbb-48ea-b52e-96bc64f3d5a8','2024-12-03 05:58:05','2024-12-31 05:58:02',1),(18,11,'November 2024',29,43500,16500,1,27000,16500,16500,245,'9dd9e826-6812-4f95-b63d-1de051a439c6','2024-12-03 05:58:05','2024-12-31 05:58:02',1),(19,13,'November 2024',29,43500,28500,1,15000,28500,28500,251,'9dd9e826-7411-46fd-8a75-62d4f2e170d9','2024-12-03 05:58:05','2024-12-31 05:58:02',1),(20,1,'November 2024',29,43500,0,0,43500,0,0,NULL,'9dd9e826-4fd2-4b4e-bbb6-5f7576eb5c2f','2024-12-25 05:58:05','2024-12-31 05:58:02',1),(21,8,'November 2024',29,43500,0,0,43500,0,0,NULL,'9dd9e826-561b-4249-ba99-8fc2c8064eb4','2024-12-25 05:58:05','2024-12-31 05:58:02',1),(22,10,'November 2024',29,43500,0,0,43500,0,0,NULL,'9dd9e826-5c8c-4af6-9ac2-5086777b523a','2024-12-25 05:58:05','2024-12-31 05:58:02',1),(23,1,'December 2024',11,16500,0,0,16500,0,0,NULL,'9df340f6-2fe9-4bf2-8083-099ef5dfcce4','2025-01-03 05:58:02','2025-01-12 20:22:04',1),(24,8,'December 2024',11,16500,0,0,16500,0,0,NULL,'9df340f6-4a0e-43a6-8ce4-01b52a9f03f2','2025-01-03 05:58:02','2025-01-12 20:22:04',1),(25,9,'December 2024',11,16500,0,0,16500,0,0,NULL,'9df340f6-5565-4df0-8138-09d55bbf0f88','2025-01-03 05:58:02','2025-01-12 20:22:05',1),(26,12,'December 2024',11,16500,0,0,16500,0,0,NULL,'9df340f6-db02-4b55-b409-38f4272b291b','2025-01-03 05:58:02','2025-01-12 20:22:05',1),(27,11,'December 2024',11,16500,0,0,16500,0,0,NULL,'9df340f6-c357-4554-8bcb-23f27f88558e','2025-01-03 05:58:02','2025-01-12 20:22:05',1),(28,10,'December 2024',11,16500,0,0,16500,0,0,NULL,'9df340f6-a141-46cb-b585-75c1b9bec375','2025-01-03 05:58:02','2025-01-12 20:22:05',1),(29,13,'December 2024',11,16500,0,0,16500,0,0,NULL,'9df340f6-e68d-4c3a-981b-02a2f9f8bc6e','2025-01-03 05:58:02','2025-01-12 20:22:05',1),(30,1,'December 2024',6,9000,9000,1,0,9000,9000,274,'9dea0005-7ee8-434d-8a4d-20e5fbc6854a','2025-01-07 05:21:01','2025-01-09 04:07:22',2),(31,8,'December 2024',6,9000,9000,1,0,9000,9000,271,'9dea0005-8743-45da-b977-6a4dbb6665a3','2025-01-07 05:21:02','2025-01-09 03:59:03',2),(32,9,'December 2024',6,9000,9000,1,0,9000,9000,265,'9dea0005-8976-4993-a348-7c0149fd4076','2025-01-07 05:21:02','2025-01-09 00:03:54',2),(33,10,'December 2024',6,9000,9000,1,0,9000,141000,397,'9dea0005-a048-40b7-aa17-941f38622fb7','2025-01-07 05:21:02','2025-06-20 13:11:23',2),(34,11,'December 2024',30,45000,45000,1,0,45000,45000,296,'9e1a47a3-53fc-4690-9d64-15a44ae104d6','2025-01-07 05:21:02','2025-02-01 18:23:54',2),(35,12,'December 2024',28,42000,42000,1,0,42000,42000,291,'9e1641ab-6b2b-4055-b0cd-dc1f365ded47','2025-01-07 05:21:02','2025-01-30 20:24:12',2),(36,13,'December 2024',30,45000,45000,1,0,45000,40500,343,'9e1a47a3-5b56-486e-8b74-60c284db033c','2025-01-07 05:21:02','2025-04-26 20:13:35',2),(37,12,'January 2025',25,37500,37500,1,0,37500,37500,407,'9e4e9538-9628-44b7-aac2-532ca5d12e3b','2025-02-02 22:58:01','2025-06-29 13:53:06',2),(38,13,'January 2025',27,40500,40500,1,0,40500,40500,344,'9e529b30-fe53-4bb6-8d46-fc3a836a7411','2025-02-02 22:58:01','2025-04-26 20:13:41',2),(39,8,'February 2025',2,3000,3000,1,0,3000,3000,308,'9e58a424-8305-4444-b38e-95f1a9d52348','2025-03-02 22:58:02','2025-03-04 20:29:56',2),(40,9,'February 2025',4,6000,6000,1,0,6000,6000,311,'9e5caa1c-a5c7-4368-97b9-661898c22e1a','2025-03-02 22:58:02','2025-03-06 10:21:51',2),(41,10,'February 2025',12,18000,18000,1,0,18000,132000,397,'9e6cc1fc-abda-4146-ade8-5b8b4b07f60e','2025-03-02 22:58:02','2025-06-20 13:11:23',2),(42,13,'February 2025',27,40500,40500,1,0,40500,45000,345,'9e8aeebf-b353-4212-ba99-220de11b1753','2025-03-02 22:58:02','2025-04-26 20:13:46',2),(43,8,'March 2025',2,3000,3000,1,0,3000,3000,364,'9e9700a7-777f-4714-84a3-f357e3367aee','2025-04-02 21:58:01','2025-05-04 13:47:45',2),(44,10,'March 2025',29,43500,43500,1,0,43500,114000,397,'9ecd5138-d7f9-4b59-b956-4465bc28b1a6','2025-04-02 21:58:01','2025-06-20 13:11:23',2),(45,13,'March 2025',29,43500,43500,1,0,43500,36000,345,'9ecd5138-f0b3-4f0e-a996-74947f0efba8','2025-04-02 21:58:01','2025-05-28 19:20:19',2),(46,8,'April 2025',2,3000,3000,1,0,3000,3000,372,'9ed35a2d-551e-47e2-baf7-f422e8bc038a','2025-05-02 21:58:02','2025-05-04 15:37:35',2),(47,10,'April 2025',29,43500,43500,1,0,43500,70500,397,'9f09aac3-401f-4915-9324-5c2c337ccd71','2025-05-02 21:58:02','2025-06-20 13:11:23',2),(49,10,'May 2025',29,43500,27000,1,16500,27000,27000,397,'9f480742-61b6-49d5-b758-37c5d8335592','2025-06-02 21:58:02','2025-06-30 20:58:02',2),(50,13,'May 2025',29,43500,43500,1,0,43500,85000,426,'9f480742-9217-4c78-a10f-ed3791225745','2025-06-02 21:58:02','2025-07-30 13:58:22',2),(51,10,'June 2025',29,43500,0,0,43500,0,0,NULL,'9f8460c9-ce50-4d7f-bb06-55734b4d2774','2025-07-02 20:58:02','2025-07-30 20:58:03',2),(52,13,'June 2025',28,42000,42000,1,0,42000,31500,479,'9f825dcc-22a4-4cbd-a455-341f34c242a5','2025-07-02 20:58:02','2025-10-01 04:49:20',2),(53,10,'July 2025',25,37500,0,0,37500,0,0,NULL,'9fbab159-fe3b-4a98-aaa1-f9eb78a7dd4b','2025-08-02 20:58:02','2025-08-26 20:58:02',2),(54,13,'July 2025',21,31500,31500,1,0,31500,500,480,'9fb2a56b-032e-498b-929f-15b8f42978fe','2025-08-02 20:58:02','2025-10-01 04:49:29',2),(55,8,'August 2025',7,10500,10500,1,0,10500,10500,459,'9fd4d825-8bef-4dbb-bdb5-f7d8c213ff34','2025-09-02 20:58:02','2025-09-09 11:30:41',2),(56,10,'August 2025',29,43500,0,0,43500,0,0,NULL,'a00119cc-caf3-4e78-bbff-6e22ec5d291e','2025-09-02 20:58:02','2025-09-30 20:58:02',2),(57,10,'September 2025',29,43500,0,0,43500,0,0,NULL,'a03d7351-4872-44ff-a146-c46d08d7519c','2025-10-02 20:58:01','2025-10-30 20:58:01',2),(58,8,'October 2025',10,15000,15000,1,0,15000,15000,508,'a0559722-02b9-4b29-86b8-45ea88955677','2025-11-02 20:58:02','2025-11-12 19:06:35',2),(59,9,'October 2025',29,43500,43500,1,0,43500,43500,525,'a07bcfd3-b43f-4e1f-a14d-7e8c5c9c96d3','2025-11-02 20:58:02','2025-12-03 17:05:43',2),(60,10,'October 2025',9,13500,0,0,13500,0,0,NULL,'a0539425-ee05-4145-b9b7-b96a41664572','2025-11-02 20:58:02','2025-11-10 20:58:02',2),(61,13,'October 2025',29,43500,0,0,43500,0,0,NULL,'a07bcfd3-c1e5-44ee-a1bd-08c6f0d09aac','2025-11-02 20:58:02','2025-11-30 20:58:01',2),(62,8,'November 2025',1,1500,0,0,1500,0,0,NULL,'a07fd5cb-0fdf-45e1-b351-ea965b8f8269','2025-12-02 20:58:01','2025-12-02 20:58:01',2),(63,9,'November 2025',20,30000,1500,1,28500,1500,1500,525,'a0a60e7e-f9e8-4260-951d-630c546e96e5','2025-12-02 20:58:01','2025-12-21 20:58:02',2),(64,13,'November 2025',20,30000,0,0,30000,0,0,NULL,'a0a60e7f-0681-4be1-9a60-440ce7d04b79','2025-12-02 20:58:01','2025-12-21 20:58:02',2);
/*!40000 ALTER TABLE `stock_past_due` ENABLE KEYS */;
UNLOCK TABLES;

--
-- Table structure for table `users`
--

DROP TABLE IF EXISTS `users`;
/*!40101 SET @saved_cs_client     = @@character_set_client */;
/*!40101 SET character_set_client = utf8 */;
CREATE TABLE `users` (
  `id` bigint(20) unsigned NOT NULL AUTO_INCREMENT,
  `name` varchar(255) NOT NULL,
  `email` varchar(255) NOT NULL,
  `phone_number` varchar(20) NOT NULL,
  `email_verified_at` timestamp NULL DEFAULT NULL,
  `password` varchar(255) NOT NULL,
  `remember_token` varchar(100) DEFAULT NULL,
  `status` varchar(10) NOT NULL DEFAULT 'Active',
  `password_change_status` int(11) NOT NULL DEFAULT 0,
  `password_change_date` date DEFAULT NULL,
  `uuid` varchar(100) NOT NULL,
  `member_id` int(11) NOT NULL,
  `created_at` timestamp NULL DEFAULT NULL,
  `updated_at` timestamp NULL DEFAULT NULL,
  PRIMARY KEY (`id`),
  UNIQUE KEY `users_email_unique` (`email`)
) ENGINE=InnoDB AUTO_INCREMENT=10 DEFAULT CHARSET=utf8mb4 COLLATE=utf8mb4_unicode_ci;
/*!40101 SET character_set_client = @saved_cs_client */;

--
-- Dumping data for table `users`
--

LOCK TABLES `users` WRITE;
/*!40000 ALTER TABLE `users` DISABLE KEYS */;
INSERT INTO `users` VALUES (1,'Luhangano Lupenza','lupenza10@gmail.com','255683130185','2023-05-23 20:27:53','$2y$10$qPyWP.e56HYzioPzxJz4VOA9efzt5sgO2nMzvp/q8i3UygXhZNIiW',NULL,'Active',1,'2023-12-21','9ae64647-aa98-47de-b3a3-64024fffd158',1,NULL,NULL),(4,'Noel Sumbe','noelsumbe@gmail.com','255713510645',NULL,'$2y$10$x2XxCO3uF6QFpwMyf4HP1uQufkh/RWb3dIlbZ3Xo6RqPGFZhQFeSe',NULL,'Active',1,'2024-01-25','9b2d525f-beb2-43a8-a9ef-e0f06c6f1cb8',8,'2024-01-25 13:32:58','2024-01-25 13:33:53'),(5,'Lazaro Lazaro','lazaroisaac36@gmail.com','255627322093',NULL,'$2y$10$ol60HI9Kcm9W55ka6ni9Fe9Hk80KZA6oyzjM17ajYD0A8GcNcbrju',NULL,'Active',1,'2024-01-25','9b2d5fe0-0495-4b10-baae-74901af5c28a',9,'2024-01-25 14:10:43','2024-01-25 15:08:34'),(6,'Dickson Fissoo','fissoonamson98@gmail.com','255788581698',NULL,'$2y$10$SLsQPPZhvy90yljASG0.kOugE/vC3bouPiO5OfdDeR5ZLq//SmrXm',NULL,'Active',1,'2024-01-25','9b2d8fbf-9ee7-4dd7-8124-e45fbc53f172',10,'2024-01-25 16:24:35','2024-01-25 16:39:11'),(7,'Frank Daniel','Kessyfra@gmail.com','255684469338',NULL,'$2y$10$aCW0vy.o08Q2R7.oyjPjc.CZJ7g.L7F5D5.sS2m6DFdGL3CooIp/W',NULL,'Active',1,'2024-01-27','9b2ebcd9-6f7e-4bf7-862e-d7058663316b',11,'2024-01-26 06:26:31','2024-01-27 10:21:07'),(8,'Fortunatus Shao','fortunatus.edes@gmail.com','255658840898',NULL,'$2y$10$bVMEIKH/AaA7.quJJYI9yeJWBRMjBcQFVa6/GCNVhyGBw2JqaIAAu',NULL,'Active',1,'2024-01-31','9b395084-bfbe-4910-8e17-6c26f6ef2ed5',12,'2024-01-31 12:37:43','2024-01-31 13:43:06'),(9,'Amedeus Kimaro','amedeusraphael.ar@gmail.com','255785122441',NULL,'$2y$10$tYX5ni5xsyekE0uCdpUqaeNKoo/QEaBAZ3tYglRarGZdOAz6GeR.q',NULL,'Active',1,'2024-01-31','9b3951b5-fc26-4b9a-9b16-e699436ab3e3',13,'2024-01-31 12:41:03','2024-01-31 12:56:01');
/*!40000 ALTER TABLE `users` ENABLE KEYS */;
UNLOCK TABLES;
/*!40103 SET TIME_ZONE=@OLD_TIME_ZONE */;

/*!40101 SET SQL_MODE=@OLD_SQL_MODE */;
/*!40014 SET FOREIGN_KEY_CHECKS=@OLD_FOREIGN_KEY_CHECKS */;
/*!40014 SET UNIQUE_CHECKS=@OLD_UNIQUE_CHECKS */;
/*!40101 SET CHARACTER_SET_CLIENT=@OLD_CHARACTER_SET_CLIENT */;
/*!40101 SET CHARACTER_SET_RESULTS=@OLD_CHARACTER_SET_RESULTS */;
/*!40101 SET COLLATION_CONNECTION=@OLD_COLLATION_CONNECTION */;
/*!40111 SET SQL_NOTES=@OLD_SQL_NOTES */;

-- Dump completed on 2026-01-19 15:54:25
