-- MySQL dump 10.13  Distrib 8.0.39, for Linux (x86_64)
--
-- Host: localhost    Database: usk
-- ------------------------------------------------------
-- Server version	8.0.39-0ubuntu0.22.04.1

/*!40101 SET @OLD_CHARACTER_SET_CLIENT=@@CHARACTER_SET_CLIENT */;
/*!40101 SET @OLD_CHARACTER_SET_RESULTS=@@CHARACTER_SET_RESULTS */;
/*!40101 SET @OLD_COLLATION_CONNECTION=@@COLLATION_CONNECTION */;
/*!50503 SET NAMES utf8mb4 */;
/*!40103 SET @OLD_TIME_ZONE=@@TIME_ZONE */;
/*!40103 SET TIME_ZONE='+00:00' */;
/*!40014 SET @OLD_UNIQUE_CHECKS=@@UNIQUE_CHECKS, UNIQUE_CHECKS=0 */;
/*!40014 SET @OLD_FOREIGN_KEY_CHECKS=@@FOREIGN_KEY_CHECKS, FOREIGN_KEY_CHECKS=0 */;
/*!40101 SET @OLD_SQL_MODE=@@SQL_MODE, SQL_MODE='NO_AUTO_VALUE_ON_ZERO' */;
/*!40111 SET @OLD_SQL_NOTES=@@SQL_NOTES, SQL_NOTES=0 */;

--
-- Table structure for table `expenditures`
--

DROP TABLE IF EXISTS `expenditures`;
/*!40101 SET @saved_cs_client     = @@character_set_client */;
/*!50503 SET character_set_client = utf8mb4 */;
CREATE TABLE `expenditures` (
  `id` int NOT NULL AUTO_INCREMENT,
  `amount` float NOT NULL,
  `payment_date` datetime NOT NULL,
  `payment_reference` varchar(100) NOT NULL,
  `paid_to_who` varchar(255) NOT NULL,
  `remarks` text NOT NULL,
  `uuid` varchar(100) NOT NULL,
  `created_by` int NOT NULL,
  `created_at` datetime NOT NULL DEFAULT CURRENT_TIMESTAMP,
  `updated_at` datetime NOT NULL DEFAULT CURRENT_TIMESTAMP ON UPDATE CURRENT_TIMESTAMP,
  PRIMARY KEY (`id`)
) ENGINE=InnoDB DEFAULT CHARSET=utf8mb3;
/*!40101 SET character_set_client = @saved_cs_client */;

--
-- Dumping data for table `expenditures`
--

LOCK TABLES `expenditures` WRITE;
/*!40000 ALTER TABLE `expenditures` DISABLE KEYS */;
/*!40000 ALTER TABLE `expenditures` ENABLE KEYS */;
UNLOCK TABLES;

--
-- Table structure for table `failed_jobs`
--

DROP TABLE IF EXISTS `failed_jobs`;
/*!40101 SET @saved_cs_client     = @@character_set_client */;
/*!50503 SET character_set_client = utf8mb4 */;
CREATE TABLE `failed_jobs` (
  `id` bigint unsigned NOT NULL AUTO_INCREMENT,
  `uuid` varchar(255) CHARACTER SET utf8mb4 COLLATE utf8mb4_unicode_ci NOT NULL,
  `connection` text CHARACTER SET utf8mb4 COLLATE utf8mb4_unicode_ci NOT NULL,
  `queue` text CHARACTER SET utf8mb4 COLLATE utf8mb4_unicode_ci NOT NULL,
  `payload` longtext CHARACTER SET utf8mb4 COLLATE utf8mb4_unicode_ci NOT NULL,
  `exception` longtext CHARACTER SET utf8mb4 COLLATE utf8mb4_unicode_ci NOT NULL,
  `failed_at` timestamp NOT NULL DEFAULT CURRENT_TIMESTAMP,
  PRIMARY KEY (`id`),
  UNIQUE KEY `failed_jobs_uuid_unique` (`uuid`)
) ENGINE=InnoDB AUTO_INCREMENT=45 DEFAULT CHARSET=utf8mb4 COLLATE=utf8mb4_unicode_ci;
/*!40101 SET character_set_client = @saved_cs_client */;

--
-- Dumping data for table `failed_jobs`
--

LOCK TABLES `failed_jobs` WRITE;
/*!40000 ALTER TABLE `failed_jobs` DISABLE KEYS */;
/*!40000 ALTER TABLE `failed_jobs` ENABLE KEYS */;
UNLOCK TABLES;

--
-- Table structure for table `fee_past_dues`
--

DROP TABLE IF EXISTS `fee_past_dues`;
/*!40101 SET @saved_cs_client     = @@character_set_client */;
/*!50503 SET character_set_client = utf8mb4 */;
CREATE TABLE `fee_past_dues` (
  `id` int NOT NULL AUTO_INCREMENT,
  `member_id` int NOT NULL,
  `fee_for_month` varchar(100) NOT NULL,
  `past_due_days` int NOT NULL DEFAULT '0',
  `penalty` float NOT NULL,
  `penalty_paid` float NOT NULL DEFAULT '0',
  `paid_status` tinyint(1) NOT NULL DEFAULT '0',
  `current_balance` float NOT NULL DEFAULT '0',
  `outstanding_amount` float NOT NULL DEFAULT '0',
  `last_paid_amount` float NOT NULL DEFAULT '0',
  `payment_id` int DEFAULT NULL,
  `uuid` varchar(100) NOT NULL,
  `created_at` timestamp NOT NULL DEFAULT CURRENT_TIMESTAMP,
  `updated_at` timestamp NOT NULL DEFAULT CURRENT_TIMESTAMP ON UPDATE CURRENT_TIMESTAMP,
  PRIMARY KEY (`id`)
) ENGINE=InnoDB AUTO_INCREMENT=16 DEFAULT CHARSET=utf8mb3;
/*!40101 SET character_set_client = @saved_cs_client */;

--
-- Dumping data for table `fee_past_dues`
--

LOCK TABLES `fee_past_dues` WRITE;
/*!40000 ALTER TABLE `fee_past_dues` DISABLE KEYS */;
INSERT INTO `fee_past_dues` VALUES (1,13,'January 2024',28,42000,42000,1,42000,0,81000,61,'9b785ff3-0371-4af3-92f3-2f23f9b6603b','2024-02-02 00:40:28','2024-04-12 21:21:10'),(3,13,'February 2024',26,39000,39000,1,39000,0,39000,61,'9baaa7b3-c2fd-4537-b456-33fb443cba77','2024-03-03 23:58:01','2024-04-12 21:21:10'),(7,11,'April 2024',4,6000,6000,1,6000,0,6000,77,'9bf91c18-314e-439a-92f2-879a7aedc626','2024-05-01 23:50:03','2024-05-06 18:27:08'),(8,13,'April 2024',23,34500,34500,1,34500,0,4500,101,'9c1f54c7-885d-42e6-8729-2835f8136403','2024-05-01 23:50:03','2024-05-27 13:07:28'),(9,9,'May 2024',1,1500,1500,1,1500,0,1500,131,'9c316fa1-ddb6-47c5-894d-c60a88f5ca31','2024-06-01 23:50:04','2024-07-14 16:27:02'),(10,10,'May 2024',11,16500,16500,1,16500,0,16500,112,'9c458d7d-433e-4c5c-81fc-8404aa65eff2','2024-06-01 23:50:04','2024-06-13 18:55:19'),(11,8,'June 2024',4,6000,6000,1,6000,0,6000,140,'9c73d220-e604-406b-8444-afd705082b0b','2024-07-02 23:50:03','2024-07-29 19:19:56'),(12,10,'June 2024',16,24000,0,0,0,24000,0,NULL,'9c8bf5ed-62a5-4ae1-8810-bacceb43ef1c','2024-07-02 23:50:03','2024-07-17 23:50:03'),(13,13,'August 2024',4,6000,6000,1,6000,0,6000,173,'9cf08b22-142b-40b5-a357-73d819031925','2024-09-02 23:50:03','2024-09-06 10:25:36'),(14,8,'September 2024',8,12000,8500,0,8500,3500,8500,199,'9d34f096-ffb1-466d-9b73-3012f00e893c','2024-10-02 23:50:05','2024-10-10 07:09:43'),(15,13,'September 2024',1,1500,1500,1,1500,0,1500,190,'9d26dbb7-2731-4c5b-b797-1a27c788d82e','2024-10-02 23:50:05','2024-10-03 20:41:42');
/*!40000 ALTER TABLE `fee_past_dues` ENABLE KEYS */;
UNLOCK TABLES;

--
-- Table structure for table `id_types`
--

DROP TABLE IF EXISTS `id_types`;
/*!40101 SET @saved_cs_client     = @@character_set_client */;
/*!50503 SET character_set_client = utf8mb4 */;
CREATE TABLE `id_types` (
  `id` int NOT NULL AUTO_INCREMENT,
  `name` varchar(20) NOT NULL,
  `created_at` timestamp NOT NULL DEFAULT CURRENT_TIMESTAMP,
  `updated_at` timestamp NOT NULL DEFAULT CURRENT_TIMESTAMP ON UPDATE CURRENT_TIMESTAMP,
  PRIMARY KEY (`id`)
) ENGINE=InnoDB AUTO_INCREMENT=3 DEFAULT CHARSET=utf8mb3;
/*!40101 SET character_set_client = @saved_cs_client */;

--
-- Dumping data for table `id_types`
--

LOCK TABLES `id_types` WRITE;
/*!40000 ALTER TABLE `id_types` DISABLE KEYS */;
INSERT INTO `id_types` VALUES (1,'National Id','2023-03-28 19:41:11','2023-03-28 19:41:11'),(2,'Driving Licence','2023-03-28 19:41:11','2023-03-28 19:41:11');
/*!40000 ALTER TABLE `id_types` ENABLE KEYS */;
UNLOCK TABLES;

--
-- Table structure for table `installments`
--

DROP TABLE IF EXISTS `installments`;
/*!40101 SET @saved_cs_client     = @@character_set_client */;
/*!50503 SET character_set_client = utf8mb4 */;
CREATE TABLE `installments` (
  `id` int NOT NULL AUTO_INCREMENT,
  `installment_no` int NOT NULL,
  `installment_amount` float NOT NULL,
  `current_balance` float DEFAULT '0',
  `outstanding_amount` float NOT NULL,
  `penalt_amount` float NOT NULL DEFAULT '0',
  `past_due_days` int NOT NULL DEFAULT '0',
  `past_due_amount` float DEFAULT NULL,
  `penalt_amount_paid` float DEFAULT '0',
  `last_paid_amount` float NOT NULL DEFAULT '0',
  `date_of_last_payment` date DEFAULT NULL,
  `payment_date` date DEFAULT NULL,
  `last_paid_date` date DEFAULT NULL,
  `loan_contract_id` int NOT NULL,
  `status` varchar(20) NOT NULL DEFAULT 'OPEN',
  `uuid` varchar(100) NOT NULL,
  `created_at` timestamp NOT NULL DEFAULT CURRENT_TIMESTAMP,
  `updated_at` timestamp NOT NULL DEFAULT CURRENT_TIMESTAMP ON UPDATE CURRENT_TIMESTAMP,
  PRIMARY KEY (`id`)
) ENGINE=InnoDB AUTO_INCREMENT=66 DEFAULT CHARSET=utf8mb3;
/*!40101 SET character_set_client = @saved_cs_client */;

--
-- Dumping data for table `installments`
--

LOCK TABLES `installments` WRITE;
/*!40000 ALTER TABLE `installments` DISABLE KEYS */;
INSERT INTO `installments` VALUES (1,1,72000,72000,0,0,0,NULL,0,72000,NULL,'2024-03-08',NULL,1,'CLOSED','9b49ad9d-e04b-4fbc-8b96-ebce04a68cec','2024-02-08 18:51:17','2024-03-02 20:16:08'),(2,2,72000,72000,0,0,0,NULL,0,72000,NULL,'2024-04-08',NULL,1,'CLOSED','9b49ad9d-e2bc-404e-b51e-4a28fc2c8719','2024-02-08 18:51:17','2024-03-25 21:51:00'),(3,3,72000,72000,0,0,0,NULL,0,72000,NULL,'2024-05-08',NULL,1,'CLOSED','9b49ad9d-e5b5-404a-86d0-51687dd71d0e','2024-02-08 18:51:17','2024-05-06 18:27:17'),(4,1,735000,735000,0,0,0,0,0,735000,NULL,'2024-03-02',NULL,2,'CLOSED','9b5fcbef-b98f-40d7-9da4-0365e127be8c','2024-02-19 18:44:16','2024-03-04 17:24:27'),(5,1,324000,324000,0,0,0,NULL,0,324000,NULL,'2024-03-19',NULL,3,'CLOSED','9b6103ef-b7cf-4278-bf1e-51f575f28b8e','2024-02-20 09:16:41','2024-03-19 23:38:34'),(6,2,324000,324000,0,0,0,NULL,0,153000,NULL,'2024-04-19',NULL,3,'CLOSED','9b6103ef-b9ca-45a1-81d4-c283cab2218d','2024-02-20 09:16:41','2024-04-06 14:46:50'),(7,3,324000,324000,0,0,0,NULL,0,324000,NULL,'2024-05-19',NULL,3,'CLOSED','9b6103ef-bbd2-4657-9a10-e37180022a01','2024-02-20 09:16:41','2024-04-06 14:46:50'),(8,1,630000,630000,0,0,0,NULL,0,630000,NULL,'2024-04-12',NULL,4,'CLOSED','9b8beb39-5856-4d9a-9897-9a3f3e7b7935','2024-03-12 17:08:11','2024-03-17 15:22:18'),(9,1,144000,144000,0,0,0,NULL,0,144000,NULL,'2024-04-18',NULL,5,'CLOSED','9b984f3c-cd3d-4f81-9baf-bda41ef641e3','2024-03-18 20:57:47','2024-04-18 22:44:02'),(10,2,144000,144000,0,0,0,NULL,0,144000,NULL,'2024-05-18',NULL,5,'CLOSED','9b984f3c-d0c5-49e3-8d1c-c07a939c7f45','2024-03-18 20:57:47','2024-05-18 18:33:40'),(11,3,144000,144000,0,0,0,NULL,0,144000,NULL,'2024-06-18',NULL,5,'CLOSED','9b984f3c-d47e-4bbb-ba73-4128d3cd8370','2024-03-18 20:57:47','2024-05-27 19:46:06'),(12,4,144000,144000,0,0,0,NULL,0,144000,NULL,'2024-07-18',NULL,5,'CLOSED','9b984f3c-d7f8-474c-ad31-97461ffaed4a','2024-03-18 20:57:47','2024-05-27 19:46:06'),(13,5,144000,144000,0,0,0,NULL,0,144000,NULL,'2024-08-18',NULL,5,'CLOSED','9b984f3c-da7e-4fb4-a087-4f359c180273','2024-03-18 20:57:47','2024-05-27 19:46:06'),(14,6,144000,144000,0,0,0,NULL,0,144000,NULL,'2024-09-18',NULL,5,'CLOSED','9b984f3c-dca3-4427-822c-5ba8d1075653','2024-03-18 20:57:47','2024-05-27 19:46:06'),(15,1,405000,405000,0,0,0,NULL,0,405000,NULL,'2024-05-06',NULL,6,'CLOSED','9bbe292e-4b47-4a93-b622-ff60913707bd','2024-04-06 16:32:49','2024-05-06 19:46:17'),(16,2,405000,5000,400000,20250,128,425250,0,5000,NULL,'2024-06-06',NULL,6,'OPEN','9bbe292e-4f69-460e-bcbc-82fcb1ec05e2','2024-04-06 16:32:49','2024-10-12 23:50:07'),(17,3,405000,0,405000,20250,98,425250,0,0,NULL,'2024-07-06',NULL,6,'OPEN','9bbe292e-52f0-4a68-83e0-098b29217b20','2024-04-06 16:32:49','2024-10-12 23:50:07'),(18,4,405000,0,405000,20250,67,425250,0,0,NULL,'2024-08-06',NULL,6,'OPEN','9bbe292e-554d-4541-a302-4e2bacee8db5','2024-04-06 16:32:49','2024-10-12 23:50:07'),(19,5,405000,0,405000,20250,36,425250,0,0,NULL,'2024-09-06',NULL,6,'OPEN','9bbe292e-58ac-4859-81b5-7beb673cca00','2024-04-06 16:32:49','2024-10-12 23:50:07'),(20,6,405000,0,405000,20250,6,425250,0,0,NULL,'2024-10-06',NULL,6,'OPEN','9bbe292e-5b49-4ebb-a5ba-f554ea81108b','2024-04-06 16:32:49','2024-10-12 23:50:07'),(21,7,405000,0,405000,0,0,NULL,0,0,NULL,'2024-11-06',NULL,6,'OPEN','9bbe292e-5d4f-4498-a8ff-02ef30c577eb','2024-04-06 16:32:49','2024-04-06 16:32:49'),(22,8,405000,0,405000,0,0,NULL,0,0,NULL,'2024-12-06',NULL,6,'OPEN','9bbe292e-600a-416d-87b1-7de37d811c3b','2024-04-06 16:32:49','2024-04-06 16:32:49'),(23,1,54000,54000,0,0,0,NULL,0,54000,NULL,'2024-05-12',NULL,7,'CLOSED','9bca6198-ae1a-4013-a721-a7cfe151c3ae','2024-04-12 18:20:30','2024-05-11 13:39:04'),(24,2,54000,54000,0,0,0,NULL,0,53000,NULL,'2024-06-12',NULL,7,'CLOSED','9bca6198-b05f-408e-82ba-2cb19c213134','2024-04-12 18:20:30','2024-06-12 15:59:42'),(25,3,54000,54000,0,0,0,NULL,0,53000,NULL,'2024-07-12',NULL,7,'CLOSED','9bca6198-b341-46ca-86da-9a81f17fb8ee','2024-04-12 18:20:30','2024-06-13 17:51:12'),(26,4,54000,54000,0,0,0,NULL,0,54000,NULL,'2024-08-12',NULL,7,'CLOSED','9bca6198-b5af-42e3-98e8-3a34f3ddb2b5','2024-04-12 18:20:30','2024-06-13 17:51:12'),(27,1,630000,630000,0,0,59,31500,31500,630000,NULL,'2024-02-13',NULL,8,'CLOSED','9bca86ae-0bb9-40b3-ae19-111a9a2f640b','2024-04-12 20:04:12','2024-04-12 20:19:22'),(28,1,183600,183600,0,0,71,9180,9180,183600,NULL,'2024-02-01',NULL,9,'CLOSED','9bca873c-9858-4a6d-b357-5403de960af1','2024-04-12 20:05:45','2024-04-12 20:23:21'),(29,2,183600,183600,0,0,42,9180,9180,183600,NULL,'2024-03-01',NULL,9,'CLOSED','9bca873c-9ae9-4f1d-82a1-6e936ebdbbf3','2024-04-12 20:05:45','2024-04-12 20:23:21'),(30,3,183600,183600,0,0,11,9180,9180,183600,NULL,'2024-04-01',NULL,9,'CLOSED','9bca873c-a0d3-4225-8959-6f72d56a0156','2024-04-12 20:05:45','2024-04-12 20:23:21'),(31,4,183600,183600,0,0,23,9180,9180,183600,NULL,'2024-05-01',NULL,9,'CLOSED','9bca873c-a42f-4ac5-83b9-e28cc7068b71','2024-04-12 20:05:45','2024-05-25 13:00:02'),(32,5,183600,183600,0,0,0,NULL,0,183600,NULL,'2024-06-01',NULL,9,'CLOSED','9bca873c-a64b-4903-aa61-e2bd355b7d20','2024-04-12 20:05:45','2024-05-25 13:00:07'),(33,6,183600,183600,0,0,0,NULL,0,183600,NULL,'2024-07-01',NULL,9,'CLOSED','9bca873c-a88e-418a-ad43-2e5d0eec6e53','2024-04-12 20:05:45','2024-05-25 13:00:11'),(34,1,1050000,1050000,0,0,62,999500,52500,49500,NULL,'2024-05-12',NULL,10,'CLOSED','9bcaae57-ee09-490f-9154-9feb66d2c9cc','2024-04-12 21:55:06','2024-07-14 18:51:28'),(35,1,126000,126000,0,0,0,NULL,0,126000,NULL,'2024-05-30',NULL,11,'CLOSED','9bdfeabb-dfae-4a31-8336-181902654686','2024-04-23 11:16:21','2024-05-27 13:06:03'),(36,2,126000,126000,0,0,0,NULL,0,126000,NULL,'2024-06-30',NULL,11,'CLOSED','9bdfeabb-e21e-482b-8095-bcc6df7f1f73','2024-04-23 11:16:21','2024-06-28 18:41:16'),(37,3,126000,126000,0,0,0,NULL,0,126000,NULL,'2024-07-30',NULL,11,'CLOSED','9bdfeabb-e437-46ee-807f-dd27e6b37cee','2024-04-23 11:16:21','2024-07-30 17:39:33'),(38,4,126000,126000,0,0,0,NULL,0,126000,NULL,'2024-08-30',NULL,11,'CLOSED','9bdfeabb-e69b-4e21-aef8-345ae0428193','2024-04-23 11:16:21','2024-08-27 14:52:43'),(39,5,126000,126000,0,0,0,NULL,0,126000,NULL,'2024-09-30',NULL,11,'CLOSED','9bdfeabb-e930-4b95-8e4d-d1b83a3e711d','2024-04-23 11:16:21','2024-09-27 12:07:29'),(40,6,126000,0,126000,0,0,NULL,0,0,NULL,'2024-10-30',NULL,11,'OPEN','9bdfeabb-ebd1-49d3-bb56-6405e71d0615','2024-04-23 11:16:21','2024-04-23 11:16:21'),(41,1,1050000,1050000,0,0,0,NULL,0,1050000,NULL,'2024-06-07',NULL,12,'CLOSED','9bfcdc6c-552c-4e32-b0fd-a5df51e6b1ac','2024-05-07 20:35:21','2024-05-25 12:57:32'),(42,1,468000,468000,0,0,0,NULL,0,468000,NULL,'2024-07-01',NULL,13,'CLOSED','9c288972-94a7-41e0-9040-6b772799a1fb','2024-05-29 13:39:46','2024-06-30 21:24:14'),(43,2,468000,468000,0,0,0,NULL,0,468000,NULL,'2024-07-31',NULL,13,'CLOSED','9c288972-9767-43e2-b701-e898b33d70ba','2024-05-29 13:39:46','2024-07-31 20:31:24'),(44,3,468000,468000,0,0,30,444600,23400,23400,NULL,'2024-08-31',NULL,13,'CLOSED','9c288972-9a1b-4ed6-8d92-a7387f62b6c3','2024-05-29 13:39:46','2024-10-01 22:17:43'),(45,4,468000,444600,23400,23400,11,491400,0,444600,NULL,'2024-10-01',NULL,13,'OPEN','9c288972-9bfb-4c7e-8621-d2658f1e9cd2','2024-05-29 13:39:46','2024-10-12 23:50:07'),(46,5,468000,0,468000,0,0,NULL,0,0,NULL,'2024-10-31',NULL,13,'OPEN','9c288972-9de8-427c-9e8d-cc24e7ed51c8','2024-05-29 13:39:46','2024-05-29 13:39:46'),(47,6,468000,0,468000,0,0,NULL,0,0,NULL,'2024-12-01',NULL,13,'OPEN','9c288972-9ff5-4a11-9760-e346f6f091d8','2024-05-29 13:39:46','2024-05-29 13:39:46'),(48,1,1050000,1050000,0,0,1,52500,52500,1050000,NULL,'2024-07-01',NULL,14,'CLOSED','9c2d0c8c-8f34-4517-96e8-78a2f61b1410','2024-05-31 19:29:39','2024-07-03 19:19:57'),(49,1,234000,234000,0,0,0,NULL,0,234000,NULL,'2024-08-04',NULL,15,'CLOSED','9c74d182-b9ec-418b-a4fe-a8406776a24e','2024-07-06 11:44:11','2024-07-24 13:36:31'),(50,2,234000,234000,0,0,0,NULL,0,100000,NULL,'2024-09-04',NULL,15,'CLOSED','9c74d182-bc39-43db-8ad5-5757e447c4bb','2024-07-06 11:44:11','2024-08-22 11:02:34'),(51,3,234000,234000,0,0,0,NULL,0,34000,NULL,'2024-10-04',NULL,15,'CLOSED','9c74d182-be61-4b1f-a70a-67ceaab81c51','2024-07-06 11:44:11','2024-09-25 18:45:16'),(52,4,234000,0,234000,0,0,NULL,0,0,NULL,'2024-11-04',NULL,15,'OPEN','9c74d182-c0e2-4d44-a6c6-278cfe1954f3','2024-07-06 11:44:11','2024-07-06 11:44:11'),(53,5,234000,0,234000,0,0,NULL,0,0,NULL,'2024-12-04',NULL,15,'OPEN','9c74d182-c32b-4ed2-8e2e-292ce762aa9e','2024-07-06 11:44:11','2024-07-06 11:44:11'),(54,6,234000,0,234000,0,0,NULL,0,0,NULL,'2025-01-04',NULL,15,'OPEN','9c74d182-c558-4d90-9262-5e0613e260b9','2024-07-06 11:44:11','2024-07-06 11:44:11'),(55,1,1050000,0,1050000,52500,67,1102500,0,0,NULL,'2024-08-06',NULL,16,'OPEN','9c7ac3f0-7409-41f8-ad91-9d4002d22457','2024-07-09 10:41:12','2024-10-12 23:50:07'),(56,1,126000,126000,0,0,0,NULL,0,126000,NULL,'2024-08-06',NULL,17,'CLOSED','9c7ac4b3-ce0d-45a7-81dc-ddd8f1c621d7','2024-07-09 10:43:20','2024-07-24 08:57:50'),(57,2,126000,126000,0,0,0,NULL,0,126000,NULL,'2024-09-06',NULL,17,'CLOSED','9c7ac4b3-d39f-44d6-83ad-09ce46ac64af','2024-07-09 10:43:20','2024-08-24 21:37:51'),(58,3,126000,126000,0,0,0,NULL,0,126000,NULL,'2024-10-06',NULL,17,'CLOSED','9c7ac4b3-d76d-442d-b8c1-fbba235b0968','2024-07-09 10:43:20','2024-09-25 21:21:33'),(59,1,525000,525000,0,0,0,NULL,0,525000,NULL,'2024-08-31',NULL,18,'CLOSED','9c93457a-fc47-4ac8-a178-16cb09463004','2024-07-21 15:03:18','2024-08-24 21:38:20'),(60,1,1050000,1050000,0,0,5,52500,52500,1050000,NULL,'2024-10-01',NULL,19,'CLOSED','9cede2ab-6e45-4592-a29b-6f38d9b6b3b1','2024-09-04 16:07:20','2024-10-07 20:12:16'),(61,1,210000,210000,0,0,0,NULL,0,210000,NULL,'2024-09-11',NULL,20,'CLOSED','9cede4c6-7975-4590-9c53-b5b8a18cb397','2024-09-04 16:13:13','2024-09-11 18:01:12'),(62,1,735000,0,735000,0,0,NULL,0,0,NULL,'2024-10-17',NULL,21,'OPEN','9d0a1c9c-a300-47aa-8751-bf5cc0b8a58c','2024-09-18 16:52:32','2024-09-18 16:52:32'),(63,1,1080000,0,1080000,0,0,NULL,0,0,NULL,'2024-11-03',NULL,22,'OPEN','9d31a5a7-f323-444c-8cae-7e523a4d0368','2024-10-08 08:33:02','2024-10-08 08:33:02'),(64,2,1080000,0,1080000,0,0,NULL,0,0,NULL,'2024-12-03',NULL,22,'OPEN','9d31a5a7-f836-43f9-8f1d-a3e4c8d68ea6','2024-10-08 08:33:02','2024-10-08 08:33:02'),(65,1,210000,0,210000,0,0,NULL,0,0,NULL,'2024-11-06',NULL,23,'OPEN','9d31a61a-28d8-4336-99a1-e0cb6d7c6d5b','2024-10-08 08:34:16','2024-10-08 08:34:16');
/*!40000 ALTER TABLE `installments` ENABLE KEYS */;
UNLOCK TABLES;

--
-- Table structure for table `jobs`
--

DROP TABLE IF EXISTS `jobs`;
/*!40101 SET @saved_cs_client     = @@character_set_client */;
/*!50503 SET character_set_client = utf8mb4 */;
CREATE TABLE `jobs` (
  `id` bigint unsigned NOT NULL AUTO_INCREMENT,
  `queue` varchar(255) COLLATE utf8mb4_unicode_ci NOT NULL,
  `payload` longtext COLLATE utf8mb4_unicode_ci NOT NULL,
  `attempts` tinyint unsigned NOT NULL,
  `reserved_at` int unsigned DEFAULT NULL,
  `available_at` int unsigned NOT NULL,
  `created_at` int unsigned NOT NULL,
  PRIMARY KEY (`id`),
  KEY `jobs_queue_index` (`queue`)
) ENGINE=InnoDB AUTO_INCREMENT=1194 DEFAULT CHARSET=utf8mb4 COLLATE=utf8mb4_unicode_ci;
/*!40101 SET character_set_client = @saved_cs_client */;

--
-- Dumping data for table `jobs`
--

LOCK TABLES `jobs` WRITE;
/*!40000 ALTER TABLE `jobs` DISABLE KEYS */;
/*!40000 ALTER TABLE `jobs` ENABLE KEYS */;
UNLOCK TABLES;

--
-- Table structure for table `loan_applications`
--

DROP TABLE IF EXISTS `loan_applications`;
/*!40101 SET @saved_cs_client     = @@character_set_client */;
/*!50503 SET character_set_client = utf8mb4 */;
CREATE TABLE `loan_applications` (
  `id` int NOT NULL AUTO_INCREMENT,
  `member_id` int NOT NULL,
  `amount` float NOT NULL,
  `total_loan_amount` float DEFAULT NULL,
  `plan` int NOT NULL,
  `installment_amount` float DEFAULT NULL,
  `fee_amount` float DEFAULT NULL,
  `interest_amount` float DEFAULT NULL,
  `interest_rate` float DEFAULT NULL,
  `loan_type_id` int NOT NULL,
  `level` varchar(20) DEFAULT 'initiated',
  `loan_code` varchar(20) DEFAULT NULL,
  `uuid` varchar(255) NOT NULL,
  `created_at` timestamp NULL DEFAULT CURRENT_TIMESTAMP,
  `updated_at` timestamp NULL DEFAULT CURRENT_TIMESTAMP ON UPDATE CURRENT_TIMESTAMP,
  PRIMARY KEY (`id`)
) ENGINE=InnoDB AUTO_INCREMENT=35 DEFAULT CHARSET=utf8mb3;
/*!40101 SET character_set_client = @saved_cs_client */;

--
-- Dumping data for table `loan_applications`
--

LOCK TABLES `loan_applications` WRITE;
/*!40000 ALTER TABLE `loan_applications` DISABLE KEYS */;
INSERT INTO `loan_applications` VALUES (1,11,200000,216000,1,216000,0,16000,0.8,2,'CANCELED','USKL8687211','9b47ba52-fe9d-4668-add6-c6e7bbf29d52','2024-02-07 19:35:09','2024-02-07 19:39:22'),(2,11,200000,216000,3,72000,0,16000,0.8,2,'CANCELED','USKL2030952','9b47bbd4-c939-4962-8818-cfa9cd767354','2024-02-07 19:39:22','2024-02-07 19:42:57'),(3,11,200000,216000,3,72000,0,16000,0.8,2,'CLOSED','USKL9715464','9b47bd1b-f5de-4d78-8380-11f1c18b7aa1','2024-02-07 19:42:57','2024-05-06 18:27:17'),(4,8,900000,990000,1,990000,0,90000,10,1,'initiated','USKL3815776','9b57da48-7311-444b-9ebd-9d256ae2fcdc','2024-02-15 19:57:46','2024-02-15 19:57:46'),(5,10,700000,735000,1,735000,0,35000,5,1,'GRANTED','USKL1900981','9b592e8d-2d84-443e-9865-9e1f409209b9','2024-02-16 11:49:13','2024-02-19 18:44:16'),(6,8,900000,972000,3,324000,0,72000,0.8,2,'CLOSED','USKL9794923','9b593d38-aaef-4181-a0b3-37cd9d9493fa','2024-02-16 12:30:15','2024-04-06 14:46:50'),(7,9,600000,630000,1,630000,0,30000,5,1,'CLOSED','USKL5730678','9b8bd029-9e3f-471d-aa76-7a97a786a84c','2024-03-12 15:52:31','2024-03-17 15:22:18'),(8,10,800000,864000,6,144000,0,64000,0.8,2,'CLOSED','USKL6535244','9b97e80b-277c-42d0-81f2-97f1a44263cf','2024-03-18 16:09:14','2024-05-27 19:46:06'),(9,8,3000000,3240000,9,360000,0,240000,0.8,2,'CANCELED','USKL4022423','9bbe03d1-afe9-4fbf-82c6-ff6f56e1f204','2024-04-06 14:48:21','2024-04-06 15:23:24'),(10,8,300000,324000,8,40500,0,24000,0.8,2,'CANCELED','USKL3043235','9bbe105a-0449-46fc-9d8f-bff60c8a71ab','2024-04-06 15:23:24','2024-04-06 15:24:06'),(11,8,3000000,3240000,8,405000,0,240000,0.8,2,'GRANTED','USKL7281815','9bbe109a-0de8-44d0-9a24-9f0ce2fdee29','2024-04-06 15:24:06','2024-04-06 16:32:49'),(12,13,2000000,2100000,1,2100000,0,100000,5,1,'CANCELED','USKL2752998','9bc9c879-ea0a-4bc4-9085-0fe51e0751e5','2024-04-12 11:12:21','2024-04-12 19:58:02'),(13,9,200000,216000,4,54000,0,16000,0.8,2,'CLOSED','USKL6933435','9bca5066-a651-4697-9862-f3fe56b22b66','2024-04-12 17:32:26','2024-06-13 17:51:12'),(14,13,1020000,1101600,6,183600,0,81600,0.8,2,'CLOSED','USKL6283557','9bca8450-12ac-465a-9c55-6c876b226f62','2024-04-12 19:57:35','2024-05-25 13:00:11'),(15,13,600000,630000,1,630000,0,30000,5,1,'CLOSED','USKL4209768','9bca8479-bb64-48de-b260-5dbdce793383','2024-04-12 19:58:02','2024-04-12 20:19:22'),(16,13,1000000,1050000,1,1050000,0,50000,5,1,'CLOSED','USKL6720834','9bcaa065-007b-41f9-a257-8bbe251f1d9a','2024-04-12 21:16:06','2024-07-14 18:51:28'),(17,12,700000,756000,-6,-126000,0,56000,0.8,2,'CANCELED','USKL7773076','9bde452a-e11e-4912-ace6-50cc00565cb0','2024-04-22 15:37:34','2024-04-22 15:40:44'),(18,12,700000,756000,6,126000,0,56000,0.8,2,'GRANTED','USKL5113043','9bde464c-1575-4d28-ba40-3fe94306a662','2024-04-22 15:40:44','2024-04-23 11:16:21'),(19,11,1000000,1050000,1,1050000,0,50000,5,1,'CLOSED','USKL4788983','9bfca153-8988-4fa3-931e-94627206ad04','2024-05-07 17:50:06','2024-05-25 12:57:32'),(20,10,2600000,2808000,6,468000,0,208000,0.8,2,'GRANTED','USKL9459471','9c2514ee-88f5-46f2-9b44-e51853fe5ef7','2024-05-27 20:26:29','2024-05-29 13:39:46'),(21,12,1000000,1050000,1,1050000,0,50000,5,1,'CLOSED','USKL2833155','9c2cb763-38a3-4bee-8a50-3eb36fb1a175','2024-05-31 15:31:32','2024-07-03 19:19:57'),(22,9,1300000,1404000,6,234000,0,104000,0.8,2,'GRANTED','USKL2040945','9c6f368f-2f66-4957-b5f6-3db38f0cdb32','2024-07-03 16:51:46','2024-07-06 11:44:11'),(23,12,1000000,1050000,1,1050000,0,50000,5,1,'GRANTED','USKL8169643','9c74cfce-49d4-4a2c-b449-b4d31f4f00e9','2024-07-06 11:39:25','2024-07-09 10:41:12'),(24,11,350000,378000,3,126000,0,28000,0.8,2,'CLOSED','USKL2322632','9c7510a1-f785-4693-b2a6-bb888bb88764','2024-07-06 14:40:41','2024-09-25 21:21:33'),(25,11,50000,52500,1,52500,0,2500,5,1,'CANCELED','USKL3881031','9c9303b3-c080-496f-a7b0-227d329ce1b3','2024-07-21 11:59:22','2024-07-21 12:01:11'),(26,11,500000,525000,1,525000,0,25000,5,1,'CLOSED','USKL6170214','9c93045a-eea1-41f6-a204-eb3400ecbfe1','2024-07-21 12:01:11','2024-08-24 21:38:20'),(27,10,200000,210000,1,210000,0,10000,5,1,'CLOSED','USKL2179261','9cbd910d-1d35-472c-92bf-258cf58ecc2f','2024-08-11 15:39:23','2024-09-11 18:01:12'),(28,9,1000000,1050000,1,1050000,0,50000,5,1,'CANCELED','USKL5284993','9cdf57ab-7d1e-4680-9f8e-dad8c89d2b82','2024-08-28 10:37:04','2024-08-28 10:37:26'),(29,9,1000000,1050000,1,1050000,0,50000,5,1,'CLOSED','USKL2798110','9cdf57cc-ff38-43ff-b7fe-fe208c67b4f6','2024-08-28 10:37:26','2024-10-07 20:12:16'),(30,10,700000,735000,1,735000,0,35000,5,1,'GRANTED','USKL4450904','9d080a8d-67bd-4679-9df1-7db7a4f9975e','2024-09-17 16:10:23','2024-09-18 16:52:32'),(31,13,2000000,2160000,2,1080000,0,160000,0.8,2,'GRANTED','USKL2335513','9d289d9e-8265-435c-84bb-ef431dad499a','2024-10-03 20:48:06','2024-10-08 08:33:02'),(32,11,200000,210000,1,210000,0,10000,5,1,'GRANTED','USKL6658112','9d2e545b-e76c-4c85-adeb-77879e80c2f4','2024-10-06 16:58:13','2024-10-08 08:34:16'),(33,1,500000,540000,2,270000,0,40000,0.8,2,'CANCELED','USKL4122992','9d362923-2063-4567-85aa-1916997b22e4','2024-10-10 14:23:59','2024-10-10 14:24:33'),(34,1,500000,540000,2,270000,0,40000,0.8,2,'initiated','USKL1642979','9d362a04-7ecf-498e-8c7c-def58266968f','2024-10-10 14:26:27','2024-10-10 14:26:27');
/*!40000 ALTER TABLE `loan_applications` ENABLE KEYS */;
UNLOCK TABLES;

--
-- Table structure for table `loan_contracts`
--

DROP TABLE IF EXISTS `loan_contracts`;
/*!40101 SET @saved_cs_client     = @@character_set_client */;
/*!50503 SET character_set_client = utf8mb4 */;
CREATE TABLE `loan_contracts` (
  `id` int NOT NULL AUTO_INCREMENT,
  `member_id` int NOT NULL,
  `loan_application_id` int NOT NULL,
  `loan_type_id` varchar(20) DEFAULT NULL,
  `total_amount` float NOT NULL,
  `total_loan_amount` float DEFAULT NULL,
  `installment_amount` float NOT NULL,
  `plan` int NOT NULL,
  `fee_amount` float DEFAULT NULL,
  `interest_amount` float DEFAULT NULL,
  `interest_rate` float DEFAULT NULL,
  `excess_amount` float DEFAULT '0',
  `status` varchar(20) NOT NULL,
  `current_balance` float NOT NULL DEFAULT '0',
  `outstanding_amount` float NOT NULL,
  `contract_code` varchar(20) NOT NULL,
  `start_date` date DEFAULT NULL,
  `disbursment_date` date DEFAULT NULL,
  `expected_end_date` date DEFAULT NULL,
  `past_due_days` int DEFAULT NULL,
  `highest_past_due_days` int NOT NULL DEFAULT '0',
  `past_due_amount` float DEFAULT NULL,
  `penalt_amount` float DEFAULT NULL,
  `penalt_amount_paid` float DEFAULT NULL,
  `uuid` varchar(100) NOT NULL,
  `created_by` int NOT NULL,
  `date_of_last_payment` date DEFAULT NULL,
  `last_payment_amount` float DEFAULT NULL,
  `next_payment_date` date DEFAULT NULL,
  `created_at` timestamp NOT NULL DEFAULT CURRENT_TIMESTAMP,
  `updated_at` timestamp NOT NULL DEFAULT CURRENT_TIMESTAMP ON UPDATE CURRENT_TIMESTAMP,
  PRIMARY KEY (`id`)
) ENGINE=InnoDB AUTO_INCREMENT=24 DEFAULT CHARSET=utf8mb3;
/*!40101 SET character_set_client = @saved_cs_client */;

--
-- Dumping data for table `loan_contracts`
--

LOCK TABLES `loan_contracts` WRITE;
/*!40000 ALTER TABLE `loan_contracts` DISABLE KEYS */;
INSERT INTO `loan_contracts` VALUES (1,11,3,'2',200000,216000,72000,3,0,16000,0.8,0,'CLOSED',216000,0,'USKL9715464','2024-02-08','2024-02-08','2024-05-08',NULL,0,0,0,0,'9b49ad9d-da35-403a-b79b-8ef0d80b65e2',4,'2024-05-06',72000,'2024-05-06','2024-02-08 18:51:17','2024-05-06 18:27:17'),(2,10,5,'1',700000,735000,735000,1,0,35000,5,0,'CLOSED',735000,0,'USKL1900981','2024-01-31','2024-01-22','2024-03-02',0,0,0,0,0,'9b5fcbef-b43c-4abc-a0c9-b0d502c6df39',8,'2024-03-04',735000,'2024-03-02','2024-02-19 18:44:16','2024-03-04 17:21:43'),(3,8,6,'2',900000,972000,324000,3,0,72000,0.8,0,'CLOSED',972000,0,'USKL9794923','2024-02-19','2024-02-19','2024-05-19',NULL,0,0,0,0,'9b6103ef-b147-46b3-909f-b48cfb1f1e27',8,'2024-04-06',477000,'2024-04-06','2024-02-20 09:16:41','2024-04-06 14:46:50'),(4,9,7,'1',600000,630000,630000,1,0,30000,5,0,'CLOSED',630000,0,'USKL5730678','2024-03-12','2024-03-12','2024-04-12',NULL,0,0,0,0,'9b8beb39-50eb-41b6-858c-93d344b48393',8,'2024-03-17',630000,'2024-03-17','2024-03-12 17:08:11','2024-03-17 15:22:18'),(5,10,8,'2',800000,864000,144000,6,0,64000,0.8,0,'CLOSED',864000,0,'USKL6535244','2024-03-18','2024-03-18','2024-09-18',NULL,0,0,0,0,'9b984f3c-ca79-40aa-b636-e91eb9220fc1',8,'2024-05-27',576000,'2024-05-27','2024-03-18 20:57:47','2024-05-27 19:46:06'),(6,8,11,'2',3000000,3240000,405000,8,0,240000,0.8,0,'GRANTED',410000,2830000,'USKL7281815','2024-04-06','2024-04-06','2024-12-06',0,0,2126250,101250,0,'9bbe292e-490a-4ab7-b0ff-00f9c0f027f8',8,'2024-05-06',410000,'2024-06-06','2024-04-06 16:32:49','2024-10-06 23:50:04'),(7,9,13,'2',200000,216000,54000,4,0,16000,0.8,0,'CLOSED',216000,0,'USKL6933435','2024-04-12','2024-04-12','2024-08-12',NULL,0,0,0,0,'9bca6198-aa4f-4f62-bfff-e5521b152089',8,'2024-06-13',107000,'2024-06-13','2024-04-12 18:20:30','2024-06-13 17:51:12'),(8,13,15,'1',600000,630000,630000,1,0,30000,5,0,'CLOSED',630000,0,'USKL4209768','2024-01-13','2024-01-13','2024-02-13',59,59,31500,0,31500,'9bca86ae-0673-4503-8fb6-6e94324af4a0',8,'2024-04-12',661500,'2024-04-12','2024-04-12 20:04:12','2024-04-12 20:19:22'),(9,13,14,'2',1020000,1101600,183600,6,0,81600,0.8,0,'CLOSED',1101600,0,'USKL6283557','2024-01-01','2024-01-01','2024-07-01',NULL,0,36720,0,36720,'9bca873c-94fa-4b98-89ca-987491416db1',8,'2024-05-25',183600,'2024-05-25','2024-04-12 20:05:45','2024-05-25 13:00:11'),(10,13,16,'1',1000000,1050000,1050000,1,0,50000,5,700,'CLOSED',1050000,0,'USKL6720834','2024-04-12','2024-04-12','2024-05-12',NULL,62,999500,0,52500,'9bcaae57-eb4a-4c76-ab02-5994c825fd83',8,'2024-07-14',50200,'2024-07-14','2024-04-12 21:55:06','2024-07-14 18:51:28'),(11,12,18,'2',700000,756000,126000,6,0,56000,0.8,0,'GRANTED',630000,126000,'USKL5113043','2024-04-30','2024-04-23','2024-10-30',NULL,0,0,0,0,'9bdfeabb-d823-4a9a-b77e-35380131e739',8,'2024-09-27',126000,'2024-10-30','2024-04-23 11:16:21','2024-09-27 12:07:29'),(12,11,19,'1',1000000,1050000,1050000,1,0,50000,5,0,'CLOSED',1050000,0,'USKL4788983','2024-05-07','2024-05-07','2024-06-07',NULL,0,0,0,0,'9bfcdc6c-51ca-40c1-a630-d72bb1a2ae5e',8,'2024-05-25',1050000,'2024-05-25','2024-05-07 20:35:21','2024-05-25 12:57:32'),(13,10,20,'2',2600000,2808000,468000,6,0,208000,0.8,0,'GRANTED',1848600,959400,'USKL9459471','2024-05-31','2024-05-29','2024-12-01',0,0,936000,23400,23400,'9c288972-899e-4274-9f97-2bba760eb238',8,'2024-10-01',468000,'2024-10-01','2024-05-29 13:39:46','2024-10-01 23:50:02'),(14,12,21,'1',1000000,1050000,1050000,1,0,50000,5,0,'CLOSED',1050000,0,'USKL2833155','2024-05-31','2024-05-31','2024-07-01',1,1,52500,0,52500,'9c2d0c8c-8cc0-4f7a-bbbd-1a30518e73d1',8,'2024-07-03',1102500,'2024-07-03','2024-05-31 19:29:39','2024-07-03 19:19:57'),(15,9,22,'2',1300000,1404000,234000,6,0,104000,0.8,0,'GRANTED',702000,702000,'USKL2040945','2024-07-04','2024-07-04','2025-01-04',NULL,0,0,0,0,'9c74d182-b7af-4884-b62f-65644a609c8a',8,'2024-09-25',34000,'2024-11-04','2024-07-06 11:44:11','2024-09-25 18:45:16'),(16,12,23,'1',1000000,1050000,1050000,1,0,50000,5,0,'GRANTED',0,1050000,'USKL8169643','2024-07-06','2024-07-06','2024-08-06',67,67,1102500,52500,NULL,'9c7ac3f0-656d-4df3-a00a-189bfe0a9323',8,NULL,NULL,NULL,'2024-07-09 10:41:12','2024-10-12 23:50:07'),(17,11,24,'2',350000,378000,126000,3,0,28000,0.8,0,'CLOSED',378000,0,'USKL2322632','2024-07-06','2024-07-06','2024-10-06',NULL,0,0,0,0,'9c7ac4b3-c8ef-4b9d-bd29-b7f0989bd731',8,'2024-09-25',126000,'2024-09-25','2024-07-09 10:43:20','2024-09-25 21:21:33'),(18,11,26,'1',500000,525000,525000,1,0,25000,5,0,'CLOSED',525000,0,'USKL6170214','2024-07-31','2024-07-21','2024-08-31',NULL,0,0,0,0,'9c93457a-f842-4915-8d32-2f500869ff8e',8,'2024-08-24',525000,'2024-08-24','2024-07-21 15:03:18','2024-08-24 21:38:20'),(19,9,29,'1',1000000,1050000,1050000,1,0,50000,5,0,'CLOSED',1050000,0,'USKL2798110','2024-08-31','2024-08-28','2024-10-01',NULL,5,52500,0,52500,'9cede2ab-5d3f-4fe0-b29b-041a73bbb248',8,'2024-10-07',1050000,'2024-10-07','2024-09-04 16:07:20','2024-10-07 20:12:16'),(20,10,27,'1',200000,210000,210000,1,0,10000,5,0,'CLOSED',210000,0,'USKL2179261','2024-08-11','2024-08-11','2024-09-11',NULL,0,0,0,0,'9cede4c6-7549-450c-87b0-7bf04ba7f2b2',8,'2024-09-11',210000,'2024-09-11','2024-09-04 16:13:13','2024-09-11 18:01:12'),(21,10,30,'1',700000,735000,735000,1,0,35000,5,0,'GRANTED',0,735000,'USKL4450904','2024-09-17','2024-09-17','2024-10-17',NULL,0,NULL,NULL,NULL,'9d0a1c9c-97eb-4b94-a430-859ff28776f5',8,NULL,NULL,NULL,'2024-09-18 16:52:32','2024-09-18 16:52:32'),(22,13,31,'2',2000000,2160000,1080000,2,0,160000,0.8,0,'GRANTED',0,2160000,'USKL2335513','2024-10-03','2024-10-03','2024-12-03',NULL,0,NULL,NULL,NULL,'9d31a5a7-e7c2-40ed-8932-cf8df5f4957f',8,NULL,NULL,NULL,'2024-10-08 08:33:02','2024-10-08 08:33:02'),(23,11,32,'1',200000,210000,210000,1,0,10000,5,0,'GRANTED',0,210000,'USKL6658112','2024-10-06','2024-10-06','2024-11-06',NULL,0,NULL,NULL,NULL,'9d31a61a-25d1-4171-bc77-0a8f7b61571a',8,NULL,NULL,NULL,'2024-10-08 08:34:16','2024-10-08 08:34:16');
/*!40000 ALTER TABLE `loan_contracts` ENABLE KEYS */;
UNLOCK TABLES;

--
-- Table structure for table `loan_guarantors`
--

DROP TABLE IF EXISTS `loan_guarantors`;
/*!40101 SET @saved_cs_client     = @@character_set_client */;
/*!50503 SET character_set_client = utf8mb4 */;
CREATE TABLE `loan_guarantors` (
  `id` int NOT NULL AUTO_INCREMENT,
  `member_id` int NOT NULL,
  `loan_application_id` int NOT NULL,
  `status` varchar(10) NOT NULL DEFAULT 'Pending',
  `comment` text,
  `uuid` varchar(100) NOT NULL,
  `attended_date` date DEFAULT NULL,
  `created_at` timestamp NOT NULL DEFAULT CURRENT_TIMESTAMP,
  `updated_at` timestamp NOT NULL DEFAULT CURRENT_TIMESTAMP ON UPDATE CURRENT_TIMESTAMP,
  PRIMARY KEY (`id`)
) ENGINE=InnoDB AUTO_INCREMENT=71 DEFAULT CHARSET=utf8mb3;
/*!40101 SET character_set_client = @saved_cs_client */;

--
-- Dumping data for table `loan_guarantors`
--

LOCK TABLES `loan_guarantors` WRITE;
/*!40000 ALTER TABLE `loan_guarantors` DISABLE KEYS */;
INSERT INTO `loan_guarantors` VALUES (1,1,1,'Pending',NULL,'9b47ba53-00ff-4193-828d-270d26630ca4',NULL,'2024-02-07 19:35:09','2024-02-07 19:35:09'),(2,10,1,'Pending',NULL,'9b47ba53-02ed-455a-a5b8-e1511d5e103f',NULL,'2024-02-07 19:35:09','2024-02-07 19:35:09'),(3,12,1,'Pending',NULL,'9b47ba53-04f1-483e-820f-dcc0107dfb3a',NULL,'2024-02-07 19:35:09','2024-02-07 19:35:09'),(4,1,2,'Pending',NULL,'9b47bbd4-cbc5-45ff-a2b1-0c353779e747',NULL,'2024-02-07 19:39:22','2024-02-07 19:39:22'),(5,10,2,'Pending',NULL,'9b47bbd4-ceac-4813-be4f-51bd9c507052',NULL,'2024-02-07 19:39:22','2024-02-07 19:39:22'),(6,12,2,'Pending',NULL,'9b47bbd4-d0af-42c8-bbe9-bf34bc830e14',NULL,'2024-02-07 19:39:22','2024-02-07 19:39:22'),(7,1,3,'Approved',NULL,'9b47bd1b-f802-4a79-8035-f43e86695bba','2024-02-07','2024-02-07 19:42:57','2024-02-07 23:47:39'),(8,12,3,'Approved',NULL,'9b47bd1b-fab7-4db1-b262-026ad34b74f0','2024-02-08','2024-02-07 19:42:57','2024-02-08 10:58:08'),(9,1,4,'Approved',NULL,'9b57da48-7585-4b4e-b5cb-6898d56f8cdd','2024-02-16','2024-02-15 19:57:46','2024-02-16 09:56:06'),(10,9,4,'Rejected','halipagi','9b57da48-775d-460f-a519-cd84ee05ab34','2024-10-10','2024-02-15 19:57:46','2024-10-10 15:15:48'),(11,1,5,'Approved',NULL,'9b592e8d-333a-4dee-9195-e8d3dac83aab','2024-02-16','2024-02-16 11:49:14','2024-02-16 12:39:56'),(12,11,5,'Approved',NULL,'9b592e8d-3575-4a9d-96a5-bb0a0542a994','2024-02-19','2024-02-16 11:49:14','2024-02-19 11:08:46'),(13,1,6,'Approved',NULL,'9b593d38-ad58-4a79-9011-6cb90743c03b','2024-02-16','2024-02-16 12:30:15','2024-02-16 12:40:01'),(14,9,6,'Approved',NULL,'9b593d38-af0e-43c0-973c-c347f58f7397','2024-02-16','2024-02-16 12:30:15','2024-02-16 13:00:55'),(15,1,7,'Approved',NULL,'9b8bd029-a30d-40da-9c91-df9a8d617801','2024-03-12','2024-03-12 15:52:31','2024-03-12 15:54:40'),(16,10,7,'Approved',NULL,'9b8bd029-aa0e-4532-86f5-f5dfcbb29d89','2024-03-12','2024-03-12 15:52:31','2024-03-12 16:05:09'),(17,1,8,'Approved',NULL,'9b97e80b-346e-4ee5-bc76-d1d30e86ecbb','2024-03-18','2024-03-18 16:09:14','2024-03-18 16:19:40'),(18,8,8,'Approved',NULL,'9b97e80b-3dee-4975-9f69-b0b867a36233','2024-03-18','2024-03-18 16:09:14','2024-03-18 16:16:35'),(19,1,9,'Pending',NULL,'9bbe03d1-b2cf-4453-8518-1650592851e2',NULL,'2024-04-06 14:48:21','2024-04-06 14:48:21'),(20,9,9,'Approved',NULL,'9bbe03d1-b6bd-4db0-a086-29a15b3488ab','2024-04-06','2024-04-06 14:48:21','2024-04-06 14:52:24'),(21,1,10,'Pending',NULL,'9bbe105a-0667-4316-a0d3-ea9b4118399c',NULL,'2024-04-06 15:23:24','2024-04-06 15:23:24'),(22,9,10,'Pending',NULL,'9bbe105a-0b44-4f4a-9a62-67d078290695',NULL,'2024-04-06 15:23:24','2024-04-06 15:23:24'),(23,1,11,'Approved',NULL,'9bbe109a-1210-4ce9-a69f-ade987d05f03','2024-04-06','2024-04-06 15:24:06','2024-04-06 15:33:50'),(24,9,11,'Approved',NULL,'9bbe109a-1b2e-48d9-86d9-780eee1b3541','2024-04-06','2024-04-06 15:24:06','2024-04-06 16:17:56'),(25,9,12,'Pending',NULL,'9bc9c879-f5ce-49ae-94de-f1b2f34a2fec',NULL,'2024-04-12 11:12:21','2024-04-12 11:12:21'),(26,12,12,'Pending',NULL,'9bc9c879-fe81-40fe-8cc9-533fc3f44243',NULL,'2024-04-12 11:12:21','2024-04-12 11:12:21'),(27,1,13,'Approved',NULL,'9bca5066-a923-4a07-9f25-faaf348a6f85','2024-04-12','2024-04-12 17:32:26','2024-04-12 17:37:03'),(28,12,13,'Approved',NULL,'9bca5066-ae3c-460f-8003-192cfb4974a5','2024-04-12','2024-04-12 17:32:26','2024-04-12 17:51:28'),(29,1,14,'Approved',NULL,'9bca8450-1530-4c4c-a053-07725360cbc3','2024-04-12','2024-04-12 19:57:35','2024-04-12 19:58:35'),(30,12,14,'Approved',NULL,'9bca8450-1a5d-455b-b44e-831fe28745b5','2024-04-12','2024-04-12 19:57:35','2024-04-12 19:58:56'),(31,1,15,'Approved',NULL,'9bca8479-c06a-49f0-9183-0b2a857eebf3','2024-04-12','2024-04-12 19:58:02','2024-04-12 19:58:42'),(32,12,15,'Approved',NULL,'9bca8479-cbb0-4446-aa10-f4b8f9dde6b3','2024-04-12','2024-04-12 19:58:02','2024-04-12 19:59:26'),(33,1,16,'Approved',NULL,'9bcaa065-0473-4a20-b059-7743fcd52289','2024-04-12','2024-04-12 21:16:06','2024-04-12 21:16:46'),(34,12,16,'Approved',NULL,'9bcaa065-092d-4717-b788-caf1893cca60','2024-04-12','2024-04-12 21:16:06','2024-04-12 21:22:46'),(35,1,17,'Pending',NULL,'9bde452a-eb8f-42ee-919c-2bccf0cea75f',NULL,'2024-04-22 15:37:34','2024-04-22 15:37:34'),(36,9,17,'Pending',NULL,'9bde452a-f997-493f-b051-55a6470b4704',NULL,'2024-04-22 15:37:34','2024-04-22 15:37:34'),(37,1,18,'Approved',NULL,'9bde464c-17a8-4b4e-ad3a-01013e032e8e','2024-04-22','2024-04-22 15:40:44','2024-04-22 15:41:39'),(38,9,18,'Approved',NULL,'9bde464c-1b8c-4d81-9359-19b53136684b','2024-04-22','2024-04-22 15:40:44','2024-04-22 18:15:22'),(39,1,19,'Approved',NULL,'9bfca153-95c7-4f19-bb7b-8afac9ce4c56','2024-05-07','2024-05-07 17:50:06','2024-05-07 18:55:01'),(40,12,19,'Approved',NULL,'9bfca153-9db0-43b6-85cb-e37239a2d05c','2024-05-07','2024-05-07 17:50:06','2024-05-07 19:52:21'),(41,9,20,'Approved',NULL,'9c2514ee-8d73-44dc-9584-335a354d35e1','2024-05-27','2024-05-27 20:26:29','2024-05-27 21:02:58'),(42,12,20,'Approved',NULL,'9c2514ee-9480-4480-80a9-da2042d31482','2024-05-28','2024-05-27 20:26:29','2024-05-28 20:10:43'),(43,8,21,'Approved',NULL,'9c2cb763-4a2f-40da-b0de-1a8c96bdcbcd','2024-05-31','2024-05-31 15:31:32','2024-05-31 15:52:13'),(44,9,21,'Approved',NULL,'9c2cb763-54a1-4bed-930c-86f80ee92b33','2024-05-31','2024-05-31 15:31:32','2024-05-31 19:01:05'),(45,8,22,'Approved',NULL,'9c6f368f-3b69-4b2a-8d8b-059c0def36e7','2024-07-03','2024-07-03 16:51:46','2024-07-03 19:22:00'),(46,10,22,'Approved',NULL,'9c6f368f-5c58-4cdc-b868-cb328fd7e155','2024-07-03','2024-07-03 16:51:46','2024-07-03 19:27:25'),(47,1,23,'Approved',NULL,'9c74cfce-4ccb-4d2e-abb6-04f5545f5ffe','2024-07-06','2024-07-06 11:39:25','2024-07-06 11:43:18'),(48,8,23,'Approved',NULL,'9c74cfce-5321-44f2-80fe-6742e0212d8e','2024-07-06','2024-07-06 11:39:25','2024-07-06 11:42:34'),(49,1,24,'Approved',NULL,'9c7510a1-f9c5-440a-8fa1-9dfd2492e5f4','2024-07-06','2024-07-06 14:40:41','2024-07-06 14:46:07'),(50,12,24,'Approved',NULL,'9c7510a1-fe25-487f-9656-283ceb740055','2024-07-06','2024-07-06 14:40:41','2024-07-06 15:46:47'),(51,1,25,'Pending',NULL,'9c9303b3-c9f6-4be8-8182-57a0edccfe27',NULL,'2024-07-21 11:59:22','2024-07-21 11:59:22'),(52,12,25,'Pending',NULL,'9c9303b3-d270-42b6-9cf9-ed552782c286',NULL,'2024-07-21 11:59:22','2024-07-21 11:59:22'),(53,1,26,'Approved',NULL,'9c93045a-f292-4a25-8fe6-19fc839763e8','2024-07-21','2024-07-21 12:01:11','2024-07-21 12:34:14'),(54,12,26,'Approved',NULL,'9c93045a-f8ba-4a7e-ade5-f96b2f542860','2024-07-21','2024-07-21 12:01:11','2024-07-21 14:04:40'),(55,8,27,'Approved',NULL,'9cbd910d-2ca6-4c42-9dcf-6b8e6cafd684','2024-08-11','2024-08-11 15:39:23','2024-08-11 15:50:53'),(56,12,27,'Approved',NULL,'9cbd910d-388f-4a53-b450-c424119ffb0a','2024-08-11','2024-08-11 15:39:23','2024-08-11 15:54:26'),(57,8,28,'Pending',NULL,'9cdf57ab-8aa8-481a-b29d-eb75e510eda8',NULL,'2024-08-28 10:37:05','2024-08-28 10:37:05'),(58,10,28,'Pending',NULL,'9cdf57ab-9cad-4076-aa4e-6f6ce73d2cc3',NULL,'2024-08-28 10:37:05','2024-08-28 10:37:05'),(59,8,29,'Approved',NULL,'9cdf57cd-0271-48e1-869e-fd6443d7e3ee','2024-08-28','2024-08-28 10:37:26','2024-08-28 10:40:10'),(60,10,29,'Approved',NULL,'9cdf57cd-0a42-47b2-991e-4c3c9e43abe4','2024-08-28','2024-08-28 10:37:26','2024-08-28 11:15:16'),(61,11,30,'Approved',NULL,'9d080a8d-72c0-4830-8753-90bab10f85e1','2024-09-17','2024-09-17 16:10:23','2024-09-17 16:53:51'),(62,13,30,'Approved',NULL,'9d080a8d-7978-4ab4-8a5c-460b21841dbd','2024-09-17','2024-09-17 16:10:23','2024-09-17 16:18:14'),(63,10,31,'Approved',NULL,'9d289d9e-879c-40ed-8bfc-e262d0f01017','2024-10-03','2024-10-03 20:48:06','2024-10-03 20:54:26'),(64,12,31,'Approved',NULL,'9d289d9e-926b-4f56-9821-d32e37216a37','2024-10-03','2024-10-03 20:48:06','2024-10-03 20:55:04'),(65,1,32,'Approved',NULL,'9d2e545b-f323-4e89-8a2f-70f62c45ab76','2024-10-06','2024-10-06 16:58:13','2024-10-06 17:00:01'),(66,10,32,'Approved',NULL,'9d2e545b-fbce-4c1c-b53e-615ea117ba29','2024-10-06','2024-10-06 16:58:13','2024-10-06 17:24:13'),(67,9,33,'Pending',NULL,'9d362923-22f1-4562-a549-8b235acd5d2f',NULL,'2024-10-10 14:23:59','2024-10-10 14:23:59'),(68,10,33,'Pending',NULL,'9d362923-27d6-4b77-8fe2-4666dfea7cec',NULL,'2024-10-10 14:23:59','2024-10-10 14:23:59'),(69,9,34,'Approved',NULL,'9d362a04-855b-4d78-8c3e-03c08cee1214','2024-10-10','2024-10-10 14:26:27','2024-10-10 15:15:22'),(70,10,34,'Approved',NULL,'9d362a04-8f3f-4587-974b-7dbf6686822e','2024-10-10','2024-10-10 14:26:27','2024-10-10 14:27:27');
/*!40000 ALTER TABLE `loan_guarantors` ENABLE KEYS */;
UNLOCK TABLES;

--
-- Table structure for table `loan_types`
--

DROP TABLE IF EXISTS `loan_types`;
/*!40101 SET @saved_cs_client     = @@character_set_client */;
/*!50503 SET character_set_client = utf8mb4 */;
CREATE TABLE `loan_types` (
  `id` int NOT NULL AUTO_INCREMENT,
  `name` varchar(20) NOT NULL,
  `created_at` timestamp NOT NULL DEFAULT CURRENT_TIMESTAMP,
  `updated_at` timestamp NOT NULL DEFAULT CURRENT_TIMESTAMP ON UPDATE CURRENT_TIMESTAMP,
  PRIMARY KEY (`id`)
) ENGINE=InnoDB AUTO_INCREMENT=3 DEFAULT CHARSET=utf8mb3;
/*!40101 SET character_set_client = @saved_cs_client */;

--
-- Dumping data for table `loan_types`
--

LOCK TABLES `loan_types` WRITE;
/*!40000 ALTER TABLE `loan_types` DISABLE KEYS */;
INSERT INTO `loan_types` VALUES (1,'Emergency Loan','2023-03-28 21:24:53','2023-03-28 21:24:53'),(2,'Normal Loan','2023-03-28 21:24:53','2023-03-28 21:24:53');
/*!40000 ALTER TABLE `loan_types` ENABLE KEYS */;
UNLOCK TABLES;

--
-- Table structure for table `member_references`
--

DROP TABLE IF EXISTS `member_references`;
/*!40101 SET @saved_cs_client     = @@character_set_client */;
/*!50503 SET character_set_client = utf8mb4 */;
CREATE TABLE `member_references` (
  `id` int NOT NULL AUTO_INCREMENT,
  `member_id` int NOT NULL,
  `refer_member_id` int NOT NULL,
  `uuid` varchar(100) NOT NULL,
  `created_at` datetime NOT NULL DEFAULT CURRENT_TIMESTAMP,
  `updated_at` datetime NOT NULL DEFAULT CURRENT_TIMESTAMP ON UPDATE CURRENT_TIMESTAMP,
  PRIMARY KEY (`id`)
) ENGINE=InnoDB DEFAULT CHARSET=utf8mb3;
/*!40101 SET character_set_client = @saved_cs_client */;

--
-- Dumping data for table `member_references`
--

LOCK TABLES `member_references` WRITE;
/*!40000 ALTER TABLE `member_references` DISABLE KEYS */;
/*!40000 ALTER TABLE `member_references` ENABLE KEYS */;
UNLOCK TABLES;

--
-- Table structure for table `member_saving_summaries`
--

DROP TABLE IF EXISTS `member_saving_summaries`;
/*!40101 SET @saved_cs_client     = @@character_set_client */;
/*!50503 SET character_set_client = utf8mb4 */;
CREATE TABLE `member_saving_summaries` (
  `id` int NOT NULL AUTO_INCREMENT,
  `member_id` int NOT NULL,
  `stock` float NOT NULL DEFAULT '0',
  `current_stock` float DEFAULT '0',
  `holded_stock` float NOT NULL DEFAULT '0',
  `last_stock_amount` float NOT NULL DEFAULT '0',
  `last_purchase_date` datetime DEFAULT NULL,
  `stock_for_month` varchar(255) DEFAULT NULL,
  `fee_for_month` varchar(100) DEFAULT NULL,
  `fees` float DEFAULT NULL,
  `past_due_days` int NOT NULL DEFAULT '0',
  `stock_penalty` float NOT NULL DEFAULT '0',
  `fee_past_due_days` int NOT NULL DEFAULT '0',
  `fee_penalty` float DEFAULT '0',
  `uuid` varchar(100) NOT NULL,
  `created_at` timestamp NOT NULL DEFAULT CURRENT_TIMESTAMP,
  `updated_at` timestamp NOT NULL DEFAULT CURRENT_TIMESTAMP ON UPDATE CURRENT_TIMESTAMP,
  `last_fee_purchase_date` date DEFAULT NULL,
  `last_fee_amount` float NOT NULL DEFAULT '0',
  `stock_penalty_excess_paid` float DEFAULT NULL,
  `stock_current_pdd` int DEFAULT '0',
  `fee_penalty_excess_paid` float NOT NULL DEFAULT '0',
  `fee_current_pdd` int NOT NULL DEFAULT '0',
  PRIMARY KEY (`id`)
) ENGINE=InnoDB AUTO_INCREMENT=8 DEFAULT CHARSET=utf8mb3;
/*!40101 SET character_set_client = @saved_cs_client */;

--
-- Dumping data for table `member_saving_summaries`
--

LOCK TABLES `member_saving_summaries` WRITE;
/*!40000 ALTER TABLE `member_saving_summaries` DISABLE KEYS */;
INSERT INTO `member_saving_summaries` VALUES (1,1,2000000,0,0,500000,'2024-09-26 00:00:00','September 2024','September 2024',135000,0,0,0,0,'9b3969c3-f4eb-45ee-bdbe-d2b31a2076ec','2024-01-31 13:48:18','2024-09-26 09:21:06','2024-09-26',15000,NULL,0,0,0),(2,8,1250000,0,0,50000,'2024-10-09 00:00:00','September 2024','September 2024',135000,12,1500,12,3500,'9b3987d3-f0fd-470e-9731-2786d0af47c7','2024-01-31 15:12:22','2024-10-10 07:09:43','2024-10-09',15000,0,12,0,12),(3,9,660000,0,0,50000,'2024-09-25 00:00:00','September 2024','September 2024',135000,1,0,1,0,'9b39c591-6080-4bcd-b366-936902e54f1a','2024-01-31 18:05:00','2024-09-25 18:45:35','2024-09-25',15000,0,0,0,0),(4,12,795000,0,0,50000,'2024-09-27 00:00:00','September 2024','September 2024',135000,0,0,0,0,'9b39c7a1-97f1-4845-b35f-c93498ba43bd','2024-01-31 18:10:46','2024-09-27 12:07:21','2024-09-27',15000,NULL,0,0,0),(5,11,412500,0,0,50000,'2024-09-25 00:00:00','September 2024','September 2024',135000,29,0,4,0,'9b39c7de-a0ed-4e10-9773-19a487330acd','2024-01-31 18:11:26','2024-09-25 21:22:03','2024-09-25',15000,0,0,0,0),(6,10,1505000,0,0,50000,'2024-10-01 00:00:00','September 2024','September 2024',135000,0,0,27,24000,'9b3bde8d-7f9a-4cf5-bf32-6518575f84ae','2024-02-01 22:06:31','2024-10-01 22:18:02','2024-10-01',15000,NULL,0,0,16),(7,13,703160,0,0,120000,'2024-10-03 00:00:00','September 2024','September 2024',150000,82,0,82,0,'9b3c0ebb-3c00-4530-8823-3b0bb5f9e83a','2024-02-02 00:21:14','2024-10-03 20:42:17','2024-10-03',15000,0,0,0,0);
/*!40000 ALTER TABLE `member_saving_summaries` ENABLE KEYS */;
UNLOCK TABLES;

--
-- Table structure for table `members`
--

DROP TABLE IF EXISTS `members`;
/*!40101 SET @saved_cs_client     = @@character_set_client */;
/*!50503 SET character_set_client = utf8mb4 */;
CREATE TABLE `members` (
  `id` int NOT NULL AUTO_INCREMENT,
  `first_name` varchar(100) NOT NULL,
  `middle_name` varchar(100) DEFAULT NULL,
  `last_name` varchar(100) DEFAULT NULL,
  `phone_number` varchar(20) NOT NULL,
  `dob` date DEFAULT NULL,
  `member_reg_id` varchar(20) DEFAULT NULL,
  `email` varchar(100) NOT NULL,
  `id_type_id` int NOT NULL,
  `id_number` varchar(50) NOT NULL,
  `member_type` int DEFAULT NULL,
  `status` varchar(10) NOT NULL DEFAULT 'Active',
  `uuid` varchar(100) NOT NULL,
  `created_by` int NOT NULL,
  `created_at` timestamp NOT NULL DEFAULT CURRENT_TIMESTAMP,
  `updated_at` timestamp NOT NULL DEFAULT CURRENT_TIMESTAMP ON UPDATE CURRENT_TIMESTAMP,
  PRIMARY KEY (`id`)
) ENGINE=InnoDB AUTO_INCREMENT=14 DEFAULT CHARSET=utf8mb3;
/*!40101 SET character_set_client = @saved_cs_client */;

--
-- Dumping data for table `members`
--

LOCK TABLES `members` WRITE;
/*!40000 ALTER TABLE `members` DISABLE KEYS */;
INSERT INTO `members` VALUES (1,'Luhangano','Erasto','Lupenza','255683130185','1993-10-06','Usk0123','lupenza10@gmail.com',1,'19931006111040000129',NULL,'Active','9ae64647-aa98-47de-b3a3-64024fffd158',1,'2023-12-21 05:55:39','2023-12-21 05:55:39'),(8,'Noel','Mathew','Sumbe','255713510645','1991-05-11','USK93731','noelsumbe@gmail.com',1,'19910511161020000120',1,'Active','9b2d525f-993e-4155-a532-df3f9ab320f3',1,'2024-01-25 13:32:58','2024-01-25 13:32:58'),(9,'Lazaro','Isaac','Lazaro','255627322093','1993-05-19','USK34500','lazaroisaac36@gmail.com',1,'19930519171060000123',1,'Active','9b2d5fdf-e85d-406f-ba5a-10f0548c51b7',1,'2024-01-25 14:10:43','2024-01-25 14:10:43'),(10,'Dickson','Namson','Fissoo','255788581698','1992-06-10','USK98855','fissoonamson98@gmail.com',1,'1992061017108000124',1,'Active','9b2d8fbf-7db7-40da-99a0-9974a487b23c',1,'2024-01-25 16:24:35','2024-01-25 16:24:35'),(11,'Frank','Martin','Daniel','255684469338','1995-12-12','USK66137','Kessyfra@gmail.com',1,'199512122341170000126',1,'Active','9b2ebcd9-4ee0-4e57-8a42-2152654b2314',1,'2024-01-26 06:26:31','2024-01-26 06:26:31'),(12,'Fortunatus','Edes','Shao','255658840898','1993-09-14','USK49781','fortunatus.edes@gmail.com',1,'19930914161040000121',1,'Active','9b395084-a2a9-4c1c-b8d8-7844fa4b4545',1,'2024-01-31 12:37:43','2024-01-31 12:37:43'),(13,'Amedeus','Raphael','Kimaro','255785122441','1996-06-01','USK87773','amedeusraphael.ar@gmail.com',1,'19930601141220000227',1,'Active','9b3951b5-e0a7-40c4-85f5-a0f3f47e1b12',1,'2024-01-31 12:41:03','2024-03-27 09:36:39');
/*!40000 ALTER TABLE `members` ENABLE KEYS */;
UNLOCK TABLES;

--
-- Table structure for table `migrations`
--

DROP TABLE IF EXISTS `migrations`;
/*!40101 SET @saved_cs_client     = @@character_set_client */;
/*!50503 SET character_set_client = utf8mb4 */;
CREATE TABLE `migrations` (
  `id` int unsigned NOT NULL AUTO_INCREMENT,
  `migration` varchar(255) CHARACTER SET utf8mb4 COLLATE utf8mb4_unicode_ci NOT NULL,
  `batch` int NOT NULL,
  PRIMARY KEY (`id`)
) ENGINE=InnoDB AUTO_INCREMENT=11 DEFAULT CHARSET=utf8mb4 COLLATE=utf8mb4_unicode_ci;
/*!40101 SET character_set_client = @saved_cs_client */;

--
-- Dumping data for table `migrations`
--

LOCK TABLES `migrations` WRITE;
/*!40000 ALTER TABLE `migrations` DISABLE KEYS */;
INSERT INTO `migrations` VALUES (1,'2014_10_12_000000_create_users_table',1),(2,'2014_10_12_100000_create_password_resets_table',1),(3,'2019_08_19_000000_create_failed_jobs_table',1),(4,'2019_12_14_000001_create_personal_access_tokens_table',1),(5,'2016_06_01_000001_create_oauth_auth_codes_table',2),(6,'2016_06_01_000002_create_oauth_access_tokens_table',2),(7,'2016_06_01_000003_create_oauth_refresh_tokens_table',2),(8,'2016_06_01_000004_create_oauth_clients_table',2),(9,'2016_06_01_000005_create_oauth_personal_access_clients_table',2),(10,'2024_03_07_182043_create_jobs_table',3);
/*!40000 ALTER TABLE `migrations` ENABLE KEYS */;
UNLOCK TABLES;

--
-- Table structure for table `model_has_permissions`
--

DROP TABLE IF EXISTS `model_has_permissions`;
/*!40101 SET @saved_cs_client     = @@character_set_client */;
/*!50503 SET character_set_client = utf8mb4 */;
CREATE TABLE `model_has_permissions` (
  `permission_id` bigint unsigned NOT NULL,
  `model_type` varchar(255) CHARACTER SET utf8mb4 COLLATE utf8mb4_unicode_ci NOT NULL,
  `model_id` bigint unsigned NOT NULL,
  PRIMARY KEY (`permission_id`,`model_id`,`model_type`),
  KEY `model_has_permissions_model_id_model_type_index` (`model_id`,`model_type`)
) ENGINE=InnoDB DEFAULT CHARSET=utf8mb4 COLLATE=utf8mb4_unicode_ci;
/*!40101 SET character_set_client = @saved_cs_client */;

--
-- Dumping data for table `model_has_permissions`
--

LOCK TABLES `model_has_permissions` WRITE;
/*!40000 ALTER TABLE `model_has_permissions` DISABLE KEYS */;
/*!40000 ALTER TABLE `model_has_permissions` ENABLE KEYS */;
UNLOCK TABLES;

--
-- Table structure for table `model_has_roles`
--

DROP TABLE IF EXISTS `model_has_roles`;
/*!40101 SET @saved_cs_client     = @@character_set_client */;
/*!50503 SET character_set_client = utf8mb4 */;
CREATE TABLE `model_has_roles` (
  `role_id` bigint unsigned NOT NULL,
  `model_type` varchar(255) CHARACTER SET utf8mb4 COLLATE utf8mb4_unicode_ci NOT NULL,
  `model_id` bigint unsigned NOT NULL,
  PRIMARY KEY (`role_id`,`model_id`,`model_type`),
  KEY `model_has_roles_model_id_model_type_index` (`model_id`,`model_type`)
) ENGINE=InnoDB DEFAULT CHARSET=utf8mb4 COLLATE=utf8mb4_unicode_ci;
/*!40101 SET character_set_client = @saved_cs_client */;

--
-- Dumping data for table `model_has_roles`
--

LOCK TABLES `model_has_roles` WRITE;
/*!40000 ALTER TABLE `model_has_roles` DISABLE KEYS */;
INSERT INTO `model_has_roles` VALUES (1,'App\\Models\\User',1),(2,'App\\Models\\User',1),(3,'App\\Models\\User',1),(3,'App\\Models\\User',4),(3,'App\\Models\\User',5),(3,'App\\Models\\User',6),(3,'App\\Models\\User',7),(3,'App\\Models\\User',8),(3,'App\\Models\\User',9);
/*!40000 ALTER TABLE `model_has_roles` ENABLE KEYS */;
UNLOCK TABLES;

--
-- Table structure for table `oauth_access_tokens`
--

DROP TABLE IF EXISTS `oauth_access_tokens`;
/*!40101 SET @saved_cs_client     = @@character_set_client */;
/*!50503 SET character_set_client = utf8mb4 */;
CREATE TABLE `oauth_access_tokens` (
  `id` varchar(100) CHARACTER SET utf8mb4 COLLATE utf8mb4_unicode_ci NOT NULL,
  `user_id` bigint unsigned DEFAULT NULL,
  `client_id` bigint unsigned NOT NULL,
  `name` varchar(255) CHARACTER SET utf8mb4 COLLATE utf8mb4_unicode_ci DEFAULT NULL,
  `scopes` text CHARACTER SET utf8mb4 COLLATE utf8mb4_unicode_ci,
  `revoked` tinyint(1) NOT NULL,
  `created_at` timestamp NULL DEFAULT NULL,
  `updated_at` timestamp NULL DEFAULT NULL,
  `expires_at` datetime DEFAULT NULL,
  PRIMARY KEY (`id`),
  KEY `oauth_access_tokens_user_id_index` (`user_id`)
) ENGINE=InnoDB DEFAULT CHARSET=utf8mb4 COLLATE=utf8mb4_unicode_ci;
/*!40101 SET character_set_client = @saved_cs_client */;

--
-- Dumping data for table `oauth_access_tokens`
--

LOCK TABLES `oauth_access_tokens` WRITE;
/*!40000 ALTER TABLE `oauth_access_tokens` DISABLE KEYS */;
/*!40000 ALTER TABLE `oauth_access_tokens` ENABLE KEYS */;
UNLOCK TABLES;

--
-- Table structure for table `oauth_auth_codes`
--

DROP TABLE IF EXISTS `oauth_auth_codes`;
/*!40101 SET @saved_cs_client     = @@character_set_client */;
/*!50503 SET character_set_client = utf8mb4 */;
CREATE TABLE `oauth_auth_codes` (
  `id` varchar(100) CHARACTER SET utf8mb4 COLLATE utf8mb4_unicode_ci NOT NULL,
  `user_id` bigint unsigned NOT NULL,
  `client_id` bigint unsigned NOT NULL,
  `scopes` text CHARACTER SET utf8mb4 COLLATE utf8mb4_unicode_ci,
  `revoked` tinyint(1) NOT NULL,
  `expires_at` datetime DEFAULT NULL,
  PRIMARY KEY (`id`),
  KEY `oauth_auth_codes_user_id_index` (`user_id`)
) ENGINE=InnoDB DEFAULT CHARSET=utf8mb4 COLLATE=utf8mb4_unicode_ci;
/*!40101 SET character_set_client = @saved_cs_client */;

--
-- Dumping data for table `oauth_auth_codes`
--

LOCK TABLES `oauth_auth_codes` WRITE;
/*!40000 ALTER TABLE `oauth_auth_codes` DISABLE KEYS */;
/*!40000 ALTER TABLE `oauth_auth_codes` ENABLE KEYS */;
UNLOCK TABLES;

--
-- Table structure for table `oauth_clients`
--

DROP TABLE IF EXISTS `oauth_clients`;
/*!40101 SET @saved_cs_client     = @@character_set_client */;
/*!50503 SET character_set_client = utf8mb4 */;
CREATE TABLE `oauth_clients` (
  `id` bigint unsigned NOT NULL AUTO_INCREMENT,
  `user_id` bigint unsigned DEFAULT NULL,
  `name` varchar(255) CHARACTER SET utf8mb4 COLLATE utf8mb4_unicode_ci NOT NULL,
  `secret` varchar(100) CHARACTER SET utf8mb4 COLLATE utf8mb4_unicode_ci DEFAULT NULL,
  `provider` varchar(255) CHARACTER SET utf8mb4 COLLATE utf8mb4_unicode_ci DEFAULT NULL,
  `redirect` text CHARACTER SET utf8mb4 COLLATE utf8mb4_unicode_ci NOT NULL,
  `personal_access_client` tinyint(1) NOT NULL,
  `password_client` tinyint(1) NOT NULL,
  `revoked` tinyint(1) NOT NULL,
  `created_at` timestamp NULL DEFAULT NULL,
  `updated_at` timestamp NULL DEFAULT NULL,
  PRIMARY KEY (`id`),
  KEY `oauth_clients_user_id_index` (`user_id`)
) ENGINE=InnoDB AUTO_INCREMENT=3 DEFAULT CHARSET=utf8mb4 COLLATE=utf8mb4_unicode_ci;
/*!40101 SET character_set_client = @saved_cs_client */;

--
-- Dumping data for table `oauth_clients`
--

LOCK TABLES `oauth_clients` WRITE;
/*!40000 ALTER TABLE `oauth_clients` DISABLE KEYS */;
INSERT INTO `oauth_clients` VALUES (1,NULL,'Laravel Personal Access Client','QAynzw2osVGWzsuIBHy2oQOXikga8s4wzwXJZjdW',NULL,'http://localhost',1,0,0,'2022-12-06 10:52:02','2022-12-06 10:52:02'),(2,NULL,'Laravel Password Grant Client','A2LjUZ63QWeYDhu5qC4E7zCLUHdKDWECKHA3KiTl','users','http://localhost',0,1,0,'2022-12-06 10:52:02','2022-12-06 10:52:02');
/*!40000 ALTER TABLE `oauth_clients` ENABLE KEYS */;
UNLOCK TABLES;

--
-- Table structure for table `oauth_personal_access_clients`
--

DROP TABLE IF EXISTS `oauth_personal_access_clients`;
/*!40101 SET @saved_cs_client     = @@character_set_client */;
/*!50503 SET character_set_client = utf8mb4 */;
CREATE TABLE `oauth_personal_access_clients` (
  `id` bigint unsigned NOT NULL AUTO_INCREMENT,
  `client_id` bigint unsigned NOT NULL,
  `created_at` timestamp NULL DEFAULT NULL,
  `updated_at` timestamp NULL DEFAULT NULL,
  PRIMARY KEY (`id`)
) ENGINE=InnoDB AUTO_INCREMENT=2 DEFAULT CHARSET=utf8mb4 COLLATE=utf8mb4_unicode_ci;
/*!40101 SET character_set_client = @saved_cs_client */;

--
-- Dumping data for table `oauth_personal_access_clients`
--

LOCK TABLES `oauth_personal_access_clients` WRITE;
/*!40000 ALTER TABLE `oauth_personal_access_clients` DISABLE KEYS */;
INSERT INTO `oauth_personal_access_clients` VALUES (1,1,'2022-12-06 10:52:02','2022-12-06 10:52:02');
/*!40000 ALTER TABLE `oauth_personal_access_clients` ENABLE KEYS */;
UNLOCK TABLES;

--
-- Table structure for table `oauth_refresh_tokens`
--

DROP TABLE IF EXISTS `oauth_refresh_tokens`;
/*!40101 SET @saved_cs_client     = @@character_set_client */;
/*!50503 SET character_set_client = utf8mb4 */;
CREATE TABLE `oauth_refresh_tokens` (
  `id` varchar(100) CHARACTER SET utf8mb4 COLLATE utf8mb4_unicode_ci NOT NULL,
  `access_token_id` varchar(100) CHARACTER SET utf8mb4 COLLATE utf8mb4_unicode_ci NOT NULL,
  `revoked` tinyint(1) NOT NULL,
  `expires_at` datetime DEFAULT NULL,
  PRIMARY KEY (`id`),
  KEY `oauth_refresh_tokens_access_token_id_index` (`access_token_id`)
) ENGINE=InnoDB DEFAULT CHARSET=utf8mb4 COLLATE=utf8mb4_unicode_ci;
/*!40101 SET character_set_client = @saved_cs_client */;

--
-- Dumping data for table `oauth_refresh_tokens`
--

LOCK TABLES `oauth_refresh_tokens` WRITE;
/*!40000 ALTER TABLE `oauth_refresh_tokens` DISABLE KEYS */;
/*!40000 ALTER TABLE `oauth_refresh_tokens` ENABLE KEYS */;
UNLOCK TABLES;

--
-- Table structure for table `password_resets`
--

DROP TABLE IF EXISTS `password_resets`;
/*!40101 SET @saved_cs_client     = @@character_set_client */;
/*!50503 SET character_set_client = utf8mb4 */;
CREATE TABLE `password_resets` (
  `email` varchar(255) CHARACTER SET utf8mb4 COLLATE utf8mb4_unicode_ci NOT NULL,
  `token` varchar(255) CHARACTER SET utf8mb4 COLLATE utf8mb4_unicode_ci NOT NULL,
  `created_at` timestamp NULL DEFAULT NULL,
  KEY `password_resets_email_index` (`email`)
) ENGINE=InnoDB DEFAULT CHARSET=utf8mb4 COLLATE=utf8mb4_unicode_ci;
/*!40101 SET character_set_client = @saved_cs_client */;

--
-- Dumping data for table `password_resets`
--

LOCK TABLES `password_resets` WRITE;
/*!40000 ALTER TABLE `password_resets` DISABLE KEYS */;
/*!40000 ALTER TABLE `password_resets` ENABLE KEYS */;
UNLOCK TABLES;

--
-- Table structure for table `payment_requests`
--

DROP TABLE IF EXISTS `payment_requests`;
/*!40101 SET @saved_cs_client     = @@character_set_client */;
/*!50503 SET character_set_client = utf8mb4 */;
CREATE TABLE `payment_requests` (
  `id` int NOT NULL AUTO_INCREMENT,
  `amount` float NOT NULL,
  `payment_reference` varchar(100) DEFAULT NULL,
  `payment_date` date DEFAULT NULL,
  `payment_type` varchar(50) DEFAULT NULL,
  `loan_contract_id` int DEFAULT NULL,
  `member_id` int NOT NULL,
  `uuid` varchar(255) NOT NULL,
  `added_by` int NOT NULL,
  `approved_by` int DEFAULT NULL,
  `status` int NOT NULL DEFAULT '0',
  `payment_for_month` varchar(20) DEFAULT NULL,
  `comment` text,
  `attended_date` datetime DEFAULT NULL,
  `created_at` timestamp NOT NULL DEFAULT CURRENT_TIMESTAMP,
  `updated_at` timestamp NOT NULL DEFAULT CURRENT_TIMESTAMP ON UPDATE CURRENT_TIMESTAMP,
  PRIMARY KEY (`id`)
) ENGINE=InnoDB AUTO_INCREMENT=208 DEFAULT CHARSET=utf8mb3;
/*!40101 SET character_set_client = @saved_cs_client */;

--
-- Dumping data for table `payment_requests`
--

LOCK TABLES `payment_requests` WRITE;
/*!40000 ALTER TABLE `payment_requests` DISABLE KEYS */;
INSERT INTO `payment_requests` VALUES (1,185000,'101AGD224031B202-1','2024-01-31','stock',NULL,1,'9b394b44-e7c9-46bb-bfab-8fd7b7bc37ba',1,8,1,'January 2024',NULL,NULL,'2024-01-31 12:23:02','2024-01-31 13:48:25'),(2,15000,'101AGD224031B202-2','2024-01-31','fee',NULL,1,'9b394b86-00f8-41f1-a6f7-f009c88216f5',1,8,1,'January 2024',NULL,NULL,'2024-01-31 12:23:45','2024-01-31 13:48:18'),(3,15000,'101AGD124031A2BG','2024-01-31','fee',NULL,8,'9b3985a0-e47d-4487-85f4-c8055b967aa3',4,8,1,'January 2024',NULL,NULL,'2024-01-31 15:06:13','2024-01-31 15:13:25'),(4,50000,'101AGD124031A258','2024-01-31','stock',NULL,8,'9b3985f2-4910-4533-a3c9-4b4c97c11822',4,8,1,'January 2024',NULL,NULL,'2024-01-31 15:07:06','2024-01-31 15:12:22'),(5,15000,'MKFT0J3KLS1XOT9E0343C-1','2024-01-31','fee',NULL,9,'9b39a84e-5774-4fd8-aa7e-1ae87644657d',5,8,1,'January 2024',NULL,NULL,'2024-01-31 16:43:11','2024-01-31 18:05:09'),(6,85000,'MKFT0J3KLS1XOT9E0343C-2','2024-01-31','stock',NULL,9,'9b39a87c-11bc-4ed7-a977-1fcb2ac5891c',5,8,1,'January 2024',NULL,NULL,'2024-01-31 16:43:41','2024-01-31 18:05:00'),(7,50000,'211FTM2240310631-1','2024-01-31','stock',NULL,11,'9b39c617-2209-4c4b-9723-8a6182807b7d',7,8,1,'January 2024',NULL,NULL,'2024-01-31 18:06:28','2024-01-31 18:11:36'),(8,15000,'211FTM2240310631-2','2024-01-31','fee',NULL,11,'9b39c64d-ab19-4e61-bc95-57d65039a302',7,8,1,'January 2024',NULL,NULL,'2024-01-31 18:07:04','2024-01-31 18:11:26'),(9,100000,'410FTM2240310014-1','2024-01-31','stock',NULL,12,'9b39c731-3e95-4816-8220-35a9fdda375e',8,8,1,'January 2024',NULL,NULL,'2024-01-31 18:09:33','2024-01-31 18:10:58'),(10,15000,'410FTM2240310014-2','2024-01-31','fee',NULL,12,'9b39c76a-8155-493a-a8c2-65ffe336293d',8,8,1,'January 2024',NULL,NULL,'2024-01-31 18:10:10','2024-01-31 18:10:46'),(11,100000,'18D61113A929E948','2024-01-31','stock',NULL,10,'9b39ee5e-dea6-461b-a549-d5198abcc8fa',6,8,1,'January 2024',NULL,NULL,'2024-01-31 19:59:06','2024-02-01 22:08:26'),(12,15000,'18D61113A929E948','2024-01-31','fee',NULL,10,'9b39eede-cc7a-42f9-8785-a6ead49f62ef',6,8,2,'January 2024','rejected','2024-02-07 08:31:40','2024-01-31 20:00:30','2024-02-07 08:31:40'),(13,100000,'101AGD224032D6ML','2024-02-01','stock',NULL,10,'9b3bbb94-5be7-47bf-b8f0-15bee76f975b',6,8,2,'January 2024','rejected','2024-02-07 08:31:24','2024-02-01 20:28:44','2024-02-07 08:31:24'),(14,15000,'101AGD224032D6ML','2024-02-01','fee',NULL,10,'9b3bbbd9-881c-446f-85d5-56efd98250b0',6,8,1,'January 2024',NULL,NULL,'2024-02-01 20:29:29','2024-02-01 22:06:31'),(15,140000,'410FTM2240400510-1','2024-02-09','stock',NULL,12,'9b4ba897-a723-4e06-8d20-4b73b96764b1',8,8,1,'February 2024',NULL,NULL,'2024-02-09 18:28:53','2024-02-09 18:32:07'),(16,15000,'410FTM2240400510-2','2024-02-09','fee',NULL,12,'9b4ba8dd-5965-45bb-80ad-48a2a015e51e',8,8,1,'February 2024',NULL,NULL,'2024-02-09 18:29:39','2024-02-09 18:31:26'),(17,250000,'101AGD224046C1DC','2024-02-15','stock',NULL,8,'9b57da16-c52f-4257-92e7-0438a0d041f0',4,8,1,'February 2024',NULL,NULL,'2024-02-15 19:57:13','2024-02-15 22:44:33'),(18,200000,'101AGD2240589395-1','2024-02-27','stock',NULL,1,'9b6f42ee-f872-44a7-8186-1f37d05eea93',1,8,1,'February 2024',NULL,NULL,'2024-02-27 11:14:26','2024-02-27 11:23:56'),(19,15000,'101AGD2240589395-2','2024-02-27','fee',NULL,1,'9b6f4319-4c32-4d90-8d37-9fb7a2b97f22',1,8,1,'February 2024',NULL,NULL,'2024-02-27 11:14:54','2024-02-27 11:23:48'),(20,15000,'206FTM2240580048','2024-02-27','fee',NULL,9,'9b6fc7e8-a34f-452e-97be-872efa2c625e',5,8,1,'February 2024',NULL,NULL,'2024-02-27 17:26:15','2024-02-27 17:31:20'),(21,85000,'206FTM2240580048-2','2024-02-27','stock',NULL,9,'9b6fc826-4348-45ce-8a0b-0de8dde44928',5,8,1,'February 2024',NULL,NULL,'2024-02-27 17:26:56','2024-02-27 17:31:37'),(22,100000,'101AGD224058C1T1','2024-02-27','stock',NULL,10,'9b6fc9b2-8649-4a7f-8682-0e4b2bca6bca',6,8,1,'February 2024',NULL,NULL,'2024-02-27 17:31:15','2024-02-27 17:32:03'),(23,15000,'101AGD224058C1T1 2','2024-02-27','fee',NULL,10,'9b6fca46-e8f3-47cd-aeed-0a4ec92bf304',6,8,2,'February 2024','rejected','2024-02-27 18:05:02','2024-02-27 17:32:53','2024-02-27 18:05:02'),(24,15000,'101AGD224058C1T1-2','2024-02-27','fee',NULL,10,'9b6fcc22-49f1-4206-9202-0fa0ab460aa7',6,8,1,'February 2024',NULL,NULL,'2024-02-27 17:38:04','2024-02-27 18:04:45'),(25,15000,'101AGD124059C1JO','2024-02-28','fee',NULL,8,'9b73dd83-deca-427e-a785-f83bba121ca7',4,8,1,'February 2024',NULL,NULL,'2024-02-29 18:09:59','2024-03-04 09:55:36'),(26,735000,'101AGD324060B07T','2024-02-29','loan',2,10,'9b73f17e-8b65-471a-98f6-fb49b9bde3a5',6,8,1,NULL,NULL,NULL,'2024-02-29 19:05:51','2024-03-04 09:48:51'),(27,15000,'211FTM2240620588-1','2024-03-02','fee',NULL,11,'9b7738d9-b4a6-4daf-a5f7-3eafdbf66042',7,8,1,'February 2024',NULL,NULL,'2024-03-02 10:12:52','2024-03-02 20:16:40'),(28,50000,'211FTM2240620588-2','2024-03-02','stock',NULL,11,'9b77393e-20ec-47d9-992d-d32aa1fbc2af',7,8,1,'February 2024',NULL,NULL,'2024-03-02 10:13:57','2024-03-02 20:16:27'),(29,72000,'211FTM2240620588-3','2024-03-02','loan',1,11,'9b7739b9-3203-4d6e-b15b-60df0bfe2cf2',7,8,1,NULL,NULL,NULL,'2024-03-02 10:15:18','2024-03-02 20:16:08'),(30,500000,'101AGD224064C53V','2024-03-04','stock',NULL,10,'9b7bdf69-e035-4c0b-af6a-ad7b82ac6ed1',6,8,1,'March 2024',NULL,NULL,'2024-03-04 17:41:55','2024-03-05 09:38:42'),(31,630000,'MKFT0PT6LTTSX7FS01E2W','2024-03-16','loan',4,9,'9b93753e-87ae-4770-9045-bffa81f349ec',5,8,1,NULL,NULL,NULL,'2024-03-16 11:04:55','2024-03-17 15:22:18'),(32,495000,'101AGD22407902rw','2024-03-19','loan',3,8,'9b9a6e52-d06c-40d1-8bda-7ce0e707f2aa',4,8,1,NULL,NULL,NULL,'2024-03-19 22:16:21','2024-03-19 23:38:34'),(33,15000,'MKFT0PT6LU2H0ZSHAI6TDJ-1','2024-03-22','fee',NULL,9,'9b9fb38a-a015-4415-92cb-bd6f124fedd5',5,8,1,'March 2024',NULL,NULL,'2024-03-22 13:09:03','2024-03-23 10:37:43'),(34,85000,'MKFT0PT6LU2H0ZSHAI6TDJ-2','2024-03-22','stock',NULL,9,'9b9fb3c2-8118-43c0-8219-b5a23a5a7ddc',5,8,1,'March 2024',NULL,NULL,'2024-03-22 13:09:39','2024-03-23 10:37:33'),(35,50000,'MKFTOQOULU6IGPB301BG1-1','2024-03-25','stock',NULL,11,'9ba55a65-dbf9-430e-b099-f6c93be188ec',7,8,1,'March 2024',NULL,NULL,'2024-03-25 08:34:45','2024-03-25 21:51:23'),(36,15000,'MKFTOQOULU6IGPB301BG1-2','2024-03-25','fee',NULL,11,'9ba55ab4-e3ed-4186-97cc-826898059262',7,8,1,'March 2024',NULL,NULL,'2024-03-25 08:35:37','2024-03-25 21:51:10'),(37,72000,'MKFTOQOULU6IGPB301BG1-3','2024-03-25','loan',1,11,'9ba55b74-1f0e-42c8-8648-92286c88d66d',7,8,1,NULL,NULL,NULL,'2024-03-25 08:37:42','2024-03-25 21:51:00'),(38,85000,'MKFT0Q30LU7AG926122MWW -1','2024-03-25','stock',NULL,12,'9ba67899-bb62-4b81-bc3c-b35e105e8d58',8,8,1,'March 2024',NULL,NULL,'2024-03-25 21:55:02','2024-03-25 21:56:16'),(39,15000,'MKFT0Q30LU7AG926122MWW - 2','2024-03-25','fee',NULL,12,'9ba678d5-6b01-4375-b5b8-a43ed26dd513',8,8,1,'March 2024',NULL,NULL,'2024-03-25 21:55:41','2024-03-25 21:56:07'),(40,15000,'101AGD1240867111','2024-03-26','fee',NULL,10,'9ba79003-585a-479b-b284-3e322d615ee5',6,8,1,'March',NULL,NULL,'2024-03-26 10:56:19','2024-03-26 15:59:52'),(41,70500,'101AGD324082A20R_1','2024-03-22','fee penalty',NULL,13,'9ba98443-7121-4ad2-bdf6-bc7804dee31f',9,8,1,'January 2024',NULL,NULL,'2024-03-27 10:15:07','2024-03-28 09:25:51'),(42,70500,'101AGD324082A20R_2','2024-03-22','stock penalty',NULL,13,'9ba98481-931b-4bd3-9f04-9c4d2e99cc45',9,8,1,'February 2024',NULL,NULL,'2024-03-27 10:15:48','2024-03-28 09:25:57'),(43,630000,'101AGD324082A20R_3','2024-03-22','stock',NULL,13,'9ba9852a-9428-4061-b46a-547dfe09b0a8',9,8,1,'February 2024',NULL,NULL,'2024-03-27 10:17:39','2024-03-28 09:26:04'),(44,183600,'101AGD324082A20R_4','2024-03-22','stock',NULL,13,'9ba9861d-197e-48a6-916d-86e587a4e3dd',9,8,1,'January 2024',NULL,NULL,'2024-03-27 10:20:18','2024-03-28 09:26:11'),(45,183600,'101AGD324082A20R_5','2024-03-22','stock',NULL,13,'9ba98660-00d0-4405-907c-315d17e720ab',9,8,1,'February 2024',NULL,NULL,'2024-03-27 10:21:02','2024-03-28 09:26:20'),(46,183600,'101AGD324082A20R_6','2024-03-22','stock',NULL,13,'9ba98685-0f2b-490b-bb2c-09bdee534e85',9,8,1,'March 2024',NULL,NULL,'2024-03-27 10:21:26','2024-03-28 09:26:27'),(47,65000,'101AGD324082A20R_7','2024-03-22','fee',NULL,13,'9ba9873b-ca0f-4b2b-a83d-bee68f595fd6',9,8,1,'January 2024',NULL,NULL,'2024-03-27 10:23:26','2024-03-28 09:26:33'),(48,65000,'101AGD324082A20R_8','2024-03-22','fee',NULL,13,'9ba987b9-b432-4767-98c2-019c104972ce',9,8,1,'February 2024',NULL,NULL,'2024-03-27 10:24:48','2024-03-28 09:26:42'),(49,65000,'101AGD324082A20R_9','2024-03-22','fee',NULL,13,'9ba987e7-a7a2-414e-8f50-2cee89bbed3a',9,8,1,'March 2024',NULL,NULL,'2024-03-27 10:25:18','2024-03-28 09:26:49'),(50,200000,'18E935BOF5620A6A-1','2024-03-31','stock',NULL,1,'9bb19bc9-4b44-4e53-aa36-9cb1b6d4e418',1,8,1,'March 2024',NULL,NULL,'2024-03-31 10:47:31','2024-03-31 18:18:11'),(51,15000,'18E935BOF5620A6A-2','2024-03-31','fee',NULL,1,'9bb19bfe-cb93-4f79-9598-a48475d6ab96',1,8,1,'March 2024',NULL,NULL,'2024-03-31 10:48:06','2024-03-31 18:17:57'),(52,50000,'101AGD1240918273','2024-03-31','stock',NULL,8,'9bb27012-41fe-4e27-8b18-72e3c20128f2',4,8,1,'March 2024',NULL,NULL,'2024-03-31 20:41:07','2024-03-31 20:44:32'),(53,15000,'101AGD1240918294','2024-03-31','fee',NULL,8,'9bb270bc-16bd-48f5-8473-62a2e1f33bc2',4,8,1,'March 2024',NULL,NULL,'2024-03-31 20:42:58','2024-03-31 20:44:21'),(54,650000,'101AGD324097A0R5','2024-04-06','stock',NULL,8,'9bbdff16-98ba-4783-9dda-40621b174925',4,8,1,'April 2024',NULL,NULL,'2024-04-06 14:35:07','2024-04-06 14:46:16'),(55,477000,'101AGD224097B3JT','2024-04-06','loan',3,8,'9bbdffdf-b576-4467-abf5-86b017c3443f',4,8,1,NULL,NULL,NULL,'2024-04-06 14:37:19','2024-04-06 14:46:50'),(56,215000,'18EBEEB47D0DBB9F-1','2024-04-08','stock',NULL,1,'9bc29487-cec9-45fe-985b-42cc55fb30b2',1,8,1,'April 2024',NULL,NULL,'2024-04-08 21:16:18','2024-04-08 21:25:39'),(57,15000,'18EBEEB47D0DBB9F-2','2024-04-08','fee',NULL,1,'9bc294b7-e44e-47b9-b25f-6b606dd67b52',1,8,1,'April 2024',NULL,NULL,'2024-04-08 21:16:50','2024-04-08 21:25:30'),(58,135000,'101AG224099G2ER-1','2024-04-08','stock',NULL,12,'9bc29664-b7b5-4147-9ea3-cdd78d30c08c',8,8,1,'April 2024',NULL,NULL,'2024-04-08 21:21:31','2024-04-08 21:22:59'),(59,15000,'101AG224099G2ER-2','2024-04-08','fee',NULL,12,'9bc2969a-3c7f-46d1-bd73-063197735d97',8,8,1,'April 2024',NULL,NULL,'2024-04-08 21:22:06','2024-04-08 21:22:52'),(60,661500,'101AGD324082A2OR-R1','2024-03-22','loan',8,13,'9bca8bfe-6f85-4494-ad1c-5db66d91d0b2',9,8,1,NULL,NULL,NULL,'2024-04-12 20:19:04','2024-04-12 20:19:22'),(61,578340,'101AGD324082A2OR-R2','2024-03-22','loan',9,13,'9bca8d6d-d89b-4cd3-8113-3a400531972e',9,8,1,NULL,NULL,NULL,'2024-04-12 20:23:04','2024-04-12 20:23:21'),(62,81000,'101AGD324082A2OR-R3','2024-03-22','fee penalty',NULL,13,'9bca9a16-ee73-41a3-9793-41193f0d8222',9,8,1,'March 2024',NULL,NULL,'2024-04-12 20:58:28','2024-04-12 21:21:10'),(63,81000,'101AGD324082A2OR-R4','2024-03-22','stock penalty',NULL,13,'9bca9a56-6234-4da2-a6e5-c3726a505772',9,8,1,'March 2024',NULL,NULL,'2024-04-12 20:59:10','2024-04-12 21:22:12'),(64,15000,'101AGD324082A2OR-R5','2024-03-22','fee',NULL,13,'9bca9b8c-fcbf-433b-8184-fbdfe2b531f5',9,8,1,'January 2024',NULL,NULL,'2024-04-12 21:02:34','2024-04-12 21:22:01'),(65,15000,'101AGD324082A2OR-R6','2024-03-22','fee',NULL,13,'9bca9bba-18b7-470e-bf0e-4c12c0cc8733',9,8,1,'February 2024',NULL,NULL,'2024-04-12 21:03:03','2024-04-12 21:21:50'),(66,15000,'101AGD324082A2OR-R7','2024-03-22','fee',NULL,13,'9bca9bf7-df1e-4690-9d25-1660b1529557',9,8,1,'March 2024',NULL,NULL,'2024-04-12 21:03:44','2024-04-12 21:21:37'),(67,77160,'101AGD324082A2OR-R8','2024-03-22','stock',NULL,13,'9bca9d03-2ec5-4fd3-8eca-5d79815e8904',9,8,1,'January 2024',NULL,NULL,'2024-04-12 21:06:39','2024-04-12 21:21:25'),(68,50000,'225FTM2241030584-R1','2024-04-12','stock',NULL,13,'9bca9fcc-7e13-49d8-ab12-0ca56f1da3e5',9,8,1,'February 2024',NULL,NULL,'2024-04-12 21:14:26','2024-04-12 21:20:48'),(69,50000,'225FTM2241030585','2024-04-12','stock',NULL,13,'9bcaa03a-5863-4c93-8a6f-3cca5f3efd58',9,8,1,'March 2024',NULL,NULL,'2024-04-12 21:15:38','2024-04-12 21:20:33'),(70,144000,'994195745867','2024-04-18','loan',5,10,'9bd6cd8e-c4e3-471d-81c2-5d859d8b2b29',6,8,1,NULL,NULL,NULL,'2024-04-18 22:32:19','2024-04-18 22:44:02'),(71,50000,'101AGD124118A32Q','2024-04-27','stock',NULL,8,'9be8d24c-a600-40b6-ad30-be9effb3243e',4,4,2,'April 2024','Incorrect','2024-04-27 21:32:43','2024-04-27 21:30:29','2024-04-27 21:32:43'),(72,15000,'101AGD124118A38P','2024-04-27','fee',NULL,8,'9be8d2ca-3819-43af-8f2b-099e556ce3d9',4,8,1,'April 2024',NULL,NULL,'2024-04-27 21:31:51','2024-04-28 10:49:26'),(73,50000,'101AGD124118A32Q_','2024-04-27','stock',NULL,8,'9be8d429-09d1-4896-824e-c0a89a2f1ab2',4,8,1,'May 2024',NULL,NULL,'2024-04-27 21:35:41','2024-04-28 10:49:35'),(74,50000,'101AGD124118A3HS','2024-04-27','stock',NULL,9,'9bedf872-f104-4ee5-8943-24c489dcd5a8',5,8,1,'April 2024',NULL,NULL,'2024-04-30 10:56:18','2024-04-30 13:55:55'),(75,85000,'101AGD224121E5W8','2024-04-30','stock',NULL,10,'9beec3bc-629a-4b83-804c-76ed12d16197',6,8,1,'April 2024',NULL,NULL,'2024-04-30 20:24:44','2024-04-30 20:34:53'),(76,15000,'101AGD224121E5W8 - 1','2024-04-30','fee',NULL,10,'9beec432-78ec-4137-958e-7f72e9b07265',6,8,1,'April 2024',NULL,NULL,'2024-04-30 20:26:01','2024-04-30 20:34:46'),(77,15000,'MKFT0RGRLVOXN78K01KD6','2024-05-02','fee',NULL,9,'9bf1f7ea-613c-46d3-b746-854cb52dbffd',5,8,1,'April 2024',NULL,NULL,'2024-05-02 10:38:07','2024-05-02 10:58:31'),(78,72000,'MKFTORGPLVVO4YLLO11QF-1','2024-05-06','loan',1,11,'9bfa85a4-08d3-4c81-85a7-050106c4deaa',7,8,1,NULL,NULL,NULL,'2024-05-06 16:41:02','2024-05-06 18:27:17'),(79,50000,'MKFTORGPLVVO4YLLO11QF-2','2024-05-06','stock',NULL,11,'9bfa868a-d325-4df3-bb87-880673886e08',7,8,1,'April 2024',NULL,NULL,'2024-05-06 16:43:33','2024-05-06 18:26:26'),(80,15000,'MKFTORGPLVVO4YLLO11QF-3','2024-05-06','fee',NULL,11,'9bfa86dc-dda1-40f0-81bf-0465561ec0c1',7,8,1,'April 2024',NULL,NULL,'2024-05-06 16:44:27','2024-05-21 10:09:47'),(81,6000,'MKFTORGPLVVO4YLLO11QF-4','2024-05-06','fee penalty',NULL,11,'9bfa872f-297c-44dd-af61-c390225fcfea',7,8,1,'April 2024',NULL,NULL,'2024-05-06 16:45:21','2024-05-06 18:27:08'),(82,6000,'MKFTORGPLVVO4YLLO11QF-5','2024-05-06','stock penalty',NULL,11,'9bfa876f-ec8d-490c-ba36-f990032b94a0',7,8,1,'April 2024',NULL,NULL,'2024-05-06 16:46:03','2024-05-06 18:26:56'),(83,410000,'101AGD224127E0IF','2024-05-06','loan',6,8,'9bfac75c-0b29-44df-8d8f-87e74b037fea',4,8,1,NULL,NULL,NULL,'2024-05-06 19:44:48','2024-05-06 19:46:17'),(84,55000,'101AGD224131C34Y','2024-05-10','loan',7,9,'9c03fdbf-eb82-4d80-acf9-bf62878ccc57',5,8,1,NULL,NULL,NULL,'2024-05-11 09:39:20','2024-05-11 13:39:04'),(85,100000,'410FTM2241370004-1','2024-05-16','stock',NULL,12,'9c1281d6-e992-4a25-9ade-1a845d591f71',8,8,1,'May 2024',NULL,NULL,'2024-05-18 14:50:16','2024-05-18 18:18:20'),(86,15000,'410FTM2241370004-2','2024-05-16','fee',NULL,12,'9c128241-68f0-4419-8261-37af0d4539e4',8,8,1,'May 2024',NULL,NULL,'2024-05-18 14:51:26','2024-05-18 18:18:13'),(87,144000,'101AGD224139B7DU','2024-05-18','loan',5,10,'9c12d09b-4ebd-4951-a15a-6f3c304cc1f5',6,8,1,NULL,NULL,NULL,'2024-05-18 18:30:31','2024-05-18 18:33:40'),(88,200000,'18F96A09FDAC827-1','2024-05-20','stock',NULL,1,'9c16da82-65f0-4bb9-b246-b75798ed7f96',1,8,1,'May 2024',NULL,NULL,'2024-05-20 18:41:31','2024-05-21 12:35:41'),(89,15000,'18F96A09FDAC827-2','2024-05-20','fee',NULL,1,'9c16daa5-e6f9-468c-963a-ee0c20eb4ead',1,8,1,'May 2024',NULL,NULL,'2024-05-20 18:41:55','2024-05-21 12:35:34'),(90,15000,'MKFTORGPLVVO4YLLO11QF-5','2024-05-06','fee',NULL,11,'9b73dd83-deca-427e-a785-f83bba67df1ca7',11,12,1,'May 2024',NULL,NULL,'2024-05-06 21:09:59','2024-05-21 10:06:00'),(91,15000,'MKFT0RXKLWI7CH4901J8X_R1','2024-05-22','fee',NULL,13,'9c1b2fd4-b10a-4b4a-b681-b144f4ed1d16',9,8,1,'April 2024',NULL,NULL,'2024-05-22 22:23:25','2024-05-25 13:00:35'),(92,30000,'MKFT0RXKLWI7CH4901J8X_R2','2024-05-22','fee penalty',NULL,13,'9c1b3020-a980-4c6e-9511-13ec6be06eee',9,8,1,'April 2024',NULL,NULL,'2024-05-22 22:24:14','2024-05-25 13:00:31'),(93,50000,'MKFT0RXKLWI7CH4901J8X_R3','2024-05-22','stock',NULL,13,'9c1b308a-0fb0-4600-b465-13846d779560',9,8,1,'April 2024',NULL,NULL,'2024-05-22 22:25:24','2024-05-25 13:00:26'),(94,30000,'MKFT0RXKLWI7CH4901J8X_R4','2024-05-22','stock penalty',NULL,13,'9c1b30ac-e93a-4527-b81b-688336be47be',9,8,1,'April 2024',NULL,NULL,'2024-05-22 22:25:46','2024-05-25 13:00:20'),(95,1000000,'MKFT0RXKLWI7CH4901J8X_R6 & MKFT0RXKLWI7YS9O01FX_R1','2024-05-22','loan',10,13,'9c1b32fb-5fff-4e81-952f-7b32fe9fd7a2',9,8,1,NULL,NULL,NULL,'2024-05-22 22:32:13','2024-05-25 12:57:59'),(96,52000,'MKFT0RXKLWI820YQ01GGZ_R1','2024-05-22','loan',10,13,'9c1b33f5-4792-4255-83cc-6a0ad096e336',9,8,1,NULL,NULL,NULL,'2024-05-22 22:34:57','2024-05-25 13:00:15'),(97,183600,'MKFT0RXKLWI7CH4901J8X_R7','2024-05-22','loan',9,13,'9c1b35fb-b937-4602-a08d-336530887678',9,8,1,NULL,NULL,NULL,'2024-05-22 22:40:37','2024-05-25 13:00:11'),(98,183600,'MKFT0RXKLWI7CH4901J8X_R8','2024-05-22','loan',9,13,'9c1b361c-7ab0-474a-bc40-68fedf85b4f7',9,8,1,NULL,NULL,NULL,'2024-05-22 22:40:58','2024-05-25 13:00:07'),(99,183600,'MKFT0RXKLWI7CH4901J8X_R9','2024-05-22','loan',9,13,'9c1b3653-da25-48d6-b3a5-a6ac9d43150e',9,8,1,NULL,NULL,NULL,'2024-05-22 22:41:35','2024-05-25 13:00:02'),(100,9180,'MKFT0RZKLWI8EPRF6T45WY_R1','2024-05-22','loan',9,13,'9c1b3779-11c8-49ea-a12a-238351c11c3a',9,8,1,NULL,NULL,NULL,'2024-05-22 22:44:47','2024-05-25 12:59:57'),(101,1050000,'MKFTORP2LWLVTI3Q01F8Z','2024-05-25','loan',12,11,'9c205d70-f945-4752-a593-7bc65686d69f',7,8,1,NULL,NULL,NULL,'2024-05-25 12:10:05','2024-05-25 12:57:32'),(102,126000,'410FTM2241460022','2024-05-25','loan',11,12,'9c2081ff-a8a7-4fe7-a21b-b77f475f9c87',8,8,1,NULL,NULL,NULL,'2024-05-25 13:52:19','2024-05-27 13:06:04'),(103,4500,'MKFT0RP2LWOPVO84Q947AC_1','2024-05-27','stock penalty',NULL,13,'9c245901-ee85-4f9f-b001-7635632c4a86',9,8,1,'April 2024',NULL,NULL,'2024-05-27 11:41:00','2024-05-27 13:07:24'),(104,4500,'MKFT0RP2LWOPVO84Q947AC_2','2024-05-27','fee penalty',NULL,13,'9c245b13-f385-4afd-ba63-a6ab9406e946',9,8,1,'April 2024',NULL,NULL,'2024-05-27 11:46:47','2024-05-27 13:07:28'),(105,100000,'MKFT0RP2LWOQ79U901OH2_1','2024-05-27','stock',NULL,13,'9c245c0b-1a8c-435b-bd68-51b918b3946e',9,8,1,'May 2024',NULL,NULL,'2024-05-27 11:49:29','2024-05-27 13:07:32'),(106,30000,'MKFT0RP2LWOQ79U901OH2_2','2024-05-27','fee',NULL,13,'9c245cda-dd58-44d7-8ec9-c93b5708560c',9,8,1,'May 2024',NULL,NULL,'2024-05-27 11:51:46','2024-05-27 13:07:36'),(107,576000,'101AGD324148B1TS','2024-05-27','loan',5,10,'9c24cd65-dc78-4e55-9ece-093c5eea7375',6,8,1,NULL,NULL,NULL,'2024-05-27 17:06:27','2024-05-27 19:46:06'),(108,100000,'101AGD224148DOAQ','2024-05-27','stock',NULL,10,'9c24cefc-09f7-4efd-aa66-46562c4e4eaf',6,8,1,'May 2024',NULL,NULL,'2024-05-27 17:10:53','2024-05-27 19:45:58'),(109,15000,'101AGD124152c2ZD','2024-05-31','fee',NULL,8,'9c2d05bc-e816-43cb-9394-20707672859e',4,8,1,'May 2024',NULL,NULL,'2024-05-31 19:10:37','2024-05-31 19:17:27'),(110,15000,'MKFT0RP2LWYOTQLV01ODY-1','2024-06-03','fee',NULL,9,'9c326370-8b7b-4231-b0bf-f1b1a7f7bf71',5,8,1,'June 2024',NULL,NULL,'2024-06-03 11:11:46','2024-06-03 14:14:39'),(111,50000,'MKFT0RP2LWYOTQLV01ODY-2','2024-06-03','stock',NULL,9,'9c32641d-87f4-4941-9475-9d401bb11978',5,8,1,'May 2024',NULL,NULL,'2024-06-03 11:13:39','2024-06-03 14:14:35'),(112,54000,'MKFT00EJLX9895OV013MT','2024-05-10','loan',7,9,'9c4138ba-8109-4f0b-95dc-e2f1a31ba5de',5,8,1,NULL,NULL,NULL,'2024-06-10 20:09:45','2024-06-12 15:59:42'),(113,107000,'MKFT057ILXDAO75O01KWE','2024-06-13','loan',7,9,'9c46f2c7-029d-46f8-83c5-43c767e6fb8d',5,8,1,NULL,NULL,NULL,'2024-06-13 16:29:07','2024-06-13 17:51:12'),(114,15000,'101AGD124165B6GI','2024-06-13','fee',NULL,10,'9c47258e-d6bc-4ed0-8318-f6d0cf7fca00',6,8,1,'May 2024',NULL,NULL,'2024-06-13 18:51:07','2024-06-13 18:55:05'),(115,16500,'101AGD124165B6GI-1','2024-06-13','fee penalty',NULL,10,'9c4725e0-b67e-4ba8-b4fc-e941544ef024',6,8,1,'May 2024',NULL,NULL,'2024-06-13 18:52:00','2024-06-13 18:55:19'),(116,85000,'410FTM2241710507-1','2024-06-19','stock',NULL,12,'9c531e97-0322-4235-8506-15302648ab10',8,8,1,'June 2024',NULL,NULL,'2024-06-19 17:41:34','2024-06-19 17:43:58'),(117,15000,'410FTM2241710507-2','2024-06-19','fee',NULL,12,'9c531ec9-050a-4664-9b56-c56c4b326fa9',8,8,1,'June 2024',NULL,NULL,'2024-06-19 17:42:07','2024-06-19 17:43:49'),(118,100000,'0719044DE7544AIIL-1','2024-06-25','stock',NULL,1,'9c5e6f31-d3f6-4f8a-83ff-81440973aba0',1,8,1,'June 2024',NULL,NULL,'2024-06-25 08:41:03','2024-06-25 11:56:59'),(119,15000,'0719044DE7544AIIL-2','2024-06-25','fee',NULL,1,'9c5e6f66-332a-4ed6-b878-307d16b7af4a',1,8,1,'June 2024',NULL,NULL,'2024-06-25 08:41:38','2024-06-25 11:56:54'),(120,85000,'MKFT0T4MLXVXTPS701EOD-1','2024-06-26','stock',NULL,9,'9c613204-3665-4ef8-87c1-1c1ea175b5a9',5,8,1,'June 2024',NULL,NULL,'2024-06-26 17:37:28','2024-06-26 18:13:41'),(121,15000,'MKFT0T4MLXVXTPS701EOD-2','2024-06-26','fee',NULL,9,'9c613276-8b1c-4703-ae4c-dd714950fda6',5,8,1,'June 2024',NULL,NULL,'2024-06-26 17:38:43','2024-06-26 18:13:30'),(122,37500,'MKFTOT5RLXW9AFDKCK45W4-1','2024-06-26','stock penalty',NULL,11,'9c61a4d1-1fb4-41c8-9d15-c31c5cab6ca6',7,8,1,'May 2024',NULL,NULL,'2024-06-26 22:58:29','2024-06-26 23:03:31'),(123,62500,'MKFTOT5RLXW9AFDKCK45W4-2','2024-06-26','stock',NULL,11,'9c61a528-b4ff-40da-bbda-5666582e0056',7,8,1,'June 2024',NULL,NULL,'2024-06-26 22:59:26','2024-06-26 23:03:22'),(124,15000,'MKFTOT4MLXW9F34N01QAY','2024-06-26','fee',NULL,11,'9c61a5b4-705e-4664-9388-5085a0bdb776',7,8,1,'June 2024',NULL,NULL,'2024-06-26 23:00:58','2024-06-26 23:03:11'),(125,126000,'410FTM2241800523','2024-06-28','loan',11,12,'9c654eb0-f258-48a1-a5aa-ddce7d7a5ad8',8,8,1,NULL,NULL,NULL,'2024-06-28 18:40:58','2024-06-28 18:41:16'),(126,468000,'101AGD324182A5Q5','2024-06-30','loan',13,10,'9c698b53-c5ac-4b5f-bb4f-5edb9d15ef59',6,8,1,NULL,NULL,NULL,'2024-06-30 21:13:50','2024-06-30 21:24:14'),(127,70000,'101AGD324182A5Q5-1','2024-06-30','stock',NULL,10,'9c698bcf-50f9-4a22-af1d-4aec6ba40248',6,8,1,'June 2024',NULL,NULL,'2024-06-30 21:15:11','2024-06-30 21:24:05'),(128,50000,'MKFT0T98LY1XWAAB01JF1_1','2024-06-30','stock',NULL,13,'9c69ad17-e64f-42b1-826f-9de5db1cfdab',9,8,1,'June 2024',NULL,NULL,'2024-06-30 22:48:15','2024-06-30 23:45:28'),(129,15000,'MKFT0T98LY1XWAAB01JF1_2','2024-06-30','fee',NULL,13,'9c69ad52-57bc-4724-b4fb-e3dff0c9b35d',9,8,1,'June 2024',NULL,NULL,'2024-06-30 22:48:53','2024-06-30 23:45:18'),(130,50000,'MKFT0T9TLY4Q79R201CXM','2024-07-02','stock',NULL,8,'9c6d9d60-1978-456f-b71c-69ad98e25ba5',4,8,1,'June 2024',NULL,NULL,'2024-07-02 21:47:36','2024-07-06 11:38:29'),(131,15000,'MKFT0T9TLY4Q79R201CXM_','2024-07-02','fee',NULL,8,'9c6d9db1-4055-4767-9425-044641d351b0',4,8,1,'June 2024',NULL,NULL,'2024-07-02 21:48:30','2024-07-06 11:38:23'),(132,1102500,'410FTM4241850502','2024-07-03','loan',14,12,'9c6f6b4f-cc39-4956-bf45-0c7eaa782bd7',8,8,1,NULL,NULL,NULL,'2024-07-03 19:19:16','2024-07-03 19:19:57'),(133,1500,'MKFT0X30LYLKV09S01I3G','2024-07-14','fee penalty',NULL,9,'9c854bca-be8a-4952-ab0b-51334c5562d6',5,8,1,'May 2024',NULL,NULL,'2024-07-14 16:19:21','2024-07-14 16:27:02'),(134,1500,'MKFT0X30LYLKV09S01I3G-1','2024-07-14','stock penalty',NULL,9,'9c854c27-b479-425f-9aac-1c94dbee4c21',5,8,1,'May 2024',NULL,NULL,'2024-07-14 16:20:22','2024-07-14 16:26:56'),(135,50200,'MKFT0RXKLWI7CH4901J8X_10','2024-05-22','loan',10,13,'9c858179-ea85-4901-98a4-94004d82a984',9,8,1,NULL,NULL,NULL,'2024-07-14 18:49:28','2024-07-14 18:51:28'),(136,1000,'MKFT0X30LYLQ5G9F01BGH_1','2024-07-14','loan',10,13,'9c8581f3-9144-464a-8c71-780928dcf484',9,8,1,NULL,NULL,NULL,'2024-07-14 18:50:48','2024-07-14 18:51:22'),(137,15000,'https://uskbrotherhood.co.tz/','2024-07-18','fee',NULL,10,'9c8d3841-73bb-4e82-b8c6-8a2c3ecf4e30',6,8,2,'June 2024','Wrong translation','2024-07-18 21:50:09','2024-07-18 14:51:21','2024-07-18 21:50:09'),(138,15000,'101AGD124200A4DP','2024-07-18','fee',NULL,10,'9c8d3970-ce3f-4ad7-8d9b-ba18e398286a',6,8,1,'June 2024',NULL,NULL,'2024-07-18 14:54:40','2024-07-18 21:49:42'),(139,12600,'MKFTOXLLLYYLXR8501DCO-1','2024-07-23','loan',17,11,'9c97a5c1-bfb2-420a-976b-427597bf6e84',7,8,2,NULL,'incorrect amount','2024-07-24 08:57:40','2024-07-23 19:15:49','2024-07-24 08:57:40'),(140,126000,'MKFTOXLLLYYLXR8501DCO-2','2024-07-23','loan',17,11,'9c97b49f-280f-41d3-bf1f-eb7b5af7920c',7,8,1,NULL,NULL,NULL,'2024-07-23 19:57:23','2024-07-24 08:57:50'),(141,50000,'MKFTOXLLLYYLXR8501DCO-3','2024-07-23','stock',NULL,11,'9c97b554-034d-4ea9-a2fb-31b2ae227526',7,8,1,'July 2024',NULL,NULL,'2024-07-23 19:59:21','2024-07-24 08:58:22'),(142,15000,'MKFTOXLLLYYLXR8501DCO-4','2024-07-23','fee',NULL,11,'9c97b681-4a42-45c5-ac98-1e5c348f16d8',7,8,1,'July 2024',NULL,NULL,'2024-07-23 20:02:39','2024-07-24 08:57:56'),(143,368000,'MKFT0XLLLYZPHOCY01ATE','2024-07-24','loan',15,9,'9c992e98-27af-48f5-9ca1-78ecab03bea5',5,8,1,NULL,NULL,NULL,'2024-07-24 13:34:16','2024-07-24 13:36:31'),(144,55000,'101AGD224211A5EF','2024-07-29','stock',NULL,8,'9ca31b58-f4ca-4211-bce5-1df1cfb5aca8',4,4,2,'July 2024','Incorrect amount','2024-07-29 12:00:25','2024-07-29 11:58:44','2024-07-29 12:00:25'),(145,15000,'101AGD224211A5EF_2','2024-07-29','fee',NULL,8,'9ca31b83-c551-47ae-ae42-c6210a9e7613',4,8,1,'July 2024',NULL,NULL,'2024-07-29 11:59:12','2024-07-29 19:20:00'),(146,6000,'101AGD224211A5EF_3','2024-07-29','fee penalty',NULL,8,'9ca31bbf-606a-400e-a83d-7f21513b964e',4,8,1,'July 2024',NULL,NULL,'2024-07-29 11:59:51','2024-07-29 19:19:56'),(147,50000,'101AGD224211A5EF_1','2024-07-29','stock',NULL,8,'9ca31c5a-ea79-4ef8-b73d-e6442770e605',4,8,1,'July 2024',NULL,NULL,'2024-07-29 12:01:33','2024-07-29 19:19:51'),(148,50000,'410FTM2242120011 - 1','2024-07-30','stock',NULL,12,'9ca59771-337c-4ef9-8188-b8ec63093542',8,8,1,'July 2024',NULL,NULL,'2024-07-30 17:37:23','2024-07-30 17:39:21'),(149,15000,'410FTM2242120011 - 2','2024-07-30','fee',NULL,12,'9ca5979e-dd5b-4289-92c2-d84088a7e288',8,8,1,'July 2024',NULL,NULL,'2024-07-30 17:37:53','2024-07-30 17:39:25'),(150,126000,'410FTM2242120011 - 3','2024-07-30','loan',11,12,'9ca597fc-5c3f-4cf0-8b00-0884966d4d10',8,8,1,NULL,NULL,NULL,'2024-07-30 17:38:54','2024-07-30 17:39:33'),(151,15000,'MKFT0XO7LZ9JMO36014UB-1','2024-07-31','fee',NULL,9,'9ca7082a-185c-4f92-b34f-29d557dcad1a',5,8,1,'July 2024',NULL,NULL,'2024-07-31 10:48:24','2024-07-31 11:08:59'),(152,85000,'MKFT0XO7LZ9JMO36014UB-2','2024-07-31','stock',NULL,9,'9ca708bf-e282-4506-937d-19510a7ed253',5,8,1,'July 2024',NULL,NULL,'2024-07-31 10:50:02','2024-07-31 11:08:54'),(153,468000,'101AGD324213B3ES','2024-07-31','loan',13,10,'9ca7a2e6-d2c5-4b72-89ea-7d9eda459aaa',6,8,1,NULL,NULL,NULL,'2024-07-31 18:01:05','2024-07-31 20:31:24'),(154,100000,'101AGD324213B3ES-1','2024-07-31','stock',NULL,10,'9ca7a367-c348-455d-9d78-b85c46eec2bf',6,8,1,'July 2024',NULL,NULL,'2024-07-31 18:02:29','2024-07-31 20:31:32'),(155,15000,'101AGD324213B3ES-2','2024-07-31','fee',NULL,10,'9ca7a3ae-6006-4304-b3fc-e911d11fda60',6,8,1,'July 2024',NULL,NULL,'2024-07-31 18:03:15','2024-07-31 20:31:41'),(156,15000,'MKFT0XMVLZA6HS7AFW726C_1','2024-07-31','fee',NULL,13,'9ca7ed83-8fcd-4332-9ee9-a054fbc8bc92',9,8,1,'July 2024',NULL,NULL,'2024-07-31 21:29:42','2024-07-31 21:59:57'),(157,100000,'MKFT0XMVLZA6HS7AFW726C_2','2024-07-31','stock',NULL,13,'9ca7edb5-a79f-4985-9c63-b1f766cbe430',9,8,1,'July 2024',NULL,NULL,'2024-07-31 21:30:15','2024-07-31 21:59:48'),(158,200000,'1910DACO2AB89A5B','2024-08-01','stock',NULL,1,'9ca95bce-3062-4246-9526-95391fbf5f3f',1,8,1,'July 2024',NULL,NULL,'2024-08-01 14:33:56','2024-08-01 15:25:37'),(159,15000,'1910DACO2AB89A5B-1','2024-08-01','fee',NULL,1,'9ca95bf7-f3a0-4251-993e-28cb4afd660d',1,8,1,'July 2024',NULL,NULL,'2024-08-01 14:34:23','2024-08-01 15:25:47'),(160,400000,'101AGD224215C4T2','2024-08-02','stock',NULL,10,'9cab94ad-cb88-4737-b823-0853e2c06241',6,8,1,'August 2024',NULL,NULL,'2024-08-02 17:04:37','2024-08-03 12:35:31'),(161,300000,'MKFT0JXW9M04Z2CAB01B5A','2024-08-22','loan',15,9,'9cd347bb-19d0-4e7a-8913-675c89dca1bf',5,8,1,NULL,NULL,NULL,'2024-08-22 10:42:34','2024-08-22 11:02:34'),(162,15000,'MKFT0XW8M04Z8ST301C5J-1','2024-08-22','fee',NULL,9,'9cd34936-2913-44b1-9b53-466a7dfe5bc1',5,8,1,'August 2024',NULL,NULL,'2024-08-22 10:46:43','2024-08-22 10:58:53'),(163,85000,'MKFT0XW8M04Z8ST301C5J-2','2024-08-22','stock',NULL,9,'9cd34986-9c6c-4f28-ad31-8f79c667cb67',5,8,1,'August 2024',NULL,NULL,'2024-08-22 10:47:35','2024-08-22 10:58:39'),(164,525000,'MKFTOXW8M07WZ29G01J1R-1','2024-08-24','loan',18,11,'9cd76b7f-0185-49c5-8636-0819616bd829',7,8,1,NULL,NULL,NULL,'2024-08-24 12:05:53','2024-08-24 21:38:20'),(165,126000,'MKFTOXW8M07WZ29G01J1R-2','2024-08-24','loan',17,11,'9cd76bd0-02b5-4020-a2bc-b6f0d8245911',7,8,1,NULL,NULL,NULL,'2024-08-24 12:06:46','2024-08-24 21:37:51'),(166,15000,'MKFTOXW8M07WZ29G01J1R-3','2024-08-24','fee',NULL,11,'9cd76dab-6b69-4814-acd5-2181c7d97c05',7,8,1,'August 2024',NULL,NULL,'2024-08-24 12:11:58','2024-08-24 21:38:13'),(167,50000,'MKFTOXW8M07WZ29G01J1R-4','2024-08-24','stock',NULL,11,'9cd76deb-f3c1-4289-b5f2-76766fa68960',7,8,1,'August 2024',NULL,NULL,'2024-08-24 12:12:40','2024-08-24 21:38:02'),(168,200000,'247AGPS242395E7V','2024-08-26','stock',NULL,1,'9cdb3257-ade2-40dd-972b-b3766c97d9f3',1,8,1,'August 2024',NULL,NULL,'2024-08-26 09:09:23','2024-08-26 09:13:46'),(169,15000,'247AGPS242395E7V-1','2024-08-26','fee',NULL,1,'9cdb3277-25c7-4d44-91c4-355757272f9a',1,8,1,'August 2024',NULL,NULL,'2024-08-26 09:09:44','2024-08-26 09:13:39'),(170,50000,'410FTM2242390017-1','2024-08-26','stock',NULL,12,'9cddad29-0a6a-4631-83b1-03c03216fc21',8,8,1,'August 2024',NULL,NULL,'2024-08-27 14:44:28','2024-08-27 14:52:57'),(171,15000,'410FTM2242390017-2','2024-08-26','fee',NULL,12,'9cddad60-1f91-49e2-a647-4eac8a00de13',8,8,1,'August 2024',NULL,NULL,'2024-08-27 14:45:04','2024-08-27 14:52:50'),(172,126000,'410FTM2242390017-3','2024-08-26','loan',11,12,'9cddafe4-8d25-4121-a318-1fb8ccdf4aaa',8,8,1,NULL,NULL,NULL,'2024-08-27 14:52:06','2024-08-27 14:52:43'),(173,50000,'191a84ddcc427864_1','2024-08-31','stock',NULL,8,'9ce7ee2d-d612-4507-8254-d7a9e91726b1',4,8,1,'August 2024',NULL,NULL,'2024-09-01 17:04:33','2024-09-01 17:09:08'),(174,15000,'191a84ddcc427864_2','2024-08-31','fee',NULL,8,'9ce7ee8d-4cc2-4ba1-829f-b54508c75bab',4,8,1,'August 2024',NULL,NULL,'2024-09-01 17:05:36','2024-09-01 17:08:57'),(175,15000,'101AGD224245C00R -1','2024-09-01','fee',NULL,10,'9ce82292-16e5-404f-b9c8-274c098f5f34',6,8,1,'August 2024',NULL,NULL,'2024-09-01 19:31:03','2024-09-01 20:18:26'),(176,468000,'101AGD224245C00R','2024-09-01','loan',13,10,'9ce82385-8184-449f-87ac-cc35b06c6bc1',6,8,1,NULL,NULL,NULL,'2024-09-01 19:33:42','2024-09-01 20:18:35'),(177,106000,'MKFT0XW7M0QDUUA301KQK_1','2024-09-06','stock',NULL,13,'9cf16c0d-b93b-4d72-8d5b-f38454d1947b',9,8,1,'August 2024',NULL,NULL,'2024-09-06 10:18:58','2024-09-06 10:24:58'),(178,106000,'MKFT0XW7M0QDUUA301KQK_2','2024-09-06','stock penalty',NULL,13,'9cf16c3b-45c1-462e-83fb-f5fd8a141839',9,8,2,'August 2024','Rejected','2024-09-06 10:24:46','2024-09-06 10:19:28','2024-09-06 10:24:46'),(179,15000,'MKFT0XW7M0QDTKCY01FRE_1','2024-09-06','fee',NULL,13,'9cf16cae-0932-4296-a453-e48df412526b',9,8,1,'August 2024',NULL,NULL,'2024-09-06 10:20:43','2024-09-06 10:25:28'),(180,6000,'MKFT0XW7M0QDTKCY01FRE_2','2024-09-06','fee penalty',NULL,13,'9cf16cd3-56ee-4147-8d12-0268e509f1e1',9,8,1,'August 2024',NULL,NULL,'2024-09-06 10:21:08','2024-09-06 10:25:36'),(181,6000,'MKFT0XW7M0QDUUA301KQK_3','2024-09-06','stock penalty',NULL,13,'9cf17a63-6903-401f-b00f-aad813106a98',9,8,1,'August 2024',NULL,NULL,'2024-09-06 10:59:03','2024-09-11 18:02:18'),(182,210000,'MKFT0Y97M0XVGLS001DKL','2024-09-11','loan',20,10,'9cfbf790-0f2a-4709-b35d-7d100b094f0d',6,8,1,NULL,NULL,NULL,'2024-09-11 16:07:21','2024-09-11 18:01:12'),(183,34000,'MKFT0XW9M1I0FQEA01I49-1','2024-09-25','loan',15,9,'9d1850e8-4be8-452d-9a43-b29c3804c68c',5,8,1,NULL,NULL,NULL,'2024-09-25 18:20:21','2024-09-25 18:45:16'),(184,50000,'MKFT0XW9M1I0FQEA01I49-2','2024-09-25','stock',NULL,9,'9d18515a-1805-4060-91f3-50dd0166914e',5,8,1,'September 2024',NULL,NULL,'2024-09-25 18:21:36','2024-09-25 18:45:26'),(185,15000,'MKFT0XW9M1I0FQEA01I49-3','2024-09-25','fee',NULL,9,'9d1851a2-8a3d-4998-831e-bb9949ab8f09',5,8,1,'September 2024',NULL,NULL,'2024-09-25 18:22:23','2024-09-25 18:45:35'),(186,126000,'MKFTOZVQM115UOBJ01NOD-1','2024-09-25','loan',17,11,'9d18870f-968c-4512-bdd2-f2e9db9e3e40',7,8,1,NULL,NULL,NULL,'2024-09-25 20:51:47','2024-09-25 21:21:33'),(187,15000,'MKFTOZVQM115UOBJ01NOD-2','2024-09-25','fee',NULL,11,'9d188789-f918-4830-9a3c-222df241a8f9',7,8,1,'September 2024',NULL,NULL,'2024-09-25 20:53:07','2024-09-25 21:22:03'),(188,50000,'MKFTOZVQM115UOBJ01NOD-3','2024-09-25','stock',NULL,11,'9d1887e0-06df-4094-ad9f-5d84614c0390',7,8,1,'September 2024',NULL,NULL,'2024-09-25 20:54:03','2024-09-25 21:21:51'),(189,500000,'1922CCEB6EB26A6B','2024-09-26','stock',NULL,1,'9d198130-bfaf-49a1-917b-18a6542b6550',1,8,1,'September 2024',NULL,NULL,'2024-09-26 08:31:11','2024-09-26 09:21:06'),(190,15000,'1922CCEB6EB26A6B-1','2024-09-26','fee',NULL,1,'9d19815d-1d75-450b-9202-e9e5a112cf4b',1,8,1,'September 2024',NULL,NULL,'2024-09-26 08:31:41','2024-09-26 09:20:57'),(191,126000,'410FTM2242710010 -1','2024-09-27','loan',11,12,'9d1bd07d-885d-4649-94b4-86b2de853e7b',8,8,1,NULL,NULL,NULL,'2024-09-27 12:04:35','2024-09-27 12:07:29'),(192,50000,'410FTM2242710010-2','2024-09-27','stock',NULL,12,'9d1bd10f-dbe4-4218-aa17-0d585a9f72f4',8,8,1,'September 2024',NULL,NULL,'2024-09-27 12:06:11','2024-09-27 12:07:21'),(193,15000,'410FTM2242710010-3','2024-09-27','fee',NULL,12,'9d1bd14a-3c62-42fa-8b12-75fcd3620055',8,8,1,'September 2024',NULL,NULL,'2024-09-27 12:06:49','2024-09-27 12:07:06'),(194,468000,'101AGD324275B5EI','2024-10-01','loan',13,10,'9d246350-fbca-4114-a485-62a1d0d3e173',6,8,1,NULL,NULL,NULL,'2024-10-01 18:21:46','2024-10-01 22:17:43'),(195,50000,'101AGD324275B5EI -1','2024-10-01','stock',NULL,10,'9d24639e-6b85-4789-88f7-42f4dd1863ef',6,8,1,'September 2024',NULL,NULL,'2024-10-01 18:22:37','2024-10-01 22:18:02'),(196,15000,'101AGD324275B5EI-2','2024-10-01','fee',NULL,10,'9d2463f4-38f2-43f4-a512-1107d8c9627b',6,8,1,'September 2024',NULL,NULL,'2024-10-01 18:23:33','2024-10-01 22:17:54'),(197,120000,'MKFT104VM1TEMTCE48399R_1','2024-10-03','stock',NULL,13,'9d285ca2-70b4-4729-a507-edf7af5db107',9,8,1,'September 2024',NULL,NULL,'2024-10-03 17:46:24','2024-10-03 20:42:17'),(198,1500,'MKFT104VM1TEMTCE48399R_2','2024-10-03','stock penalty',NULL,13,'9d285cdc-b2df-4859-a4b0-713f7b9f016b',9,8,1,'September 2024',NULL,NULL,'2024-10-03 17:47:02','2024-10-03 20:42:06'),(199,15000,'MKFT104VM1TEMTCE48399R_3','2024-10-03','fee',NULL,13,'9d285d34-8016-45f0-b8d9-e58ba0e06c9d',9,8,1,'September 2024',NULL,NULL,'2024-10-03 17:47:59','2024-10-03 20:41:57'),(200,1500,'MKFT104VM1TEMTCE48399R_4','2024-10-03','fee penalty',NULL,13,'9d285e1f-e05f-4601-b5a1-c5c59bbf087f',9,8,1,'September 2024',NULL,NULL,'2024-10-03 17:50:34','2024-10-03 20:41:42'),(201,1050000,'MKFT104VM1YXZOBC01H0P-1','2024-10-07','loan',19,9,'9d302774-a9e1-4057-a913-b970eb6d6a6e',5,8,1,NULL,NULL,NULL,'2024-10-07 14:44:19','2024-10-07 20:12:16'),(202,52500,'MKFT104VM1YXZOBC01H0P-2','2024-10-07','loan',19,9,'9d30289e-51c7-4cca-9c4c-2980e2d4ac82',5,8,1,NULL,NULL,NULL,'2024-10-07 14:47:34','2024-10-07 20:12:05'),(203,66500,'101AGD224283E1R2','2024-10-09','stock',NULL,8,'9d34aed5-4bb3-4a83-8dad-583530d6374e',4,4,2,'September 2024','Wrong amount','2024-10-09 20:47:55','2024-10-09 20:46:10','2024-10-09 20:47:55'),(204,50000,'101AGD224283E1R2_1','2024-10-09','stock',NULL,8,'9d34afb2-1a3d-4924-8a20-967cf913a0bd',4,8,1,'September 2024',NULL,NULL,'2024-10-09 20:48:35','2024-10-10 07:09:13'),(205,16500,'101AGD224283E1R2_2','2024-10-09','stock penalty',NULL,8,'9d34afd4-d5f7-46ea-801a-8c479a3f25ab',4,8,1,'September 2024',NULL,NULL,'2024-10-09 20:48:58','2024-10-10 07:09:28'),(206,15000,'101AGD224283E1R2_3','2024-10-09','fee',NULL,8,'9d34b03c-084b-45df-95ff-57cb027c2431',4,8,1,'September 2024',NULL,NULL,'2024-10-09 20:50:05','2024-10-10 07:09:29'),(207,8500,'101AGD224283E1R2_4','2024-10-09','fee penalty',NULL,8,'9d34b0cd-8622-4d52-b388-c54a67e9709d',4,8,1,'September 2024',NULL,NULL,'2024-10-09 20:51:41','2024-10-10 07:09:43');
/*!40000 ALTER TABLE `payment_requests` ENABLE KEYS */;
UNLOCK TABLES;

--
-- Table structure for table `payments`
--

DROP TABLE IF EXISTS `payments`;
/*!40101 SET @saved_cs_client     = @@character_set_client */;
/*!50503 SET character_set_client = utf8mb4 */;
CREATE TABLE `payments` (
  `id` int NOT NULL AUTO_INCREMENT,
  `member_id` int NOT NULL,
  `amount` float NOT NULL,
  `payment_reference` varchar(100) NOT NULL,
  `added_by` int NOT NULL,
  `uuid` varchar(100) DEFAULT NULL,
  `payment_date` date DEFAULT NULL,
  `payment_type` varchar(30) DEFAULT NULL,
  `payment_for_month` varchar(30) DEFAULT NULL,
  `loan_contract_id` int DEFAULT NULL,
  `created_at` timestamp NOT NULL DEFAULT CURRENT_TIMESTAMP,
  `updated_at` timestamp NOT NULL DEFAULT CURRENT_TIMESTAMP ON UPDATE CURRENT_TIMESTAMP,
  PRIMARY KEY (`id`)
) ENGINE=InnoDB AUTO_INCREMENT=200 DEFAULT CHARSET=utf8mb3;
/*!40101 SET character_set_client = @saved_cs_client */;

--
-- Dumping data for table `payments`
--

LOCK TABLES `payments` WRITE;
/*!40000 ALTER TABLE `payments` DISABLE KEYS */;
INSERT INTO `payments` VALUES (2,1,185000,'101AGD224031B202-1',8,'9b3969ce-834a-4100-a130-f292e6db24e5','2024-01-31','stock','January 2024',NULL,'2024-01-31 13:48:25','2024-01-31 13:48:25'),(3,8,50000,'101AGD124031A258',8,'9b3987d3-f052-4410-9395-3c40faf3b697','2024-01-31','stock','January 2024',NULL,'2024-01-31 15:12:22','2024-01-31 15:12:22'),(4,8,15000,'101AGD124031A2BG',8,'9b398833-fb90-49d5-a4b9-677eac8a2ba7','2024-01-31','fee','January 2024',NULL,'2024-01-31 15:13:25','2024-01-31 15:13:25'),(5,9,85000,'MKFT0J3KLS1XOT9E0343C-2',8,'9b39c591-5fd4-480d-a1a6-709dfa3e52f6','2024-01-31','stock','January 2024',NULL,'2024-01-31 18:05:00','2024-01-31 18:05:00'),(6,9,15000,'MKFT0J3KLS1XOT9E0343C-1',8,'9b39c59e-542f-4d75-a47a-0e32adefdd3d','2024-01-31','fee','January 2024',NULL,'2024-01-31 18:05:09','2024-01-31 18:05:09'),(7,12,15000,'410FTM2240310014-2',8,'9b39c7a1-9744-4be1-a0a8-c364d868b36a','2024-01-31','fee','January 2024',NULL,'2024-01-31 18:10:46','2024-01-31 18:10:46'),(8,12,100000,'410FTM2240310014-1',8,'9b39c7b2-9ddf-45b3-8f42-d29ebf254aca','2024-01-31','stock','January 2024',NULL,'2024-01-31 18:10:58','2024-01-31 18:10:58'),(9,11,15000,'211FTM2240310631-2',8,'9b39c7de-a046-49a4-8bdd-f74974f30f99','2024-01-31','fee','January 2024',NULL,'2024-01-31 18:11:26','2024-01-31 18:11:26'),(10,11,50000,'211FTM2240310631-1',8,'9b39c7ed-cf8e-4249-b89b-525fef1e832b','2024-01-31','stock','January 2024',NULL,'2024-01-31 18:11:36','2024-01-31 18:11:36'),(11,10,15000,'101AGD224032D6ML',8,'9b3bde8d-7ee9-4214-b432-2cd3d53a4e35','2024-02-01','fee','January 2024',NULL,'2024-02-01 22:06:31','2024-02-01 22:06:31'),(12,10,100000,'18D61113A929E948',8,'9b3bdf3b-dffb-43a6-b186-e68b508e798c','2024-01-31','stock','January 2024',NULL,'2024-02-01 22:08:26','2024-02-01 22:08:26'),(13,12,15000,'410FTM2240400510-2',8,'9b4ba981-94a4-45c5-abad-c94bb080d56f','2024-02-09','fee','February 2024',NULL,'2024-02-09 18:31:26','2024-02-09 18:31:26'),(14,12,140000,'410FTM2240400510-1',8,'9b4ba9be-e697-4c33-8f90-f363faffe369','2024-02-09','stock','February 2024',NULL,'2024-02-09 18:32:07','2024-02-09 18:32:07'),(15,8,250000,'101AGD224046C1DC',8,'9b5815ee-39a8-459f-8fc9-89551991894b','2024-02-15','stock','February 2024',NULL,'2024-02-15 22:44:33','2024-02-15 22:44:33'),(16,1,15000,'101AGD2240589395-2',8,'9b6f4648-4788-4f19-b7a9-cd38e7569e20','2024-02-27','fee','February 2024',NULL,'2024-02-27 11:23:48','2024-02-27 11:23:48'),(17,1,200000,'101AGD2240589395-1',8,'9b6f4654-ec41-4b2d-816c-881c286120ba','2024-02-27','stock','February 2024',NULL,'2024-02-27 11:23:56','2024-02-27 11:23:56'),(18,9,15000,'206FTM2240580048',8,'9b6fc9b9-b0d7-4ca5-8070-07bebbef4064','2024-02-27','fee','February 2024',NULL,'2024-02-27 17:31:20','2024-02-27 17:31:20'),(19,9,85000,'206FTM2240580048-2',8,'9b6fc9d3-0dce-4e4c-8ee2-1ad3bfcb8c00','2024-02-27','stock','February 2024',NULL,'2024-02-27 17:31:37','2024-02-27 17:31:37'),(20,10,100000,'101AGD224058C1T1',8,'9b6fc9fb-384d-421c-a8bd-39747044bea9','2024-02-27','stock','February 2024',NULL,'2024-02-27 17:32:03','2024-02-27 17:32:03'),(21,10,15000,'101AGD224058C1T1-2',8,'9b6fd5ad-729b-4b77-95de-e0ded0bcdc2d','2024-02-27','fee','February 2024',NULL,'2024-02-27 18:04:45','2024-02-27 18:04:45'),(22,11,72000,'211FTM2240620588-3',8,'9b781098-5ae4-4920-90d1-8767a2b4f350','2024-03-02','loan',NULL,1,'2024-03-02 20:16:08','2024-03-02 20:16:08'),(23,11,50000,'211FTM2240620588-2',8,'9b7810b6-0fb5-44f0-b842-f38343415e25','2024-03-02','stock','February 2024',NULL,'2024-03-02 20:16:27','2024-03-02 20:16:27'),(24,11,15000,'211FTM2240620588-1',8,'9b7810c9-bd0a-4784-91a6-53f96f3a1e42','2024-03-02','fee','February 2024',NULL,'2024-03-02 20:16:40','2024-03-02 20:16:40'),(25,10,735000,'101AGD324060B07T',8,'9b7b363a-d693-4f5d-a87f-1e069b66f773','2024-02-29','loan',NULL,2,'2024-03-04 09:48:51','2024-03-04 09:48:51'),(26,8,15000,'101AGD124059C1JO',8,'9b7b38a5-1d28-4b7b-9b27-3a634829a2b0','2024-02-28','fee','February 2024',NULL,'2024-03-04 09:55:36','2024-03-04 09:55:36'),(27,10,500000,'101AGD224064C53V',8,'9b7d3595-bac9-48a8-aa2e-044e86617592','2024-03-04','stock','March 2024',NULL,'2024-03-05 09:38:42','2024-03-05 09:38:42'),(28,9,630000,'MKFT0PT6LTTSX7FS01E2W',8,'9b95d446-9cdb-4544-bf5a-13d950a99a0e','2024-03-16','loan',NULL,4,'2024-03-17 15:22:18','2024-03-17 15:22:18'),(29,8,495000,'101AGD22407902rw',8,'9b9a8bb9-946f-4510-88b4-4f31b39ae511','2024-03-19','loan',NULL,3,'2024-03-19 23:38:34','2024-03-19 23:38:34'),(30,9,85000,'MKFT0PT6LU2H0ZSHAI6TDJ-2',8,'9ba18058-f6d9-4ae7-ba5e-0eeaaad7514b','2024-03-22','stock','March 2024',NULL,'2024-03-23 10:37:33','2024-03-23 10:37:33'),(31,9,15000,'MKFT0PT6LU2H0ZSHAI6TDJ-1',8,'9ba18068-c7a9-4324-a527-a5fc6642dec1','2024-03-22','fee','March 2024',NULL,'2024-03-23 10:37:43','2024-03-23 10:37:43'),(32,11,72000,'MKFTOQOULU6IGPB301BG1-3',8,'9ba67728-c19a-4790-9056-f9fc2efa6139','2024-03-25','loan',NULL,1,'2024-03-25 21:51:00','2024-03-25 21:51:00'),(33,11,15000,'MKFTOQOULU6IGPB301BG1-2',8,'9ba67738-2da3-4629-a669-f07b23232675','2024-03-25','fee','March 2024',NULL,'2024-03-25 21:51:10','2024-03-25 21:51:10'),(34,11,50000,'MKFTOQOULU6IGPB301BG1-1',8,'9ba6774c-40ad-4898-8c4c-c22af755e479','2024-03-25','stock','March 2024',NULL,'2024-03-25 21:51:23','2024-03-25 21:51:23'),(35,12,15000,'MKFT0Q30LU7AG926122MWW - 2',8,'9ba678fd-d616-4133-9939-1533f76803fd','2024-03-25','fee','March 2024',NULL,'2024-03-25 21:56:07','2024-03-25 21:56:07'),(36,12,85000,'MKFT0Q30LU7AG926122MWW -1',8,'9ba6790a-9456-4eb6-903a-4cbd4e9c5d84','2024-03-25','stock','March 2024',NULL,'2024-03-25 21:56:16','2024-03-25 21:56:16'),(37,10,15000,'101AGD1240867111',8,'9ba7fc91-37ad-4d5f-97b8-e12eeee7b3d9','2024-03-26','fee','March',NULL,'2024-03-26 15:59:52','2024-03-26 15:59:52'),(47,1,15000,'18E935BOF5620A6A-2',8,'9bb23cdf-7c76-4a24-9416-6740fdbb9109','2024-03-31','fee','March 2024',NULL,'2024-03-31 18:17:57','2024-03-31 18:17:57'),(48,1,200000,'18E935BOF5620A6A-1',8,'9bb23cf4-964b-48aa-99bf-759ddc5f3fd6','2024-03-31','stock','March 2024',NULL,'2024-03-31 18:18:11','2024-03-31 18:18:11'),(49,8,15000,'101AGD1240918294',8,'9bb2713a-3ec4-4dde-aae2-c2e36a00ac1e','2024-03-31','fee','March 2024',NULL,'2024-03-31 20:44:21','2024-03-31 20:44:21'),(50,8,50000,'101AGD1240918273',8,'9bb2714b-e5b4-4c1d-af27-242461dfeb76','2024-03-31','stock','March 2024',NULL,'2024-03-31 20:44:32','2024-03-31 20:44:32'),(51,8,650000,'101AGD324097A0R5',8,'9bbe0312-6034-430a-9f02-9481fa9c3e90','2024-04-06','stock','April 2024',NULL,'2024-04-06 14:46:16','2024-04-06 14:46:16'),(52,8,477000,'101AGD224097B3JT',8,'9bbe0347-058c-43d3-b12a-2ebcbab963b7','2024-04-06','loan',NULL,3,'2024-04-06 14:46:50','2024-04-06 14:46:50'),(53,12,15000,'101AG224099G2ER-2',8,'9bc296df-ccc3-479d-8872-a0a2383a0704','2024-04-08','fee','April 2024',NULL,'2024-04-08 21:22:52','2024-04-08 21:22:52'),(54,12,135000,'101AG224099G2ER-1',8,'9bc296eb-09c0-4411-8a7b-cee5067cf21c','2024-04-08','stock','April 2024',NULL,'2024-04-08 21:22:59','2024-04-08 21:22:59'),(55,1,15000,'18EBEEB47D0DBB9F-2',8,'9bc297d2-0bba-458b-b222-c9313a5b3b4a','2024-04-08','fee','April 2024',NULL,'2024-04-08 21:25:30','2024-04-08 21:25:30'),(56,1,215000,'18EBEEB47D0DBB9F-1',8,'9bc297df-730d-4b21-b657-0f3926770a39','2024-04-08','stock','April 2024',NULL,'2024-04-08 21:25:39','2024-04-08 21:25:39'),(57,13,661500,'101AGD324082A2OR-R1',8,'9bca8c1a-ecb0-4c61-847c-c37ae221f56e','2024-03-22','loan',NULL,8,'2024-04-12 20:19:22','2024-04-12 20:19:22'),(58,13,578340,'101AGD324082A2OR-R2',8,'9bca8d87-5c9c-40a3-a119-f2e6bc3a4718','2024-03-22','loan',NULL,9,'2024-04-12 20:23:21','2024-04-12 20:23:21'),(59,13,50000,'225FTM2241030585',8,'9bcaa1fb-e6f4-44df-be61-392e4d80d316','2024-04-12','stock','March 2024',NULL,'2024-04-12 21:20:33','2024-04-12 21:20:33'),(60,13,50000,'225FTM2241030584-R1',8,'9bcaa213-36d3-4c25-9fcc-26a4539edf7d','2024-04-12','stock','February 2024',NULL,'2024-04-12 21:20:48','2024-04-12 21:20:48'),(61,13,81000,'101AGD324082A2OR-R3',8,'9bcaa234-d1a5-44b2-808d-f8f184f7cacb','2024-03-22','fee penalty','March 2024',NULL,'2024-04-12 21:21:10','2024-04-12 21:21:10'),(62,13,77160,'101AGD324082A2OR-R8',8,'9bcaa24b-98f9-45bb-855a-238e0db5f568','2024-03-22','stock','January 2024',NULL,'2024-04-12 21:21:25','2024-04-12 21:21:25'),(63,13,15000,'101AGD324082A2OR-R7',8,'9bcaa25d-11e5-437a-87c3-7e60ddaf5456','2024-03-22','fee','March 2024',NULL,'2024-04-12 21:21:37','2024-04-12 21:21:37'),(64,13,15000,'101AGD324082A2OR-R6',8,'9bcaa270-ca78-4cf6-897b-a4903b5d028c','2024-03-22','fee','February 2024',NULL,'2024-04-12 21:21:49','2024-04-12 21:21:49'),(65,13,15000,'101AGD324082A2OR-R5',8,'9bcaa282-a5f7-491c-8c10-5c47c6245460','2024-03-22','fee','January 2024',NULL,'2024-04-12 21:22:01','2024-04-12 21:22:01'),(66,13,81000,'101AGD324082A2OR-R4',8,'9bcaa293-9671-42f6-84ac-9c0c2a3a1a37','2024-03-22','stock penalty','March 2024',NULL,'2024-04-12 21:22:12','2024-04-12 21:22:12'),(67,1,15000,'101AGD224031B202-2',8,'9b3969c3-f41d-49df-af5e-04e449cc0dcd','2024-01-31','fee','January 2024',NULL,'2024-01-31 16:48:18','2024-01-31 16:48:18'),(68,10,144000,'994195745867',8,'9bd6d1bf-4bb3-4402-9050-7c1527dc85f4','2024-04-18','loan',NULL,5,'2024-04-18 22:44:02','2024-04-18 22:44:02'),(69,8,15000,'101AGD124118A38P',8,'9be9f006-0096-4bd7-8b37-a56703cbfc24','2024-04-27','fee','April 2024',NULL,'2024-04-28 10:49:26','2024-04-28 10:49:26'),(70,8,50000,'101AGD124118A32Q_',8,'9be9f014-2f5f-405a-8c29-97a19f5ba486','2024-04-27','stock','May 2024',NULL,'2024-04-28 10:49:35','2024-04-28 10:49:35'),(71,9,50000,'101AGD124118A3HS',8,'9bee38b0-2cf0-4f36-a318-e5bae83a98ec','2024-04-27','stock','April 2024',NULL,'2024-04-30 13:55:55','2024-04-30 13:55:55'),(72,10,15000,'101AGD224121E5W8 - 1',8,'9beec752-c8ed-47a1-a10b-56951fb9be4a','2024-04-30','fee','April 2024',NULL,'2024-04-30 20:34:46','2024-04-30 20:34:46'),(73,10,85000,'101AGD224121E5W8',8,'9beec75d-5f8a-4f0a-961a-e25fb849cfda','2024-04-30','stock','April 2024',NULL,'2024-04-30 20:34:53','2024-04-30 20:34:53'),(74,9,15000,'MKFT0RGRLVOXN78K01KD6',8,'9bf1ff35-c80e-408f-8189-8196f42500df','2024-05-02','fee','April 2024',NULL,'2024-05-02 10:58:31','2024-05-02 10:58:31'),(75,11,50000,'MKFTORGPLVVO4YLLO11QF-2',8,'9bfaab55-3e78-434e-86b9-edea50dfb81b','2024-05-06','stock','April 2024',NULL,'2024-05-06 18:26:26','2024-05-06 18:26:26'),(76,11,6000,'MKFTORGPLVVO4YLLO11QF-5',8,'9bfaab84-2ff4-43fd-bf2a-da8a1698da69','2024-05-06','stock penalty','April 2024',NULL,'2024-05-06 18:26:56','2024-05-06 18:26:56'),(77,11,6000,'MKFTORGPLVVO4YLLO11QF-4',8,'9bfaab95-bcfb-4232-ba82-f62bb771bbfb','2024-05-06','fee penalty','April 2024',NULL,'2024-05-06 18:27:08','2024-05-06 18:27:08'),(78,11,72000,'MKFTORGPLVVO4YLLO11QF-1',8,'9bfaaba3-aeef-4a18-90e8-2e85d2c50ef3','2024-05-06','loan',NULL,1,'2024-05-06 18:27:17','2024-05-06 18:27:17'),(79,8,410000,'101AGD224127E0IF',8,'9bfac7e4-bbd9-4509-84c9-ce62691a63b7','2024-05-06','loan',NULL,6,'2024-05-06 19:46:17','2024-05-06 19:46:17'),(80,11,15000,'MKFTORGPLVVO4YLLO11QF-3',8,'9bfac87e-b616-4524-8449-1c0d3683abc5','2024-05-06','fee','April 2024',NULL,'2024-05-06 19:47:58','2024-05-21 10:10:27'),(81,9,55000,'101AGD224131C34Y',8,'9c04537c-d051-4b58-9fca-20e07e92e56f','2024-05-10','loan',NULL,7,'2024-05-11 13:39:04','2024-05-11 13:39:04'),(82,12,15000,'410FTM2241370004-2',8,'9c12cc34-d88c-4f0d-8c9e-aa0bb1be230e','2024-05-16','fee','May 2024',NULL,'2024-05-18 18:18:13','2024-05-18 18:18:13'),(83,12,100000,'410FTM2241370004-1',8,'9c12cc3f-a03d-40ea-8e68-9fee86df8768','2024-05-16','stock','May 2024',NULL,'2024-05-18 18:18:20','2024-05-18 18:18:20'),(84,10,144000,'101AGD224139B7DU',8,'9c12d1ba-9d3b-482d-a84e-3a0c8dde3ae2','2024-05-18','loan',NULL,5,'2024-05-18 18:33:40','2024-05-18 18:33:40'),(85,1,15000,'18F96A09FDAC827-2',8,'9c185a9d-ae7f-420e-a55c-a861868e6f28','2024-05-20','fee','May 2024',NULL,'2024-05-21 12:35:34','2024-05-21 12:35:34'),(86,1,200000,'18F96A09FDAC827-1',8,'9c185aa8-5040-45c0-bd78-7db27d0976c6','2024-05-20','stock','May 2024',NULL,'2024-05-21 12:35:41','2024-05-21 12:35:41'),(87,11,15000,'MKFTORGPLVVO4YLLO11QF-5',11,'9b3969c3-f41d-49df-af5e-04e449cc0dcd890','2024-05-06','fee','May 2024',NULL,'2024-05-06 16:48:18','2024-05-21 10:07:18'),(88,11,1050000,'MKFTORP2LWLVTI3Q01F8Z',8,'9c206e69-1c47-4d66-8b7a-49073e7cf5bc','2024-05-25','loan',NULL,12,'2024-05-25 12:57:32','2024-05-25 12:57:32'),(89,13,1000000,'MKFT0RXKLWI7CH4901J8X_R6 & MKFT0RXKLWI7YS9O01FX_R1',8,'9c206e92-72cd-4c90-917f-89da05c4d5e1','2024-05-22','loan',NULL,10,'2024-05-25 12:57:59','2024-05-25 12:57:59'),(90,13,9180,'MKFT0RZKLWI8EPRF6T45WY_R1',8,'9c206f46-b87e-4735-8d1e-62b496131738','2024-05-22','loan',NULL,9,'2024-05-25 12:59:57','2024-05-25 12:59:57'),(91,13,183600,'MKFT0RXKLWI7CH4901J8X_R9',8,'9c206f4d-80d1-4eff-a662-908a86f2656a','2024-05-22','loan',NULL,9,'2024-05-25 13:00:02','2024-05-25 13:00:02'),(92,13,183600,'MKFT0RXKLWI7CH4901J8X_R8',8,'9c206f54-a77f-4ac1-b0ad-1ba6ed7ecfbc','2024-05-22','loan',NULL,9,'2024-05-25 13:00:07','2024-05-25 13:00:07'),(93,13,183600,'MKFT0RXKLWI7CH4901J8X_R7',8,'9c206f5b-3b8d-4aa7-a331-cfedb3ae716c','2024-05-22','loan',NULL,9,'2024-05-25 13:00:11','2024-05-25 13:00:11'),(94,13,52000,'MKFT0RXKLWI820YQ01GGZ_R1',8,'9c206f61-dfa5-4df3-ae04-886bf59b78fa','2024-05-22','loan',NULL,10,'2024-05-25 13:00:15','2024-05-25 13:00:15'),(95,13,30000,'MKFT0RXKLWI7CH4901J8X_R4',8,'9c206f68-d60f-4652-99cf-1360a2c39a8e','2024-05-22','stock penalty','April 2024',NULL,'2024-05-25 13:00:20','2024-05-25 13:00:20'),(96,13,50000,'MKFT0RXKLWI7CH4901J8X_R3',8,'9c206f72-24cc-42ac-88f4-186ea6895b40','2024-05-22','stock','April 2024',NULL,'2024-05-25 13:00:26','2024-05-25 13:00:26'),(97,13,30000,'MKFT0RXKLWI7CH4901J8X_R2',8,'9c206f79-a144-4b10-8b70-fdd80121343d','2024-05-22','fee penalty','April 2024',NULL,'2024-05-25 13:00:31','2024-05-25 13:00:31'),(98,13,15000,'MKFT0RXKLWI7CH4901J8X_R1',8,'9c206f80-1c7a-46ec-81a2-b71fd9448b31','2024-05-22','fee','April 2024',NULL,'2024-05-25 13:00:35','2024-05-25 13:00:35'),(99,12,126000,'410FTM2241460022',8,'9c24776d-27e4-4af6-82f6-804ca698df5a','2024-05-25','loan',NULL,11,'2024-05-27 13:06:03','2024-05-27 13:06:03'),(100,13,4500,'MKFT0RP2LWOPVO84Q947AC_1',8,'9c2477e7-ef07-4de9-bb2e-2471d1afcc17','2024-05-27','stock penalty','April 2024',NULL,'2024-05-27 13:07:24','2024-05-27 13:07:24'),(101,13,4500,'MKFT0RP2LWOPVO84Q947AC_2',8,'9c2477ee-bb8a-45b7-8987-9baa97880c50','2024-05-27','fee penalty','April 2024',NULL,'2024-05-27 13:07:28','2024-05-27 13:07:28'),(102,13,100000,'MKFT0RP2LWOQ79U901OH2_1',8,'9c2477f4-c64b-40aa-a8ed-c17196c9fab2','2024-05-27','stock','May 2024',NULL,'2024-05-27 13:07:32','2024-05-27 13:07:32'),(103,13,30000,'MKFT0RP2LWOQ79U901OH2_2',8,'9c2477fa-1255-49e3-9b13-1a1aa38abe89','2024-05-27','fee','May 2024',NULL,'2024-05-27 13:07:36','2024-05-27 13:07:36'),(104,10,100000,'101AGD224148DOAQ',8,'9c250671-330d-4f24-80aa-47687f763df7','2024-05-27','stock','May 2024',NULL,'2024-05-27 19:45:58','2024-05-27 19:45:58'),(105,10,576000,'101AGD324148B1TS',8,'9c25067e-3a2a-4518-ba6b-36c42a530ed6','2024-05-27','loan',NULL,5,'2024-05-27 19:46:06','2024-05-27 19:46:06'),(106,8,15000,'101AGD124152c2ZD',8,'9c2d082f-7f7d-4644-bb53-524c50e622e0','2024-05-31','fee','May 2024',NULL,'2024-05-31 19:17:27','2024-05-31 19:17:27'),(107,9,50000,'MKFT0RP2LWYOTQLV01ODY-2',8,'9c32a4d1-dff0-4c6c-8667-34b80d45489b','2024-06-03','stock','May 2024',NULL,'2024-06-03 14:14:35','2024-06-03 14:14:35'),(108,9,15000,'MKFT0RP2LWYOTQLV01ODY-1',8,'9c32a4d8-f7e1-481b-b02d-9d5593df42f4','2024-06-03','fee','June 2024',NULL,'2024-06-03 14:14:39','2024-06-03 14:14:39'),(109,9,54000,'MKFT00EJLX9895OV013MT',8,'9c44e545-f859-4d08-9570-c9a5418696d3','2024-05-10','loan',NULL,7,'2024-06-12 15:59:42','2024-06-12 15:59:42'),(110,9,107000,'MKFT057ILXDAO75O01KWE',8,'9c471021-fde8-413b-9f31-5915debd62dc','2024-06-13','loan',NULL,7,'2024-06-13 17:51:12','2024-06-13 17:51:12'),(111,10,15000,'101AGD124165B6GI',8,'9c4726fa-80cb-4359-b966-b06fd8a788cc','2024-06-13','fee','May 2024',NULL,'2024-06-13 18:55:05','2024-06-13 18:55:05'),(112,10,16500,'101AGD124165B6GI-1',8,'9c47270e-f8bc-4096-9c52-4b3449aec7b8','2024-06-13','fee penalty','May 2024',NULL,'2024-06-13 18:55:19','2024-06-13 18:55:19'),(113,12,15000,'410FTM2241710507-2',8,'9c531f65-6936-4b85-877e-7954b71abac1','2024-06-19','fee','June 2024',NULL,'2024-06-19 17:43:49','2024-06-19 17:43:49'),(114,12,85000,'410FTM2241710507-1',8,'9c531f73-192e-4f61-be47-84ac3282076e','2024-06-19','stock','June 2024',NULL,'2024-06-19 17:43:58','2024-06-19 17:43:58'),(115,1,15000,'0719044DE7544AIIL-2',8,'9c5eb53b-1b30-499c-ad79-1a6c5cbeeee7','2024-06-25','fee','June 2024',NULL,'2024-06-25 11:56:54','2024-06-25 11:56:54'),(116,1,100000,'0719044DE7544AIIL-1',8,'9c5eb543-ff14-40b5-ab37-761fe1e05a76','2024-06-25','stock','June 2024',NULL,'2024-06-25 11:56:59','2024-06-25 11:56:59'),(117,9,15000,'MKFT0T4MLXVXTPS701EOD-2',8,'9c613ee6-bf08-4b20-8e12-245433b7a821','2024-06-26','fee','June 2024',NULL,'2024-06-26 18:13:30','2024-06-26 18:13:30'),(118,9,85000,'MKFT0T4MLXVXTPS701EOD-1',8,'9c613ef7-770e-4b3f-9f01-6b80e7021eba','2024-06-26','stock','June 2024',NULL,'2024-06-26 18:13:41','2024-06-26 18:13:41'),(119,11,15000,'MKFTOT4MLXW9F34N01QAY',8,'9c61a680-31d1-4f46-a020-b2a8e338fe6e','2024-06-26','fee','June 2024',NULL,'2024-06-26 23:03:11','2024-06-26 23:03:11'),(120,11,62500,'MKFTOT5RLXW9AFDKCK45W4-2',8,'9c61a68f-caea-4950-ba8e-a5b47648e46d','2024-06-26','stock','June 2024',NULL,'2024-06-26 23:03:22','2024-06-26 23:03:22'),(121,11,37500,'MKFTOT5RLXW9AFDKCK45W4-1',8,'9c61a69e-0f4a-4eda-aaf4-0cae4b767fab','2024-06-26','stock penalty','May 2024',NULL,'2024-06-26 23:03:31','2024-06-26 23:03:31'),(122,12,126000,'410FTM2241800523',8,'9c654ecc-2bad-42bd-a767-0dc98b5c30d3','2024-06-28','loan',NULL,11,'2024-06-28 18:41:16','2024-06-28 18:41:16'),(123,10,70000,'101AGD324182A5Q5-1',8,'9c698efd-e512-45ef-bda5-5863c046f9c4','2024-06-30','stock','June 2024',NULL,'2024-06-30 21:24:05','2024-06-30 21:24:05'),(124,10,468000,'101AGD324182A5Q5',8,'9c698f0c-d668-40f9-83d1-898b71c1bb5a','2024-06-30','loan',NULL,13,'2024-06-30 21:24:14','2024-06-30 21:24:14'),(125,13,15000,'MKFT0T98LY1XWAAB01JF1_2',8,'9c69c17f-f8ef-4041-a1ae-f091ccd8b35e','2024-06-30','fee','June 2024',NULL,'2024-06-30 23:45:18','2024-06-30 23:45:18'),(126,13,50000,'MKFT0T98LY1XWAAB01JF1_1',8,'9c69c18e-b830-4db4-b270-1065ff95674c','2024-06-30','stock','June 2024',NULL,'2024-06-30 23:45:28','2024-06-30 23:45:28'),(127,12,1102500,'410FTM4241850502',8,'9c6f6b8d-729e-491a-bfd8-cfd029f5eb22','2024-07-03','loan',NULL,14,'2024-07-03 19:19:57','2024-07-03 19:19:57'),(128,8,15000,'MKFT0T9TLY4Q79R201CXM_',8,'9c74cf6f-fc1e-4dd0-8a59-61a28c5c1007','2024-07-02','fee','June 2024',NULL,'2024-07-06 11:38:23','2024-07-06 11:38:23'),(129,8,50000,'MKFT0T9TLY4Q79R201CXM',8,'9c74cf79-591e-4557-8e15-829a078aa8b9','2024-07-02','stock','June 2024',NULL,'2024-07-06 11:38:29','2024-07-06 11:38:29'),(130,9,1500,'MKFT0X30LYLKV09S01I3G-1',8,'9c854e81-24ee-4c2b-9116-29cd3d733e20','2024-07-14','stock penalty','May 2024',NULL,'2024-07-14 16:26:56','2024-07-14 16:26:56'),(131,9,1500,'MKFT0X30LYLKV09S01I3G',8,'9c854e89-98b2-4e8b-927e-9688938cbd64','2024-07-14','fee penalty','May 2024',NULL,'2024-07-14 16:27:02','2024-07-14 16:27:02'),(132,13,1000,'MKFT0X30LYLQ5G9F01BGH_1',8,'9c858228-167b-4307-be29-f34c25f2dd8f','2024-07-14','loan',NULL,10,'2024-07-14 18:51:22','2024-07-14 18:51:22'),(133,13,50200,'MKFT0RXKLWI7CH4901J8X_10',8,'9c858231-c07a-444f-993f-22221d2df427','2024-05-22','loan',NULL,10,'2024-07-14 18:51:28','2024-07-14 18:51:28'),(134,10,15000,'101AGD124200A4DP',8,'9c8dcddf-4ae2-4abd-8885-57689a06174f','2024-07-18','fee','June 2024',NULL,'2024-07-18 21:49:42','2024-07-18 21:49:42'),(135,11,126000,'MKFTOXLLLYYLXR8501DCO-2',8,'9c98cbbb-ae8c-4b74-8502-ef070e876766','2024-07-23','loan',NULL,17,'2024-07-24 08:57:50','2024-07-24 08:57:50'),(136,11,15000,'MKFTOXLLLYYLXR8501DCO-4',8,'9c98cbc5-7ec3-4126-a94d-051fa96eb17c','2024-07-23','fee','July 2024',NULL,'2024-07-24 08:57:56','2024-07-24 08:57:56'),(137,11,50000,'MKFTOXLLLYYLXR8501DCO-3',8,'9c98cbec-c905-4d85-86c2-053d652eed8f','2024-07-23','stock','July 2024',NULL,'2024-07-24 08:58:22','2024-07-24 08:58:22'),(138,9,368000,'MKFT0XLLLYZPHOCY01ATE',8,'9c992f65-a38b-413b-9448-fb03a607ae96','2024-07-24','loan',NULL,15,'2024-07-24 13:36:31','2024-07-24 13:36:31'),(139,8,50000,'101AGD224211A5EF_1',8,'9ca3b91a-899e-418e-b737-ec2dfa9f7c92','2024-07-29','stock','July 2024',NULL,'2024-07-29 19:19:51','2024-07-29 19:19:51'),(140,8,6000,'101AGD224211A5EF_3',8,'9ca3b922-0175-4d94-a17b-f15db7526ccb','2024-07-29','fee penalty','July 2024',NULL,'2024-07-29 19:19:56','2024-07-29 19:19:56'),(141,8,15000,'101AGD224211A5EF_2',8,'9ca3b928-1421-4472-9421-64966bf06fa2','2024-07-29','fee','July 2024',NULL,'2024-07-29 19:20:00','2024-07-29 19:20:00'),(142,12,50000,'410FTM2242120011 - 1',8,'9ca59826-1950-4072-a59f-f6bee07766af','2024-07-30','stock','July 2024',NULL,'2024-07-30 17:39:21','2024-07-30 17:39:21'),(143,12,15000,'410FTM2242120011 - 2',8,'9ca5982c-927f-4f83-809f-8b89dfa84f68','2024-07-30','fee','July 2024',NULL,'2024-07-30 17:39:25','2024-07-30 17:39:25'),(144,12,126000,'410FTM2242120011 - 3',8,'9ca59837-f9e6-4dd8-98fb-54e70040ffb2','2024-07-30','loan',NULL,11,'2024-07-30 17:39:33','2024-07-30 17:39:33'),(145,9,85000,'MKFT0XO7LZ9JMO36014UB-2',8,'9ca70f7f-adcf-4baa-9e84-a6c1856ef286','2024-07-31','stock','July 2024',NULL,'2024-07-31 11:08:54','2024-07-31 11:08:54'),(146,9,15000,'MKFT0XO7LZ9JMO36014UB-1',8,'9ca70f86-f8e1-4180-82cf-d85226397737','2024-07-31','fee','July 2024',NULL,'2024-07-31 11:08:59','2024-07-31 11:08:59'),(147,10,468000,'101AGD324213B3ES',8,'9ca7d8a9-a90b-41a6-96b5-8c70ee8e06d0','2024-07-31','loan',NULL,13,'2024-07-31 20:31:24','2024-07-31 20:31:24'),(148,10,100000,'101AGD324213B3ES-1',8,'9ca7d8b5-88fd-4954-ac0e-de83499e1533','2024-07-31','stock','July 2024',NULL,'2024-07-31 20:31:32','2024-07-31 20:31:32'),(149,10,15000,'101AGD324213B3ES-2',8,'9ca7d8c3-3b9f-440e-8d04-644b17a07289','2024-07-31','fee','July 2024',NULL,'2024-07-31 20:31:41','2024-07-31 20:31:41'),(150,13,100000,'MKFT0XMVLZA6HS7AFW726C_2',8,'9ca7f845-e94f-44f4-a805-c1bfee54f9dc','2024-07-31','stock','July 2024',NULL,'2024-07-31 21:59:48','2024-07-31 21:59:48'),(151,13,15000,'MKFT0XMVLZA6HS7AFW726C_1',8,'9ca7f853-eeb5-4bfc-b31f-c1cff3b317ff','2024-07-31','fee','July 2024',NULL,'2024-07-31 21:59:57','2024-07-31 21:59:57'),(152,1,200000,'1910DACO2AB89A5B',8,'9ca96e49-bf0e-4cfb-b599-4afe4dfb66a2','2024-08-01','stock','July 2024',NULL,'2024-08-01 15:25:37','2024-08-01 15:25:37'),(153,1,15000,'1910DACO2AB89A5B-1',8,'9ca96e59-c69e-4772-96b3-cffa46016bc4','2024-08-01','fee','July 2024',NULL,'2024-08-01 15:25:47','2024-08-01 15:25:47'),(154,10,400000,'101AGD224215C4T2',8,'9cad376d-35c4-4850-8c8d-84862bbac9d0','2024-08-02','stock','August 2024',NULL,'2024-08-03 12:35:31','2024-08-03 12:35:31'),(155,9,85000,'MKFT0XW8M04Z8ST301C5J-2',8,'9cd34d7b-e8f3-4590-b634-90851267e1d9','2024-08-22','stock','August 2024',NULL,'2024-08-22 10:58:39','2024-08-22 10:58:39'),(156,9,15000,'MKFT0XW8M04Z8ST301C5J-1',8,'9cd34d8f-fd33-4708-badd-9b61d37063a8','2024-08-22','fee','August 2024',NULL,'2024-08-22 10:58:53','2024-08-22 10:58:53'),(157,9,300000,'MKFT0JXW9M04Z2CAB01B5A',8,'9cd34ee2-4d85-4e99-b3d9-dd20680d5178','2024-08-22','loan',NULL,15,'2024-08-22 11:02:34','2024-08-22 11:02:34'),(158,11,126000,'MKFTOXW8M07WZ29G01J1R-2',8,'9cd8380b-8f79-45c1-a82e-d865f63145f4','2024-08-24','loan',NULL,17,'2024-08-24 21:37:51','2024-08-24 21:37:51'),(159,11,50000,'MKFTOXW8M07WZ29G01J1R-4',8,'9cd8381c-d466-43e0-aa51-b4308a48d5af','2024-08-24','stock','August 2024',NULL,'2024-08-24 21:38:02','2024-08-24 21:38:02'),(160,11,15000,'MKFTOXW8M07WZ29G01J1R-3',8,'9cd8382c-d5b4-482b-ae15-6f4a84516f0a','2024-08-24','fee','August 2024',NULL,'2024-08-24 21:38:13','2024-08-24 21:38:13'),(161,11,525000,'MKFTOXW8M07WZ29G01J1R-1',8,'9cd83838-3509-4a4a-a4c5-8a7e32884d97','2024-08-24','loan',NULL,18,'2024-08-24 21:38:20','2024-08-24 21:38:20'),(162,1,15000,'247AGPS242395E7V-1',8,'9cdb33dd-7916-406f-a82d-1fd834c98639','2024-08-26','fee','August 2024',NULL,'2024-08-26 09:13:39','2024-08-26 09:13:39'),(163,1,200000,'247AGPS242395E7V',8,'9cdb33e8-e019-4b0a-8823-ca7f3a37e586','2024-08-26','stock','August 2024',NULL,'2024-08-26 09:13:46','2024-08-26 09:13:46'),(164,12,126000,'410FTM2242390017-3',8,'9cddb01c-3a74-49cb-8a0b-b6aa0a9bb9d3','2024-08-26','loan',NULL,11,'2024-08-27 14:52:43','2024-08-27 14:52:43'),(165,12,15000,'410FTM2242390017-2',8,'9cddb026-5b96-44ec-8cca-004bf9bc8733','2024-08-26','fee','August 2024',NULL,'2024-08-27 14:52:50','2024-08-27 14:52:50'),(166,12,50000,'410FTM2242390017-1',8,'9cddb031-c3a6-496e-81f6-fa42b6187c80','2024-08-26','stock','August 2024',NULL,'2024-08-27 14:52:57','2024-08-27 14:52:57'),(167,8,15000,'191a84ddcc427864_2',8,'9ce7efbf-e957-4eea-805a-b368cbcf84e7','2024-08-31','fee','August 2024',NULL,'2024-09-01 17:08:57','2024-09-01 17:08:57'),(168,8,50000,'191a84ddcc427864_1',8,'9ce7efd1-c057-42ce-87a0-617c5a5f94bf','2024-08-31','stock','August 2024',NULL,'2024-09-01 17:09:08','2024-09-01 17:09:08'),(169,10,15000,'101AGD224245C00R -1',8,'9ce83384-b7e0-4b1b-9974-4155256da450','2024-09-01','fee','August 2024',NULL,'2024-09-01 20:18:26','2024-09-01 20:18:26'),(170,10,468000,'101AGD224245C00R',8,'9ce83391-d08f-47e3-9d3e-17ec53011eed','2024-09-01','loan',NULL,13,'2024-09-01 20:18:35','2024-09-01 20:18:35'),(171,13,106000,'MKFT0XW7M0QDUUA301KQK_1',8,'9cf16e32-9867-4df7-82bf-65695bb8b417','2024-09-06','stock','August 2024',NULL,'2024-09-06 10:24:58','2024-09-06 10:24:58'),(172,13,15000,'MKFT0XW7M0QDTKCY01FRE_1',8,'9cf16e5f-c37a-463e-9246-87910eec6242','2024-09-06','fee','August 2024',NULL,'2024-09-06 10:25:28','2024-09-06 10:25:28'),(173,13,6000,'MKFT0XW7M0QDTKCY01FRE_2',8,'9cf16e6c-a0e5-494d-a23b-9deb381280a9','2024-09-06','fee penalty','August 2024',NULL,'2024-09-06 10:25:36','2024-09-06 10:25:36'),(174,10,210000,'MKFT0Y97M0XVGLS001DKL',8,'9cfc2047-80a3-4f2f-b8bb-40107c255df6','2024-09-11','loan',NULL,20,'2024-09-11 18:01:12','2024-09-11 18:01:12'),(175,13,6000,'MKFT0XW7M0QDUUA301KQK_3',8,'9cfc20ac-95e8-49d4-b8c9-513cd0965ba3','2024-09-06','stock penalty','August 2024',NULL,'2024-09-11 18:02:18','2024-09-11 18:02:18'),(176,9,34000,'MKFT0XW9M1I0FQEA01I49-1',8,'9d1859d1-adae-44cd-8d06-d80f272897c6','2024-09-25','loan',NULL,15,'2024-09-25 18:45:16','2024-09-25 18:45:16'),(177,9,50000,'MKFT0XW9M1I0FQEA01I49-2',8,'9d1859e0-8081-4dcc-b3b5-dde8e1ecf167','2024-09-25','stock','September 2024',NULL,'2024-09-25 18:45:26','2024-09-25 18:45:26'),(178,9,15000,'MKFT0XW9M1I0FQEA01I49-3',8,'9d1859ee-12d9-4677-9da6-f7e40aca50eb','2024-09-25','fee','September 2024',NULL,'2024-09-25 18:45:35','2024-09-25 18:45:35'),(179,11,126000,'MKFTOZVQM115UOBJ01NOD-1',8,'9d1891b5-97de-4482-928f-caa1a4f11fb1','2024-09-25','loan',NULL,17,'2024-09-25 21:21:33','2024-09-25 21:21:33'),(180,11,50000,'MKFTOZVQM115UOBJ01NOD-3',8,'9d1891d1-2ca2-4690-8995-13a7ec27249f','2024-09-25','stock','September 2024',NULL,'2024-09-25 21:21:51','2024-09-25 21:21:51'),(181,11,15000,'MKFTOZVQM115UOBJ01NOD-2',8,'9d1891e2-9a36-46fe-bc8e-ae26c0864ebe','2024-09-25','fee','September 2024',NULL,'2024-09-25 21:22:03','2024-09-25 21:22:03'),(182,1,15000,'1922CCEB6EB26A6B-1',8,'9d1992fc-746e-41eb-87a0-e17ec60780a0','2024-09-26','fee','September 2024',NULL,'2024-09-26 09:20:57','2024-09-26 09:20:57'),(183,1,500000,'1922CCEB6EB26A6B',8,'9d19930a-355d-4009-a76f-084e671b14e6','2024-09-26','stock','September 2024',NULL,'2024-09-26 09:21:06','2024-09-26 09:21:06'),(184,12,15000,'410FTM2242710010-3',8,'9d1bd163-c2ac-4478-9407-0e350aafa368','2024-09-27','fee','September 2024',NULL,'2024-09-27 12:07:06','2024-09-27 12:07:06'),(185,12,50000,'410FTM2242710010-2',8,'9d1bd17a-d7de-43f8-b0d5-2134991228ef','2024-09-27','stock','September 2024',NULL,'2024-09-27 12:07:21','2024-09-27 12:07:21'),(186,12,126000,'410FTM2242710010 -1',8,'9d1bd186-d38f-44cd-af71-dd1045e6b42c','2024-09-27','loan',NULL,11,'2024-09-27 12:07:29','2024-09-27 12:07:29'),(187,10,468000,'101AGD324275B5EI',8,'9d24b7b2-d893-4ff9-bef6-61f7334c3ffd','2024-10-01','loan',NULL,13,'2024-10-01 22:17:43','2024-10-01 22:17:43'),(188,10,15000,'101AGD324275B5EI-2',8,'9d24b7c4-5f3a-4db4-9bd9-a0ad8f7591d8','2024-10-01','fee','September 2024',NULL,'2024-10-01 22:17:54','2024-10-01 22:17:54'),(189,10,50000,'101AGD324275B5EI -1',8,'9d24b7cf-ca58-4218-ae68-dc5fa2c6a045','2024-10-01','stock','September 2024',NULL,'2024-10-01 22:18:02','2024-10-01 22:18:02'),(190,13,1500,'MKFT104VM1TEMTCE48399R_4',8,'9d289b54-a03c-4e0b-8fcc-f0e5c43ad2d8','2024-10-03','fee penalty','September 2024',NULL,'2024-10-03 20:41:42','2024-10-03 20:41:42'),(191,13,15000,'MKFT104VM1TEMTCE48399R_3',8,'9d289b6b-6efe-41f1-b17f-25c238c83b44','2024-10-03','fee','September 2024',NULL,'2024-10-03 20:41:57','2024-10-03 20:41:57'),(192,13,1500,'MKFT104VM1TEMTCE48399R_2',8,'9d289b79-2f2b-43c4-a522-0d6d74c705bd','2024-10-03','stock penalty','September 2024',NULL,'2024-10-03 20:42:06','2024-10-03 20:42:06'),(193,13,120000,'MKFT104VM1TEMTCE48399R_1',8,'9d289b89-b6f6-4c68-92b6-5c4633f457bc','2024-10-03','stock','September 2024',NULL,'2024-10-03 20:42:17','2024-10-03 20:42:17'),(194,9,52500,'MKFT104VM1YXZOBC01H0P-2',8,'9d309cab-e79b-4164-aa76-6ce72a378a07','2024-10-07','loan',NULL,19,'2024-10-07 20:12:05','2024-10-07 20:12:05'),(195,9,1050000,'MKFT104VM1YXZOBC01H0P-1',8,'9d309cbd-0ce2-438f-9f1e-852ec4eeb28e','2024-10-07','loan',NULL,19,'2024-10-07 20:12:16','2024-10-07 20:12:16'),(196,8,50000,'101AGD224283E1R2_1',8,'9d358da7-67f8-44c2-b1f0-c13378e8ec9d','2024-10-09','stock','September 2024',NULL,'2024-10-10 07:09:13','2024-10-10 07:09:13'),(197,8,16500,'101AGD224283E1R2_2',8,'9d358dbd-fb63-4a0b-bde6-5c495bcaaf80','2024-10-09','stock penalty','September 2024',NULL,'2024-10-10 07:09:28','2024-10-10 07:09:28'),(198,8,15000,'101AGD224283E1R2_3',8,'9d358dbe-fba8-4494-a353-ea2044c43d34','2024-10-09','fee','September 2024',NULL,'2024-10-10 07:09:29','2024-10-10 07:09:29'),(199,8,8500,'101AGD224283E1R2_4',8,'9d358dd4-6584-4f86-8e53-4f1f4fde843d','2024-10-09','fee penalty','September 2024',NULL,'2024-10-10 07:09:43','2024-10-10 07:09:43');
/*!40000 ALTER TABLE `payments` ENABLE KEYS */;
UNLOCK TABLES;

--
-- Table structure for table `payouts`
--

DROP TABLE IF EXISTS `payouts`;
/*!40101 SET @saved_cs_client     = @@character_set_client */;
/*!50503 SET character_set_client = utf8mb4 */;
CREATE TABLE `payouts` (
  `id` int NOT NULL AUTO_INCREMENT,
  `amount` float NOT NULL,
  `payment_reference` varchar(50) NOT NULL,
  `payment_date` date NOT NULL,
  `bank_account_no` varchar(50) NOT NULL,
  `created_by` int NOT NULL,
  `updated_by` int DEFAULT NULL,
  `uuid` varchar(100) NOT NULL,
  `member_id` int NOT NULL,
  `loan_contract_id` int NOT NULL,
  `created_at` timestamp NOT NULL DEFAULT CURRENT_TIMESTAMP,
  `updated_at` timestamp NOT NULL DEFAULT CURRENT_TIMESTAMP,
  PRIMARY KEY (`id`)
) ENGINE=InnoDB AUTO_INCREMENT=24 DEFAULT CHARSET=utf8mb3;
/*!40101 SET character_set_client = @saved_cs_client */;

--
-- Dumping data for table `payouts`
--

LOCK TABLES `payouts` WRITE;
/*!40000 ALTER TABLE `payouts` DISABLE KEYS */;
INSERT INTO `payouts` VALUES (1,200000,'080257ED28A8','2024-02-08','21110016381',4,NULL,'9b49ad9d-eb8a-4768-96c9-6f737302d862',11,1,'2024-02-08 18:51:17','2024-02-08 18:51:17'),(2,700000,'225IBFT240220511','2024-01-22','23610003247',8,NULL,'9b5fcbef-be42-458b-8906-cf32d8f6a7b0',10,2,'2024-02-19 18:44:16','2024-02-19 18:44:16'),(3,900000,'225IBFT240500537','2024-02-19','20610003342',8,NULL,'9b6103ef-c0d9-4c1a-92c9-c4abe4787d62',8,3,'2024-02-20 09:16:41','2024-02-20 09:16:41'),(4,600000,'225IBFT240720029','2024-03-12','20610003342',8,NULL,'9b8beb39-5d62-4495-a58e-f24727383d24',9,4,'2024-03-12 17:08:11','2024-03-12 17:08:11'),(5,800000,'225IBFT240780021','2024-03-18','23610003247',8,NULL,'9b984f3c-e393-482f-9401-3e741067a080',10,5,'2024-03-18 20:57:47','2024-03-18 20:57:47'),(6,3000000,'225IBOT240970504','2024-04-06','0152200245400',8,NULL,'9bbe292e-6475-4d94-b9d4-76f9aa6d9186',8,6,'2024-04-06 16:32:49','2024-04-06 16:32:49'),(7,200000,'2251BFT241030549','2024-04-12','22510076620',8,NULL,'9bca6198-bb88-459f-9808-58d2f10fc1ca',9,7,'2024-04-12 18:20:30','2024-04-12 18:20:30'),(8,600000,'225IBFT240130512 - 1','2024-01-13','22510027443',8,NULL,'9bca86ae-123a-4f2c-a066-e7b19fcc86aa',13,8,'2024-04-12 20:04:12','2024-04-12 20:04:12'),(9,1020000,'225IBFT240130512 - 2','2024-01-01','22510027443',8,NULL,'9bca873c-ae16-4c84-975e-478713cb153f',13,9,'2024-04-12 20:05:45','2024-04-12 20:05:45'),(10,1000000,'225IBFT241030054','2024-04-12','22510076620',8,NULL,'9bcaae57-f494-49b5-ae37-b50f1986347f',13,10,'2024-04-12 21:55:06','2024-04-12 21:55:06'),(11,700000,'225IBFT241140507','2024-04-23','41010001876',8,NULL,'9bdfeabb-f21a-49d8-b531-c3701df1fdbf',12,11,'2024-04-23 11:16:21','2024-04-23 11:16:21'),(12,1000000,'225IBFT241280568','2024-05-07','21110016381',8,NULL,'9bfcdc6c-5b72-4834-aa1c-97556abc64d7',11,12,'2024-05-07 20:35:21','2024-05-07 20:35:21'),(13,2600000,'225IBFT241500520','2024-05-29','23610003247',8,NULL,'9c288972-a5e6-4356-856d-4fdd3ab2f031',10,13,'2024-05-29 13:39:46','2024-05-29 13:39:46'),(14,1000000,'2251BFT241520075','2024-05-31','41010001876',8,NULL,'9c2d0c8c-9716-4819-ae80-a530e5a5485b',12,14,'2024-05-31 19:29:40','2024-05-31 19:29:40'),(15,1300000,'225IBFT241860056','2024-07-04','20610003342',8,NULL,'9c74d182-c9fa-42f8-aa3a-1f43be3bc45b',9,15,'2024-07-06 11:44:11','2024-07-06 11:44:11'),(16,1000000,'225IBFT241880526','2024-07-06','41010001876',8,NULL,'9c7ac3f0-79f4-46a7-99c6-f79c3322efef',12,16,'2024-07-09 10:41:12','2024-07-09 10:41:12'),(17,350000,'225IBFT241880052','2024-07-06','21110016381',8,NULL,'9c7ac4b3-dddf-43ed-8298-9043e2100872',11,17,'2024-07-09 10:43:20','2024-07-09 10:43:20'),(18,500000,'225IBFT242030520','2024-07-21','21110016381',8,NULL,'9c93457b-0356-49b8-8f8c-7d565804393c',11,18,'2024-07-21 15:03:18','2024-07-21 15:03:18'),(19,1000000,'225IBFT242410026','2024-08-28','20610003342',8,NULL,'9cede2ab-7463-4d09-b27c-358ff3c442d5',9,19,'2024-09-04 16:07:20','2024-09-04 16:07:20'),(20,200000,'225IBFT242240012','2024-08-11','23610003247',8,NULL,'9cede4c6-7e4b-49c6-a757-7beea7239927',10,20,'2024-09-04 16:13:13','2024-09-04 16:13:13'),(21,700000,'225IBFT242610071','2024-09-17','2361003247',8,NULL,'9d0a1c9c-a7fb-4395-8983-12f9040e33c0',10,21,'2024-09-18 16:52:32','2024-09-18 16:52:32'),(22,2000000,'225IBFT242770532','2024-10-03','22510027443',8,NULL,'9d31a5a8-0188-40f1-b5e5-3d9be4c96749',13,22,'2024-10-08 08:33:02','2024-10-08 08:33:02'),(23,200000,'225IBFT242800513','2024-10-06','21110016381',8,NULL,'9d31a61a-2f25-4a85-b53e-139e75eee89e',11,23,'2024-10-08 08:34:16','2024-10-08 08:34:16');
/*!40000 ALTER TABLE `payouts` ENABLE KEYS */;
UNLOCK TABLES;

--
-- Table structure for table `permission_categories`
--

DROP TABLE IF EXISTS `permission_categories`;
/*!40101 SET @saved_cs_client     = @@character_set_client */;
/*!50503 SET character_set_client = utf8mb4 */;
CREATE TABLE `permission_categories` (
  `id` int NOT NULL AUTO_INCREMENT,
  `name` text NOT NULL,
  `description` varchar(100) NOT NULL,
  `created_at` timestamp NOT NULL DEFAULT CURRENT_TIMESTAMP,
  `updated_at` timestamp NOT NULL DEFAULT CURRENT_TIMESTAMP ON UPDATE CURRENT_TIMESTAMP,
  PRIMARY KEY (`id`)
) ENGINE=InnoDB AUTO_INCREMENT=3 DEFAULT CHARSET=utf8mb3;
/*!40101 SET character_set_client = @saved_cs_client */;

--
-- Dumping data for table `permission_categories`
--

LOCK TABLES `permission_categories` WRITE;
/*!40000 ALTER TABLE `permission_categories` DISABLE KEYS */;
INSERT INTO `permission_categories` VALUES (1,'User Permission','User Permissions','2023-02-22 19:51:35','2023-02-22 19:51:35'),(2,'Role Permission','Role Permissions','2023-02-22 19:51:35','2023-02-22 19:51:35');
/*!40000 ALTER TABLE `permission_categories` ENABLE KEYS */;
UNLOCK TABLES;

--
-- Table structure for table `permissions`
--

DROP TABLE IF EXISTS `permissions`;
/*!40101 SET @saved_cs_client     = @@character_set_client */;
/*!50503 SET character_set_client = utf8mb4 */;
CREATE TABLE `permissions` (
  `id` bigint unsigned NOT NULL AUTO_INCREMENT,
  `name` varchar(255) CHARACTER SET utf8mb4 COLLATE utf8mb4_unicode_ci NOT NULL,
  `description` varchar(255) CHARACTER SET utf8mb4 COLLATE utf8mb4_unicode_ci DEFAULT NULL,
  `guard_name` varchar(255) CHARACTER SET utf8mb4 COLLATE utf8mb4_unicode_ci NOT NULL,
  `created_at` timestamp NULL DEFAULT NULL,
  `updated_at` timestamp NULL DEFAULT NULL,
  PRIMARY KEY (`id`),
  UNIQUE KEY `permissions_name_guard_name_unique` (`name`,`guard_name`)
) ENGINE=InnoDB AUTO_INCREMENT=3 DEFAULT CHARSET=utf8mb4 COLLATE=utf8mb4_unicode_ci;
/*!40101 SET character_set_client = @saved_cs_client */;

--
-- Dumping data for table `permissions`
--

LOCK TABLES `permissions` WRITE;
/*!40000 ALTER TABLE `permissions` DISABLE KEYS */;
INSERT INTO `permissions` VALUES (1,'Create Member','Ability to create member','Web','2024-01-23 04:18:35','2024-01-23 04:18:35'),(2,'Approve Payment','Ability to approve payment','Web','2024-01-23 04:18:55','2024-01-23 04:18:55');
/*!40000 ALTER TABLE `permissions` ENABLE KEYS */;
UNLOCK TABLES;

--
-- Table structure for table `personal_access_tokens`
--

DROP TABLE IF EXISTS `personal_access_tokens`;
/*!40101 SET @saved_cs_client     = @@character_set_client */;
/*!50503 SET character_set_client = utf8mb4 */;
CREATE TABLE `personal_access_tokens` (
  `id` bigint unsigned NOT NULL AUTO_INCREMENT,
  `tokenable_type` varchar(255) CHARACTER SET utf8mb4 COLLATE utf8mb4_unicode_ci NOT NULL,
  `tokenable_id` bigint unsigned NOT NULL,
  `name` varchar(255) CHARACTER SET utf8mb4 COLLATE utf8mb4_unicode_ci NOT NULL,
  `token` varchar(64) CHARACTER SET utf8mb4 COLLATE utf8mb4_unicode_ci NOT NULL,
  `abilities` text CHARACTER SET utf8mb4 COLLATE utf8mb4_unicode_ci,
  `last_used_at` timestamp NULL DEFAULT NULL,
  `expires_at` timestamp NULL DEFAULT NULL,
  `created_at` timestamp NULL DEFAULT NULL,
  `updated_at` timestamp NULL DEFAULT NULL,
  PRIMARY KEY (`id`),
  UNIQUE KEY `personal_access_tokens_token_unique` (`token`),
  KEY `personal_access_tokens_tokenable_type_tokenable_id_index` (`tokenable_type`,`tokenable_id`)
) ENGINE=InnoDB DEFAULT CHARSET=utf8mb4 COLLATE=utf8mb4_unicode_ci;
/*!40101 SET character_set_client = @saved_cs_client */;

--
-- Dumping data for table `personal_access_tokens`
--

LOCK TABLES `personal_access_tokens` WRITE;
/*!40000 ALTER TABLE `personal_access_tokens` DISABLE KEYS */;
/*!40000 ALTER TABLE `personal_access_tokens` ENABLE KEYS */;
UNLOCK TABLES;

--
-- Table structure for table `role_has_permissions`
--

DROP TABLE IF EXISTS `role_has_permissions`;
/*!40101 SET @saved_cs_client     = @@character_set_client */;
/*!50503 SET character_set_client = utf8mb4 */;
CREATE TABLE `role_has_permissions` (
  `permission_id` bigint unsigned NOT NULL,
  `role_id` bigint unsigned NOT NULL,
  PRIMARY KEY (`permission_id`,`role_id`),
  KEY `role_has_permissions_role_id_foreign` (`role_id`)
) ENGINE=InnoDB DEFAULT CHARSET=utf8mb4 COLLATE=utf8mb4_unicode_ci;
/*!40101 SET character_set_client = @saved_cs_client */;

--
-- Dumping data for table `role_has_permissions`
--

LOCK TABLES `role_has_permissions` WRITE;
/*!40000 ALTER TABLE `role_has_permissions` DISABLE KEYS */;
/*!40000 ALTER TABLE `role_has_permissions` ENABLE KEYS */;
UNLOCK TABLES;

--
-- Table structure for table `roles`
--

DROP TABLE IF EXISTS `roles`;
/*!40101 SET @saved_cs_client     = @@character_set_client */;
/*!50503 SET character_set_client = utf8mb4 */;
CREATE TABLE `roles` (
  `id` bigint unsigned NOT NULL AUTO_INCREMENT,
  `name` varchar(255) CHARACTER SET utf8mb4 COLLATE utf8mb4_unicode_ci NOT NULL,
  `description` varchar(100) CHARACTER SET utf8mb4 COLLATE utf8mb4_unicode_ci DEFAULT NULL,
  `uuid` varchar(100) CHARACTER SET utf8mb4 COLLATE utf8mb4_unicode_ci DEFAULT NULL,
  `guard_name` varchar(255) CHARACTER SET utf8mb4 COLLATE utf8mb4_unicode_ci NOT NULL,
  `created_at` timestamp NULL DEFAULT NULL,
  `updated_at` timestamp NULL DEFAULT NULL,
  PRIMARY KEY (`id`),
  UNIQUE KEY `roles_name_guard_name_unique` (`name`,`guard_name`)
) ENGINE=InnoDB AUTO_INCREMENT=4 DEFAULT CHARSET=utf8mb4 COLLATE=utf8mb4_unicode_ci;
/*!40101 SET character_set_client = @saved_cs_client */;

--
-- Dumping data for table `roles`
--

LOCK TABLES `roles` WRITE;
/*!40000 ALTER TABLE `roles` DISABLE KEYS */;
INSERT INTO `roles` VALUES (1,'Super Admin',NULL,NULL,'web','2023-03-28 15:53:40','2023-03-28 15:53:40'),(2,'Admin',NULL,NULL,'web','2023-03-28 15:54:01','2023-03-28 15:54:01'),(3,'Member',NULL,NULL,'web','2023-03-28 17:11:51','2023-03-28 17:11:51');
/*!40000 ALTER TABLE `roles` ENABLE KEYS */;
UNLOCK TABLES;

--
-- Table structure for table `stock_past_due`
--

DROP TABLE IF EXISTS `stock_past_due`;
/*!40101 SET @saved_cs_client     = @@character_set_client */;
/*!50503 SET character_set_client = utf8mb4 */;
CREATE TABLE `stock_past_due` (
  `id` int NOT NULL AUTO_INCREMENT,
  `member_id` int NOT NULL,
  `stock_for_month` varchar(100) NOT NULL,
  `past_due_days` int NOT NULL DEFAULT '0',
  `penalty` float NOT NULL,
  `penalty_paid` float NOT NULL DEFAULT '0',
  `paid_status` tinyint(1) NOT NULL DEFAULT '0',
  `outstanding_amount` float NOT NULL DEFAULT '0',
  `current_balance` float NOT NULL DEFAULT '0',
  `last_paid_amount` float NOT NULL DEFAULT '0',
  `payment_id` int DEFAULT NULL,
  `uuid` varchar(100) NOT NULL,
  `created_at` timestamp NOT NULL DEFAULT CURRENT_TIMESTAMP,
  `updated_at` timestamp NOT NULL DEFAULT CURRENT_TIMESTAMP ON UPDATE CURRENT_TIMESTAMP,
  PRIMARY KEY (`id`)
) ENGINE=InnoDB AUTO_INCREMENT=14 DEFAULT CHARSET=utf8mb3;
/*!40101 SET character_set_client = @saved_cs_client */;

--
-- Dumping data for table `stock_past_due`
--

LOCK TABLES `stock_past_due` WRITE;
/*!40000 ALTER TABLE `stock_past_due` DISABLE KEYS */;
INSERT INTO `stock_past_due` VALUES (2,13,'January 2024',28,42000,42000,1,0,42000,81000,66,'9b785ee0-94c7-46d6-a0fa-bee78fc06745','2024-02-03 11:35:01','2024-04-12 21:22:12'),(3,13,'February 2024',26,39000,39000,1,0,39000,39000,66,'9baaaa90-b865-4233-8ed3-c20d7b3c626c','2024-03-03 23:55:01','2024-04-12 21:22:12'),(6,11,'April 2024',4,6000,6000,1,0,6000,6000,76,'9bf91ef0-8496-448a-ba00-f18e6a5facb7','2024-05-01 23:58:04','2024-05-06 18:26:56'),(7,13,'April 2024',23,34500,34500,1,0,34500,4500,100,'9c1f57a4-70d8-493c-ab26-6430eaf3d95d','2024-05-01 23:58:04','2024-05-27 13:07:24'),(8,9,'May 2024',1,1500,1500,1,0,1500,1500,130,'9c31727e-d14a-42c2-b258-0d5264159fe1','2024-06-01 23:58:04','2024-07-14 16:26:56'),(9,11,'May 2024',25,37500,37500,1,0,37500,37500,121,'9c61a2a6-bb62-4c27-a41f-5279ce04aa8f','2024-06-01 23:58:04','2024-06-26 23:03:31'),(10,8,'June 2024',4,6000,6000,1,0,6000,16500,197,'9c73d4f9-4b34-4b6f-8c41-08be28a1ad45','2024-07-02 23:58:03','2024-10-10 07:09:28'),(11,13,'August 2024',4,6000,6000,1,0,6000,6000,175,'9cf08dff-1aab-4fd1-945a-fbf2474e285e','2024-09-02 23:58:04','2024-09-11 18:02:18'),(12,8,'September 2024',8,12000,10500,0,1500,10500,10500,197,'9d34f374-021c-4064-bb22-2050ca246205','2024-10-02 23:58:02','2024-10-10 07:09:28'),(13,13,'September 2024',1,1500,1500,1,0,1500,1500,192,'9d26de8f-ab5f-42f2-9823-589bb5e04bc0','2024-10-02 23:58:02','2024-10-03 20:42:06');
/*!40000 ALTER TABLE `stock_past_due` ENABLE KEYS */;
UNLOCK TABLES;

--
-- Table structure for table `users`
--

DROP TABLE IF EXISTS `users`;
/*!40101 SET @saved_cs_client     = @@character_set_client */;
/*!50503 SET character_set_client = utf8mb4 */;
CREATE TABLE `users` (
  `id` bigint unsigned NOT NULL AUTO_INCREMENT,
  `name` varchar(255) CHARACTER SET utf8mb4 COLLATE utf8mb4_unicode_ci NOT NULL,
  `email` varchar(255) CHARACTER SET utf8mb4 COLLATE utf8mb4_unicode_ci NOT NULL,
  `phone_number` varchar(20) CHARACTER SET utf8mb4 COLLATE utf8mb4_unicode_ci NOT NULL,
  `email_verified_at` timestamp NULL DEFAULT NULL,
  `password` varchar(255) CHARACTER SET utf8mb4 COLLATE utf8mb4_unicode_ci NOT NULL,
  `remember_token` varchar(100) CHARACTER SET utf8mb4 COLLATE utf8mb4_unicode_ci DEFAULT NULL,
  `status` varchar(10) CHARACTER SET utf8mb4 COLLATE utf8mb4_unicode_ci NOT NULL DEFAULT 'Active',
  `password_change_status` int NOT NULL DEFAULT '0',
  `password_change_date` date DEFAULT NULL,
  `uuid` varchar(100) CHARACTER SET utf8mb4 COLLATE utf8mb4_unicode_ci NOT NULL,
  `member_id` int NOT NULL,
  `created_at` timestamp NULL DEFAULT NULL,
  `updated_at` timestamp NULL DEFAULT NULL,
  PRIMARY KEY (`id`),
  UNIQUE KEY `users_email_unique` (`email`)
) ENGINE=InnoDB AUTO_INCREMENT=10 DEFAULT CHARSET=utf8mb4 COLLATE=utf8mb4_unicode_ci;
/*!40101 SET character_set_client = @saved_cs_client */;

--
-- Dumping data for table `users`
--

LOCK TABLES `users` WRITE;
/*!40000 ALTER TABLE `users` DISABLE KEYS */;
INSERT INTO `users` VALUES (1,'Luhangano Lupenza','lupenza10@gmail.com','255683130185','2023-05-23 20:27:53','$2y$10$qPyWP.e56HYzioPzxJz4VOA9efzt5sgO2nMzvp/q8i3UygXhZNIiW',NULL,'Active',1,'2023-12-21','9ae64647-aa98-47de-b3a3-64024fffd158',1,NULL,NULL),(4,'Noel Sumbe','noelsumbe@gmail.com','255713510645',NULL,'$2y$10$x2XxCO3uF6QFpwMyf4HP1uQufkh/RWb3dIlbZ3Xo6RqPGFZhQFeSe',NULL,'Active',1,'2024-01-25','9b2d525f-beb2-43a8-a9ef-e0f06c6f1cb8',8,'2024-01-25 13:32:58','2024-01-25 13:33:53'),(5,'Lazaro Lazaro','lazaroisaac36@gmail.com','255627322093',NULL,'$2y$10$ol60HI9Kcm9W55ka6ni9Fe9Hk80KZA6oyzjM17ajYD0A8GcNcbrju',NULL,'Active',1,'2024-01-25','9b2d5fe0-0495-4b10-baae-74901af5c28a',9,'2024-01-25 14:10:43','2024-01-25 15:08:34'),(6,'Dickson Fissoo','fissoonamson98@gmail.com','255788581698',NULL,'$2y$10$SLsQPPZhvy90yljASG0.kOugE/vC3bouPiO5OfdDeR5ZLq//SmrXm',NULL,'Active',1,'2024-01-25','9b2d8fbf-9ee7-4dd7-8124-e45fbc53f172',10,'2024-01-25 16:24:35','2024-01-25 16:39:11'),(7,'Frank Daniel','Kessyfra@gmail.com','255684469338',NULL,'$2y$10$aCW0vy.o08Q2R7.oyjPjc.CZJ7g.L7F5D5.sS2m6DFdGL3CooIp/W',NULL,'Active',1,'2024-01-27','9b2ebcd9-6f7e-4bf7-862e-d7058663316b',11,'2024-01-26 06:26:31','2024-01-27 10:21:07'),(8,'Fortunatus Shao','fortunatus.edes@gmail.com','255658840898',NULL,'$2y$10$bVMEIKH/AaA7.quJJYI9yeJWBRMjBcQFVa6/GCNVhyGBw2JqaIAAu',NULL,'Active',1,'2024-01-31','9b395084-bfbe-4910-8e17-6c26f6ef2ed5',12,'2024-01-31 12:37:43','2024-01-31 13:43:06'),(9,'Amedeus Kimaro','amedeusraphael.ar@gmail.com','255785122441',NULL,'$2y$10$tYX5ni5xsyekE0uCdpUqaeNKoo/QEaBAZ3tYglRarGZdOAz6GeR.q',NULL,'Active',1,'2024-01-31','9b3951b5-fc26-4b9a-9b16-e699436ab3e3',13,'2024-01-31 12:41:03','2024-01-31 12:56:01');
/*!40000 ALTER TABLE `users` ENABLE KEYS */;
UNLOCK TABLES;
/*!40103 SET TIME_ZONE=@OLD_TIME_ZONE */;

/*!40101 SET SQL_MODE=@OLD_SQL_MODE */;
/*!40014 SET FOREIGN_KEY_CHECKS=@OLD_FOREIGN_KEY_CHECKS */;
/*!40014 SET UNIQUE_CHECKS=@OLD_UNIQUE_CHECKS */;
/*!40101 SET CHARACTER_SET_CLIENT=@OLD_CHARACTER_SET_CLIENT */;
/*!40101 SET CHARACTER_SET_RESULTS=@OLD_CHARACTER_SET_RESULTS */;
/*!40101 SET COLLATION_CONNECTION=@OLD_COLLATION_CONNECTION */;
/*!40111 SET SQL_NOTES=@OLD_SQL_NOTES */;

-- Dump completed on 2024-10-13 19:58:01
